{"type": "FeatureCollection", "features": [{"type": "Feature", "properties": {}, "geometry": {"type": "Polygon", "coordinates": [[[73.080251, 8.326507], [73.069524, 8.304308], [73.066384, 8.281589], [73.048122, 8.263931], [73.020148, 8.268029], [73.017345, 8.277248], [73.021749, 8.272331], [73.038652, 8.273194], [73.055024, 8.28323], [73.080251, 8.326507]], [[73.06481, 8.293756], [73.064808, 8.293608], [73.065142, 8.294459], [73.065828, 8.295506], [73.066169, 8.297728], [73.066735, 8.299942], [73.067472, 8.302121], [73.068009, 8.304353], [73.06894, 8.306456], [73.069551, 8.308663], [73.070263, 8.310841], [73.071244, 8.312837], [73.072443, 8.314803], [73.073793, 8.316657], [73.074975, 8.318603], [73.075889, 8.320682], [73.077044, 8.322642], [73.0769, 8.324452], [73.076792, 8.324372], [73.075589, 8.32302], [73.074813, 8.321772], [73.07401, 8.319945], [73.072731, 8.317599], [73.069246, 8.311464], [73.068293, 8.309592], [73.066138, 8.303986], [73.065812, 8.302435], [73.065386, 8.301138], [73.065313, 8.300338], [73.065236, 8.29956], [73.065313, 8.29881], [73.065386, 8.298132], [73.065159, 8.296834], [73.064838, 8.294958], [73.06481, 8.293756]], [[73.667248, 10.818646], [73.700919, 10.8154], [73.670918, 10.805077], [73.658982, 10.812075], [73.659864, 10.817472], [73.667248, 10.818646]], [[72.643383, 10.579435], [72.650089, 10.573224], [72.648928, 10.564649], [72.616442, 10.543278], [72.639857, 10.580353], [72.643383, 10.579435]], [[72.761333, 11.183934], [72.778711, 11.243689], [72.78946, 11.261491], [72.761333, 11.183934]], [[72.203548, 10.879613], [72.202087, 10.870451], [72.169373, 10.819281], [72.187414, 10.85038], [72.193921, 10.872419], [72.203548, 10.879613]], [[72.719507, 11.115041], [72.7178, 11.128366], [72.732919, 11.137465], [72.730472, 11.126762], [72.719507, 11.115041]], [[73.646934, 10.073536], [73.643841, 10.058117], [73.638875, 10.059636], [73.634195, 10.072374], [73.643304, 10.077396], [73.650388, 10.103066], [73.646934, 10.073536]], [[73.007637, 11.470846], [72.998785, 11.499516], [73.009178, 11.488678], [73.011076, 11.474287], [73.007637, 11.470846]], [[72.711474, 11.687571], [72.70476, 11.684229], [72.715748, 11.704976], [72.716626, 11.695778], [72.711474, 11.687571]], [[72.288118, 10.947617], [72.292747, 10.947175], [72.288823, 10.945348], [72.292004, 10.938054], [72.288803, 10.936782], [72.283959, 10.938639], [72.288118, 10.947617]], [[73.659538, 10.155315], [73.663383, 10.14226], [73.659194, 10.130345], [73.659538, 10.155315]], [[72.324777, 10.951413], [72.314656, 10.94469], [72.316306, 10.950743], [72.324777, 10.951413]], [[72.331591, 10.131251], [72.326623, 10.130952], [72.327361, 10.13982], [72.331591, 10.131251]], [[72.283227, 10.042214], [72.28294, 10.042155], [72.282694, 10.042272], [72.282593, 10.042458], [72.282602, 10.042647], [72.282739, 10.042941], [72.283131, 10.043543], [72.283395, 10.043995], [72.283546, 10.044469], [72.283664, 10.044881], [72.283965, 10.045889], [72.284124, 10.046147], [72.284498, 10.046875], [72.284785, 10.047444], [72.285045, 10.04777], [72.285524, 10.04843], [72.28624, 10.048995], [72.286677, 10.049447], [72.286914, 10.049872], [72.287051, 10.050076], [72.287557, 10.050578], [72.287949, 10.050894], [72.288045, 10.050939], [72.288054, 10.050966], [72.28912, 10.053968], [72.289513, 10.054199], [72.289809, 10.054276], [72.289736, 10.053711], [72.288975, 10.052074], [72.288601, 10.050826], [72.288702, 10.04924], [72.288679, 10.049045], [72.288556, 10.048824], [72.288506, 10.04858], [72.288433, 10.048236], [72.288383, 10.04787], [72.28821, 10.04731], [72.287964, 10.046699], [72.287618, 10.046356], [72.287198, 10.045795], [72.286733, 10.045085], [72.286287, 10.044182], [72.286287, 10.044181], [72.285653, 10.043566], [72.285124, 10.043213], [72.284212, 10.04244], [72.284158, 10.042427], [72.284135, 10.042422], [72.283615, 10.042359], [72.283227, 10.042214]], [[72.189646, 11.600132], [72.189679, 11.599897], [72.189523, 11.599811], [72.189041, 11.599784], [72.188688, 11.599811], [72.188106, 11.599857], [72.187671, 11.599839], [72.187148, 11.599784], [72.186383, 11.599717], [72.185961, 11.599758], [72.185732, 11.599898], [72.185704, 11.600038], [72.18569, 11.600273], [72.185649, 11.60068], [72.185603, 11.600915], [72.185507, 11.60133], [72.185223, 11.601792], [72.184815, 11.60228], [72.184572, 11.602547], [72.184504, 11.602714], [72.184572, 11.60284], [72.184701, 11.602935], [72.184815, 11.603021], [72.185012, 11.603062], [72.185297, 11.603089], [72.185549, 11.603116], [72.185833, 11.603061], [72.186452, 11.602768], [72.186519, 11.602738], [72.186642, 11.602683], [72.186979, 11.602532], [72.187598, 11.602266], [72.188134, 11.601958], [72.188473, 11.601723], [72.18873, 11.601429], [72.18928, 11.60072], [72.189463, 11.600439], [72.189646, 11.600132]], [[73.014843, 8.300581], [73.013575, 8.300373], [73.01178, 8.300754], [73.012589, 8.301963], [73.013817, 8.303731], [73.014755, 8.303388], [73.015186, 8.302439], [73.015283, 8.301711], [73.015277, 8.300925], [73.014843, 8.300581]], [[72.168001, 10.816049], [72.1679, 10.815868], [72.16774, 10.815502], [72.167658, 10.815087], [72.16774, 10.814829], [72.167818, 10.814707], [72.167969, 10.814562], [72.168151, 10.814413], [72.168261, 10.814291], [72.168321, 10.814133], [72.168238, 10.814015], [72.168138, 10.813934], [72.167937, 10.813875], [72.167879, 10.813869], [72.167863, 10.813867], [72.167767, 10.813857], [72.167498, 10.813835], [72.167228, 10.813826], [72.166986, 10.813825], [72.166643, 10.813816], [72.166282, 10.813866], [72.165742, 10.813866], [72.165322, 10.813875], [72.164649, 10.813808], [72.164398, 10.813826], [72.164215, 10.813925], [72.164115, 10.814043], [72.164028, 10.814233], [72.164137, 10.814522], [72.164375, 10.814739], [72.164718, 10.815028], [72.165121, 10.815344], [72.165633, 10.81562], [72.165921, 10.815801], [72.166474, 10.815927], [72.166693, 10.815959], [72.166917, 10.81595], [72.167205, 10.815968], [72.167438, 10.816067], [72.167617, 10.816198], [72.167827, 10.816316], [72.167987, 10.816357], [72.16807, 10.816298], [72.168069, 10.816235], [72.168001, 10.816049]], [[72.337306, 10.105306], [72.33664, 10.104329], [72.336617, 10.104352], [72.336271, 10.103511], [72.335582, 10.102168], [72.334848, 10.101278], [72.334437, 10.100871], [72.334182, 10.100939], [72.334364, 10.101486], [72.33524, 10.102575], [72.33565, 10.103646], [72.336111, 10.104758], [72.336476, 10.106011], [72.335974, 10.10715], [72.335928, 10.107511], [72.336384, 10.107602], [72.336708, 10.107308], [72.337141, 10.106829], [72.337557, 10.106445], [72.337557, 10.106033], [72.337306, 10.105306]], [[73.627226, 10.074838], [73.627349, 10.074743], [73.627755, 10.074928], [73.627974, 10.074743], [73.627632, 10.074277], [73.627349, 10.074029], [73.627099, 10.073626], [73.626351, 10.073287], [73.625817, 10.073224], [73.625443, 10.073595], [73.625347, 10.073938], [73.62563, 10.074246], [73.626196, 10.074743], [73.626506, 10.075055], [73.62688, 10.075362], [73.627258, 10.075457], [73.627509, 10.075394], [73.627728, 10.075272], [73.627632, 10.075114], [73.627258, 10.07496], [73.627226, 10.074838]], [[72.332438, 10.953019], [72.332026, 10.95287], [72.331715, 10.952599], [72.33134, 10.952301], [72.331116, 10.951952], [72.330947, 10.951731], [72.330713, 10.951659], [72.330476, 10.951681], [72.330201, 10.951776], [72.330018, 10.951934], [72.329982, 10.951943], [72.329986, 10.951943], [72.329771, 10.952282], [72.329593, 10.952585], [72.329602, 10.952743], [72.329753, 10.952788], [72.330201, 10.952807], [72.330434, 10.952829], [72.330649, 10.952883], [72.330882, 10.952956], [72.331097, 10.953155], [72.331546, 10.953494], [72.332067, 10.953828], [72.332355, 10.953937], [72.332725, 10.953892], [72.332844, 10.953779], [72.332854, 10.953639], [72.332684, 10.953336], [72.332588, 10.953145], [72.332566, 10.953101], [72.332438, 10.953019]], [[72.334541, 10.957467], [72.334234, 10.957309], [72.333836, 10.9573], [72.333612, 10.95749], [72.333539, 10.957847], [72.333571, 10.958218], [72.333612, 10.958746], [72.333594, 10.959167], [72.333507, 10.959483], [72.33342, 10.959659], [72.333315, 10.959894], [72.333305, 10.959894], [72.333292, 10.960157], [72.333401, 10.960346], [72.333548, 10.960378], [72.333699, 10.960306], [72.333868, 10.960062], [72.334124, 10.959723], [72.334444, 10.959438], [72.334659, 10.958923], [72.334778, 10.958588], [72.334765, 10.958114], [72.334724, 10.957702], [72.334703, 10.957676], [72.334541, 10.957467]], [[72.334107, 10.956247], [72.334061, 10.955931], [72.333946, 10.955583], [72.333901, 10.955203], [72.333828, 10.954846], [72.333677, 10.954516], [72.333466, 10.954285], [72.333293, 10.95415], [72.333276, 10.95415], [72.333133, 10.95415], [72.333036, 10.954276], [72.333059, 10.954484], [72.333178, 10.954751], [72.333164, 10.954972], [72.333036, 10.955148], [72.332899, 10.955234], [72.332794, 10.955275], [72.332762, 10.955275], [72.332492, 10.955329], [72.33225, 10.955456], [72.332108, 10.955582], [72.332172, 10.955844], [72.332249, 10.956025], [72.332378, 10.95612], [72.332547, 10.956192], [72.332794, 10.95612], [72.333091, 10.956057], [72.333379, 10.956025], [72.333539, 10.956034], [72.333691, 10.956171], [72.333786, 10.956256], [72.333787, 10.956257], [72.333788, 10.956258], [72.333859, 10.95636], [72.334029, 10.956373], [72.334107, 10.956247]], [[73.633665, 10.072637], [73.633072, 10.07251], [73.632853, 10.072822], [73.632801, 10.073275], [73.633064, 10.073454], [73.633428, 10.073468], [73.633603, 10.073468], [73.633864, 10.073416], [73.633948, 10.073319], [73.63398, 10.072944], [73.633665, 10.072637]], [[73.632417, 10.070372], [73.632107, 10.069906], [73.631669, 10.069906], [73.631541, 10.070123], [73.631605, 10.07053], [73.631957, 10.070939], [73.632043, 10.070991], [73.632198, 10.071086], [73.632325, 10.070991], [73.632385, 10.070716], [73.632417, 10.070372]], [[73.630031, 10.069337], [73.629721, 10.069305], [73.62958, 10.069504], [73.629594, 10.069721], [73.629753, 10.069816], [73.629863, 10.069879], [73.630063, 10.069938], [73.630314, 10.06997], [73.630706, 10.069988], [73.630925, 10.069784], [73.630848, 10.069631], [73.630487, 10.069396], [73.630031, 10.069337]], [[73.651712, 10.10972], [73.651493, 10.10967], [73.651255, 10.109842], [73.651132, 10.110168], [73.651164, 10.110448], [73.651306, 10.110633], [73.651306, 10.110633], [73.651538, 10.110615], [73.651693, 10.110461], [73.651803, 10.110308], [73.651835, 10.110014], [73.651712, 10.10972]], [[73.630156, 10.074281], [73.629973, 10.074126], [73.62986, 10.07414], [73.62979, 10.074167], [73.629733, 10.074293], [73.629737, 10.074348], [73.629746, 10.074461], [73.629816, 10.074629], [73.630027, 10.074826], [73.630196, 10.074925], [73.630322, 10.074967], [73.630421, 10.074953], [73.630464, 10.074828], [73.630409, 10.074618], [73.630325, 10.07445], [73.630156, 10.074281]], [[73.013203, 8.303218], [73.013117, 8.303187], [73.01304, 8.303187], [73.013012, 8.303214], [73.013008, 8.303218], [73.012863, 8.30334], [73.012853, 8.303476], [73.012935, 8.30358], [73.01308, 8.303621], [73.013162, 8.303598], [73.013253, 8.303508], [73.013235, 8.303381], [73.013235, 8.3033], [73.013203, 8.303218]]]}}, {"type": "Feature", "properties": {}, "geometry": {"type": "Polygon", "coordinates": [[[92.901238, 12.910712], [92.903712, 12.914451], [92.91141, 12.90847], [92.922188, 12.915323], [92.920888, 12.909645], [92.909728, 12.903168], [92.910028, 12.897458], [92.912608, 12.899741], [92.905867, 12.88655], [92.913805, 12.889439], [92.924317, 12.883743], [92.925949, 12.858224], [92.939754, 12.855104], [92.937554, 12.843695], [92.920952, 12.830274], [92.925217, 12.826902], [92.928584, 12.830568], [92.931857, 12.820735], [92.936454, 12.820143], [92.932214, 12.833578], [92.941969, 12.831959], [92.942256, 12.837406], [92.946378, 12.836949], [92.942673, 12.825829], [92.952198, 12.807972], [92.947387, 12.793102], [92.933545, 12.783889], [92.932389, 12.775167], [92.930294, 12.780301], [92.926191, 12.774527], [92.938673, 12.76656], [92.948001, 12.770077], [92.947291, 12.762019], [92.960223, 12.754394], [92.967612, 12.740007], [92.962352, 12.726655], [92.965585, 12.717916], [92.973035, 12.720149], [92.979322, 12.709516], [92.965175, 12.711842], [92.969853, 12.712462], [92.96398, 12.708231], [92.963549, 12.700993], [92.956476, 12.697026], [92.964902, 12.69368], [92.956267, 12.624742], [92.945974, 12.630719], [92.941191, 12.626313], [92.953098, 12.599998], [92.951602, 12.611812], [92.954403, 12.610259], [92.956767, 12.619969], [92.954659, 12.602411], [92.960336, 12.583751], [92.954199, 12.572001], [92.959217, 12.575625], [92.96216, 12.572811], [92.973853, 12.542643], [92.972515, 12.530908], [92.961441, 12.521015], [92.963196, 12.513545], [92.949466, 12.505448], [92.96854, 12.496389], [92.959528, 12.486652], [92.945779, 12.499649], [92.936243, 12.481423], [92.92705, 12.490379], [92.932494, 12.484707], [92.931294, 12.477821], [92.925969, 12.476878], [92.933587, 12.471317], [92.932494, 12.467493], [92.920924, 12.466035], [92.916046, 12.473752], [92.920351, 12.482902], [92.913754, 12.486814], [92.919886, 12.48311], [92.919346, 12.47627], [92.906524, 12.4774], [92.913757, 12.475803], [92.905579, 12.470645], [92.907663, 12.467211], [92.914868, 12.477643], [92.921439, 12.464828], [92.942031, 12.467127], [92.950355, 12.475889], [92.957378, 12.47293], [92.955947, 12.466881], [92.943103, 12.460786], [92.944639, 12.456438], [92.937818, 12.448067], [92.930404, 12.449242], [92.916949, 12.442606], [92.91229, 12.450619], [92.914693, 12.444414], [92.908064, 12.443884], [92.908918, 12.437981], [92.910591, 12.44444], [92.922374, 12.435147], [92.914642, 12.406679], [92.910554, 12.406014], [92.905616, 12.407346], [92.907907, 12.420969], [92.890843, 12.436557], [92.896916, 12.438488], [92.890577, 12.436833], [92.884328, 12.441753], [92.898427, 12.452317], [92.88538, 12.459821], [92.888022, 12.464066], [92.884856, 12.460276], [92.895569, 12.454332], [92.895866, 12.449299], [92.885589, 12.449367], [92.888084, 12.447108], [92.883484, 12.442454], [92.877001, 12.444852], [92.886094, 12.456477], [92.878566, 12.458053], [92.883012, 12.466524], [92.878792, 12.466905], [92.880012, 12.471364], [92.877913, 12.458052], [92.88527, 12.456303], [92.880955, 12.451931], [92.87598, 12.456088], [92.880895, 12.450324], [92.875448, 12.446596], [92.867904, 12.453984], [92.871774, 12.458126], [92.867281, 12.454271], [92.868652, 12.446151], [92.855514, 12.456754], [92.855589, 12.463932], [92.863801, 12.458995], [92.859143, 12.467133], [92.863032, 12.458317], [92.856599, 12.464756], [92.853818, 12.462427], [92.854871, 12.471502], [92.853357, 12.45736], [92.843068, 12.470756], [92.835571, 12.501212], [92.837406, 12.493315], [92.822359, 12.500253], [92.83675, 12.491238], [92.835469, 12.486576], [92.832743, 12.489247], [92.824493, 12.482874], [92.815705, 12.486725], [92.824518, 12.48226], [92.833854, 12.488456], [92.842269, 12.479303], [92.840405, 12.471434], [92.84072, 12.476379], [92.833295, 12.481505], [92.833443, 12.475382], [92.825477, 12.471982], [92.830507, 12.474531], [92.833132, 12.469471], [92.830067, 12.471683], [92.834674, 12.480149], [92.843755, 12.465549], [92.839279, 12.464422], [92.844169, 12.465269], [92.862616, 12.44528], [92.883255, 12.436521], [92.877944, 12.431948], [92.872459, 12.433854], [92.874667, 12.431283], [92.883605, 12.436418], [92.887565, 12.433442], [92.898715, 12.417374], [92.895779, 12.41548], [92.88553, 12.422043], [92.88853, 12.426319], [92.885076, 12.425482], [92.884668, 12.431252], [92.884637, 12.424517], [92.873945, 12.413572], [92.870778, 12.421337], [92.858238, 12.426546], [92.859464, 12.43681], [92.856148, 12.422917], [92.850803, 12.429026], [92.851147, 12.424373], [92.845743, 12.423449], [92.838098, 12.429276], [92.841574, 12.437445], [92.836452, 12.437323], [92.835878, 12.443597], [92.833332, 12.438569], [92.828738, 12.441981], [92.840785, 12.437187], [92.835385, 12.430697], [92.816212, 12.436562], [92.810638, 12.442849], [92.816674, 12.444651], [92.811985, 12.448314], [92.818089, 12.449042], [92.815681, 12.454578], [92.817643, 12.44908], [92.811344, 12.448872], [92.81623, 12.444773], [92.8101, 12.442723], [92.819434, 12.434971], [92.80385, 12.441095], [92.79576, 12.437888], [92.799415, 12.464645], [92.785636, 12.474703], [92.790606, 12.480764], [92.786489, 12.483883], [92.790367, 12.481273], [92.78528, 12.474588], [92.790788, 12.469083], [92.771729, 12.47106], [92.781637, 12.468393], [92.778239, 12.460139], [92.781465, 12.469346], [92.798079, 12.464055], [92.79529, 12.449549], [92.789016, 12.452577], [92.794839, 12.453899], [92.791293, 12.460288], [92.794361, 12.454055], [92.788915, 12.453368], [92.787191, 12.446714], [92.790061, 12.44986], [92.793451, 12.446247], [92.792527, 12.436247], [92.787121, 12.437078], [92.80488, 12.438747], [92.829512, 12.428257], [92.826582, 12.419145], [92.82079, 12.425945], [92.814848, 12.424888], [92.829364, 12.419706], [92.825938, 12.416072], [92.831295, 12.418176], [92.833819, 12.410478], [92.825238, 12.4095], [92.822514, 12.41402], [92.817303, 12.410592], [92.815632, 12.416987], [92.810964, 12.410664], [92.804039, 12.41173], [92.799031, 12.400756], [92.804078, 12.411267], [92.810272, 12.40985], [92.815591, 12.416375], [92.816512, 12.409816], [92.822925, 12.413197], [92.82376, 12.408332], [92.838277, 12.408627], [92.837311, 12.398623], [92.821527, 12.402282], [92.828932, 12.396829], [92.821768, 12.396148], [92.819542, 12.389075], [92.821849, 12.395886], [92.827539, 12.394246], [92.832283, 12.400625], [92.838067, 12.393931], [92.829323, 12.391904], [92.841428, 12.391388], [92.840753, 12.38533], [92.837413, 12.389377], [92.828012, 12.381375], [92.829927, 12.378453], [92.819983, 12.379161], [92.822953, 12.374206], [92.837432, 12.388848], [92.838587, 12.383524], [92.841294, 12.385366], [92.839954, 12.390579], [92.84474, 12.387713], [92.842203, 12.39179], [92.846479, 12.388952], [92.843955, 12.379433], [92.850391, 12.385512], [92.85923, 12.37024], [92.844487, 12.363163], [92.847976, 12.360779], [92.846402, 12.365247], [92.856051, 12.366938], [92.860148, 12.361049], [92.867996, 12.361705], [92.871824, 12.352851], [92.877852, 12.359659], [92.883203, 12.357026], [92.898838, 12.333738], [92.8794, 12.344854], [92.879792, 12.33473], [92.873126, 12.335173], [92.886546, 12.334784], [92.871313, 12.329971], [92.863599, 12.335795], [92.864945, 12.339133], [92.859842, 12.336281], [92.856937, 12.345205], [92.84777, 12.343477], [92.859503, 12.341917], [92.854082, 12.326843], [92.84242, 12.3268], [92.831742, 12.335541], [92.842576, 12.326441], [92.856633, 12.328214], [92.85999, 12.319159], [92.854721, 12.319471], [92.855464, 12.314274], [92.847327, 12.308283], [92.833669, 12.308555], [92.836884, 12.306458], [92.831324, 12.302679], [92.809679, 12.315645], [92.794257, 12.306277], [92.792294, 12.313876], [92.778547, 12.313072], [92.774566, 12.315696], [92.782157, 12.318965], [92.772148, 12.316766], [92.779893, 12.323161], [92.774942, 12.317438], [92.769368, 12.320682], [92.770313, 12.333756], [92.77066, 12.317801], [92.763717, 12.301747], [92.764856, 12.322155], [92.754146, 12.296428], [92.741644, 12.301947], [92.719308, 12.300102], [92.714556, 12.31417], [92.709971, 12.310085], [92.707385, 12.31636], [92.708677, 12.329865], [92.69922, 12.327893], [92.699507, 12.366104], [92.705278, 12.370921], [92.69732, 12.389111], [92.697785, 12.424981], [92.705574, 12.449151], [92.698381, 12.468263], [92.708089, 12.492424], [92.700738, 12.511072], [92.693083, 12.515881], [92.700343, 12.515831], [92.704203, 12.544138], [92.712632, 12.544363], [92.70454, 12.565155], [92.708102, 12.575925], [92.703368, 12.589471], [92.707261, 12.593977], [92.702117, 12.601128], [92.685376, 12.601974], [92.683876, 12.609015], [92.685689, 12.61429], [92.693102, 12.606439], [92.701772, 12.612843], [92.702476, 12.604757], [92.717768, 12.643644], [92.722463, 12.615372], [92.720357, 12.626079], [92.727174, 12.63605], [92.735268, 12.638792], [92.732707, 12.657079], [92.740063, 12.660243], [92.742921, 12.66766], [92.750534, 12.666355], [92.752189, 12.672057], [92.761955, 12.668092], [92.773151, 12.670471], [92.778178, 12.660214], [92.778275, 12.641145], [92.774852, 12.631276], [92.765114, 12.632142], [92.761797, 12.624726], [92.76615, 12.631732], [92.769383, 12.6283], [92.775446, 12.630738], [92.777369, 12.638489], [92.783984, 12.625623], [92.776272, 12.590395], [92.778821, 12.58003], [92.777377, 12.590748], [92.785904, 12.624602], [92.779797, 12.631058], [92.780164, 12.65423], [92.792808, 12.65321], [92.799031, 12.661294], [92.786945, 12.666856], [92.796925, 12.675159], [92.789587, 12.680268], [92.792966, 12.687215], [92.787829, 12.691632], [92.788928, 12.70404], [92.776739, 12.717136], [92.78267, 12.719748], [92.78124, 12.735102], [92.776258, 12.735406], [92.773378, 12.729696], [92.776871, 12.734949], [92.781702, 12.733854], [92.781449, 12.720254], [92.774989, 12.717217], [92.784541, 12.708123], [92.782896, 12.69258], [92.768355, 12.672938], [92.731939, 12.674819], [92.735253, 12.684147], [92.727563, 12.695409], [92.744592, 12.699139], [92.743472, 12.706479], [92.741678, 12.700966], [92.738691, 12.703746], [92.738583, 12.717526], [92.745716, 12.72279], [92.740033, 12.72506], [92.740319, 12.739017], [92.734748, 12.737967], [92.729539, 12.744237], [92.731023, 12.753571], [92.71985, 12.790264], [92.724612, 12.797811], [92.731044, 12.797487], [92.737572, 12.779126], [92.735426, 12.792181], [92.738878, 12.790895], [92.737512, 12.795685], [92.731978, 12.7945], [92.731057, 12.801677], [92.720086, 12.797432], [92.722117, 12.825882], [92.730592, 12.835953], [92.737577, 12.804354], [92.738964, 12.836984], [92.742421, 12.820628], [92.742805, 12.839004], [92.755847, 12.847127], [92.76404, 12.83307], [92.763238, 12.82606], [92.753033, 12.819048], [92.760442, 12.826249], [92.76578, 12.818979], [92.762042, 12.839514], [92.765659, 12.836188], [92.766108, 12.84863], [92.77261, 12.842476], [92.77211, 12.830744], [92.778897, 12.824555], [92.779067, 12.799184], [92.78599, 12.786337], [92.779798, 12.776624], [92.782913, 12.763235], [92.785686, 12.778569], [92.792756, 12.774489], [92.78691, 12.779346], [92.783463, 12.775771], [92.786515, 12.786265], [92.779717, 12.798999], [92.780863, 12.807699], [92.789195, 12.814601], [92.794309, 12.799078], [92.791973, 12.793429], [92.791596, 12.810724], [92.799106, 12.813306], [92.799791, 12.80452], [92.800133, 12.81251], [92.787279, 12.815107], [92.788695, 12.828601], [92.787104, 12.814275], [92.781498, 12.809552], [92.78015, 12.823633], [92.784258, 12.824334], [92.785276, 12.832252], [92.780905, 12.840874], [92.781448, 12.859751], [92.786707, 12.861338], [92.789164, 12.84925], [92.788006, 12.861144], [92.794154, 12.862781], [92.799983, 12.84837], [92.800334, 12.85669], [92.7925, 12.863431], [92.804491, 12.860835], [92.791823, 12.864439], [92.795376, 12.869953], [92.791456, 12.879849], [92.795521, 12.884238], [92.796522, 12.880609], [92.789982, 12.889339], [92.801743, 12.896861], [92.80781, 12.896803], [92.806063, 12.888537], [92.807999, 12.897147], [92.822036, 12.895824], [92.829419, 12.884535], [92.841353, 12.89079], [92.838966, 12.87711], [92.847433, 12.875797], [92.873693, 12.881], [92.871738, 12.892595], [92.895805, 12.897842], [92.892682, 12.916493], [92.896437, 12.926601], [92.901238, 12.910712]], [[92.791167, 12.849634], [92.791019, 12.849706], [92.790803, 12.849684], [92.790361, 12.849444], [92.789845, 12.849155], [92.789698, 12.849421], [92.789771, 12.849634], [92.790066, 12.849733], [92.79031, 12.849733], [92.790628, 12.850118], [92.790826, 12.850307], [92.790996, 12.850524], [92.790996, 12.850764], [92.790752, 12.850719], [92.790089, 12.850212], [92.789856, 12.850003], [92.789896, 12.850018], [92.790093, 12.849995], [92.79019, 12.849973], [92.789518, 12.84972], [92.78949, 12.84953], [92.789541, 12.84929], [92.789615, 12.849074], [92.789785, 12.848929], [92.79003, 12.848807], [92.790495, 12.84869], [92.79084, 12.84869], [92.791278, 12.848111], [92.790643, 12.84751], [92.790643, 12.847176], [92.790989, 12.846692], [92.791403, 12.846091], [92.791745, 12.845278], [92.791906, 12.84512], [92.792173, 12.845938], [92.791928, 12.846222], [92.791242, 12.846896], [92.790924, 12.84728], [92.79102, 12.847497], [92.791195, 12.847619], [92.791633, 12.847953], [92.79178, 12.848098], [92.791412, 12.848482], [92.791269, 12.848771], [92.791047, 12.848893], [92.790481, 12.849105], [92.790849, 12.849349], [92.791167, 12.849634]], [[93.030151, 13.567622], [93.043455, 13.528945], [93.039598, 13.491879], [93.033532, 13.484307], [93.036166, 13.480412], [93.031494, 13.464696], [93.01848, 13.466232], [93.01408, 13.455369], [93.004966, 13.463211], [93.011426, 13.453221], [93.017244, 13.462918], [93.031238, 13.457121], [93.033537, 13.435455], [93.016963, 13.431842], [93.013504, 13.441824], [93.007966, 13.436904], [93.015863, 13.433902], [93.003369, 13.432215], [92.999674, 13.436548], [92.992567, 13.433082], [92.991573, 13.438203], [92.9888, 13.427385], [92.999254, 13.435987], [93.007552, 13.42448], [93.012861, 13.424785], [93.007619, 13.418202], [93.016691, 13.428985], [93.012569, 13.427456], [93.0094, 13.432096], [93.011351, 13.426122], [93.008017, 13.425809], [93.007838, 13.433135], [93.028585, 13.428104], [93.033399, 13.422299], [93.03818, 13.427548], [93.033728, 13.417449], [93.042964, 13.410425], [93.044532, 13.403149], [93.060459, 13.42087], [93.057608, 13.396477], [93.068463, 13.406789], [93.067524, 13.397054], [93.050981, 13.389732], [93.045454, 13.377067], [93.041778, 13.381897], [93.043391, 13.377568], [93.03879, 13.375257], [93.034642, 13.381858], [93.037732, 13.375342], [93.024822, 13.373159], [93.009776, 13.379055], [92.998914, 13.395781], [93.008709, 13.379285], [93.016268, 13.375288], [93.01399, 13.370673], [93.017221, 13.36987], [93.016688, 13.375058], [93.033837, 13.374514], [93.039807, 13.368631], [93.024233, 13.357525], [93.034645, 13.360517], [93.039451, 13.357332], [93.039481, 13.35176], [93.031642, 13.345068], [93.002744, 13.35423], [92.988411, 13.342224], [92.988328, 13.329945], [92.984647, 13.327975], [92.974735, 13.342547], [92.975325, 13.351468], [92.969843, 13.347449], [92.96756, 13.356914], [92.972693, 13.359512], [92.960936, 13.35704], [92.949711, 13.36165], [92.961649, 13.355092], [92.954833, 13.344262], [92.945203, 13.351072], [92.949502, 13.341357], [92.950329, 13.345596], [92.958045, 13.339147], [92.958344, 13.327012], [92.952091, 13.32707], [92.961275, 13.32322], [92.948484, 13.317769], [92.960968, 13.320675], [92.959461, 13.327979], [92.964335, 13.328421], [92.984887, 13.320405], [92.991132, 13.309149], [92.988826, 13.317071], [92.996913, 13.314896], [92.993735, 13.30102], [92.982793, 13.298922], [92.99074, 13.291894], [92.981903, 13.288125], [92.983339, 13.282708], [92.973737, 13.281892], [92.980141, 13.280632], [92.986402, 13.289658], [92.990647, 13.287862], [92.986679, 13.290566], [92.9932, 13.291624], [92.999309, 13.285982], [92.994431, 13.279633], [93.000775, 13.280777], [93.001696, 13.264964], [93.005007, 13.269627], [93.0001, 13.288237], [92.98632, 13.299177], [93.000271, 13.29975], [92.99763, 13.294614], [93.002392, 13.303841], [93.01009, 13.302191], [93.004989, 13.297122], [93.007358, 13.291871], [93.005344, 13.296494], [93.009458, 13.300541], [93.020156, 13.29759], [93.017496, 13.293589], [93.011879, 13.295525], [93.015804, 13.288797], [93.009269, 13.281775], [93.010951, 13.276759], [93.023765, 13.276064], [93.024183, 13.281194], [93.028446, 13.281142], [93.031384, 13.273346], [93.026947, 13.269051], [93.034081, 13.268728], [93.035938, 13.263003], [93.038366, 13.273177], [93.032565, 13.275629], [93.045228, 13.281839], [93.038297, 13.270529], [93.043406, 13.254255], [93.064537, 13.272281], [93.055632, 13.255795], [93.055235, 13.232989], [93.041236, 13.223074], [93.044321, 13.210235], [93.030961, 13.178066], [93.035751, 13.171428], [93.032655, 13.162736], [93.036053, 13.140456], [93.029468, 13.126927], [93.033423, 13.081711], [93.028398, 13.081379], [93.0244, 13.072262], [93.023555, 13.075412], [93.017518, 13.072644], [93.028805, 13.06694], [93.019648, 13.05035], [93.0082, 13.045003], [93.009751, 13.039924], [93.002299, 13.028785], [92.994253, 13.035776], [92.989182, 13.032834], [92.988901, 13.025907], [92.981922, 13.024936], [92.969797, 13.03], [92.964083, 13.038408], [92.967075, 13.018163], [92.974722, 13.014426], [92.959433, 13.015598], [92.933099, 13.046384], [92.941146, 13.054118], [92.948402, 13.051467], [92.939964, 13.057992], [92.94673, 13.068955], [92.956663, 13.065608], [92.95283, 13.07016], [92.955915, 13.072795], [92.941573, 13.064505], [92.937256, 13.069717], [92.941519, 13.078956], [92.937845, 13.07788], [92.934828, 13.089252], [92.945515, 13.089634], [92.939259, 13.089343], [92.944786, 13.122273], [92.939135, 13.104137], [92.933524, 13.109326], [92.938103, 13.106379], [92.939573, 13.093845], [92.933693, 13.089212], [92.934229, 13.06206], [92.925234, 13.062012], [92.928649, 13.072508], [92.921908, 13.056829], [92.908503, 13.079051], [92.91215, 13.079955], [92.901325, 13.081823], [92.898603, 13.095681], [92.887097, 13.09319], [92.892369, 13.100875], [92.889393, 13.113549], [92.875113, 13.135648], [92.874108, 13.130874], [92.882535, 13.126357], [92.888681, 13.107908], [92.873115, 13.103443], [92.888875, 13.107085], [92.891138, 13.101137], [92.885474, 13.092279], [92.898223, 13.09343], [92.899748, 13.081258], [92.908342, 13.076578], [92.912061, 13.066761], [92.894983, 13.058627], [92.885695, 13.045321], [92.864199, 13.059498], [92.866441, 13.064488], [92.854015, 13.077605], [92.857902, 13.07986], [92.853517, 13.077727], [92.858064, 13.071362], [92.84617, 13.075122], [92.859517, 13.066329], [92.849415, 13.063742], [92.849277, 13.054802], [92.841508, 13.059944], [92.843602, 13.050587], [92.850674, 13.055059], [92.849922, 13.063381], [92.859987, 13.065569], [92.871037, 13.05549], [92.86343, 13.043637], [92.869073, 13.046617], [92.869534, 13.054672], [92.879128, 13.048845], [92.872493, 13.04348], [92.874628, 13.048326], [92.886428, 13.043863], [92.897016, 13.058114], [92.912448, 13.054679], [92.914546, 13.049208], [92.908586, 13.033335], [92.895252, 13.018033], [92.902069, 13.021826], [92.904651, 13.016739], [92.900843, 13.013873], [92.904111, 13.0148], [92.906179, 13.004275], [92.902598, 13.007645], [92.901289, 13.002496], [92.899726, 13.009624], [92.894181, 13.011058], [92.908357, 12.996091], [92.913367, 13.001154], [92.913407, 12.98389], [92.929746, 12.989454], [92.924195, 12.976273], [92.927619, 12.9737], [92.933625, 12.979346], [92.936901, 12.974672], [92.933521, 12.967408], [92.927296, 12.968859], [92.926437, 12.958503], [92.921074, 12.962639], [92.914106, 12.958589], [92.909778, 12.947134], [92.90536, 12.975798], [92.909761, 12.977539], [92.897332, 12.986932], [92.89559, 12.995688], [92.885585, 12.981949], [92.884442, 12.992423], [92.885336, 12.984512], [92.877608, 12.972898], [92.880074, 12.967872], [92.872876, 12.96316], [92.876043, 12.944455], [92.870127, 12.934726], [92.858838, 12.934747], [92.853746, 12.93989], [92.855666, 12.94465], [92.849934, 12.945671], [92.848315, 12.95279], [92.854356, 12.954572], [92.847886, 12.955602], [92.851581, 12.961253], [92.848098, 12.959905], [92.848049, 12.947953], [92.842225, 12.946921], [92.846021, 12.95118], [92.842545, 12.956482], [92.84574, 12.951234], [92.840455, 12.949718], [92.842515, 12.943946], [92.848173, 12.952035], [92.847363, 12.944029], [92.8524, 12.943768], [92.856129, 12.935306], [92.85024, 12.933027], [92.849281, 12.939409], [92.850508, 12.930319], [92.84278, 12.933165], [92.845891, 12.929427], [92.855834, 12.933458], [92.858684, 12.917528], [92.847364, 12.912313], [92.858062, 12.912695], [92.854759, 12.91029], [92.857976, 12.901231], [92.864832, 12.90088], [92.870392, 12.909547], [92.875267, 12.905728], [92.868376, 12.889715], [92.872591, 12.883685], [92.841338, 12.876866], [92.840689, 12.892448], [92.828645, 12.886325], [92.82841, 12.898761], [92.826095, 12.892814], [92.804326, 12.900106], [92.809436, 12.908888], [92.803969, 12.905918], [92.803677, 12.898299], [92.800844, 12.899943], [92.793461, 12.913988], [92.791984, 12.930414], [92.79742, 12.929909], [92.799887, 12.935039], [92.800871, 12.951996], [92.79219, 12.950493], [92.78972, 12.961706], [92.791251, 12.969396], [92.796581, 12.963345], [92.792265, 12.98048], [92.799197, 12.99178], [92.804413, 12.983419], [92.810731, 12.984028], [92.811334, 12.971759], [92.815403, 12.987235], [92.822148, 12.977003], [92.817034, 12.989961], [92.806123, 12.994532], [92.806855, 12.998921], [92.829512, 13.001375], [92.823306, 13.010559], [92.837039, 13.023018], [92.820377, 13.012098], [92.812669, 13.021798], [92.817271, 13.015515], [92.814193, 13.007392], [92.791721, 13.012627], [92.787849, 13.019498], [92.794468, 13.030105], [92.791555, 13.037746], [92.795916, 13.03886], [92.792304, 13.047649], [92.799126, 13.043349], [92.7916, 13.053313], [92.796661, 13.067993], [92.792689, 13.0906], [92.799924, 13.09216], [92.797543, 13.081449], [92.808955, 13.075879], [92.808146, 13.071856], [92.811155, 13.076728], [92.814145, 13.072337], [92.818544, 13.075072], [92.813407, 13.072703], [92.811072, 13.080982], [92.806175, 13.080168], [92.806734, 13.099449], [92.812911, 13.103042], [92.82048, 13.091186], [92.821302, 13.111746], [92.829257, 13.108839], [92.823587, 13.115936], [92.815383, 13.114989], [92.809503, 13.126921], [92.818224, 13.127917], [92.822822, 13.134189], [92.825035, 13.12855], [92.828836, 13.132227], [92.833145, 13.123346], [92.833893, 13.130382], [92.840919, 13.127893], [92.847143, 13.118185], [92.840847, 13.125698], [92.843285, 13.135591], [92.838632, 13.134832], [92.84662, 13.138553], [92.848338, 13.150219], [92.84529, 13.141374], [92.841822, 13.146805], [92.837021, 13.145301], [92.838022, 13.148623], [92.833004, 13.144246], [92.832531, 13.149561], [92.826466, 13.150493], [92.820316, 13.145058], [92.816946, 13.151851], [92.808676, 13.153327], [92.814481, 13.174151], [92.817846, 13.16969], [92.823206, 13.174352], [92.827168, 13.167317], [92.819239, 13.162128], [92.826933, 13.163398], [92.827618, 13.173884], [92.838333, 13.165365], [92.837073, 13.161993], [92.849162, 13.16114], [92.837391, 13.162197], [92.83451, 13.175294], [92.817941, 13.184335], [92.821777, 13.187024], [92.821309, 13.201231], [92.832416, 13.214309], [92.823319, 13.216642], [92.828959, 13.221236], [92.829146, 13.225015], [92.825058, 13.224139], [92.826874, 13.236444], [92.830628, 13.242571], [92.838493, 13.24368], [92.842984, 13.236583], [92.852066, 13.236566], [92.855122, 13.219414], [92.848166, 13.208393], [92.861198, 13.206368], [92.858132, 13.200786], [92.862841, 13.19648], [92.857084, 13.196235], [92.85529, 13.190748], [92.857878, 13.18761], [92.860346, 13.191746], [92.863034, 13.184832], [92.860646, 13.191877], [92.855632, 13.190589], [92.857789, 13.196045], [92.863726, 13.196091], [92.858491, 13.200732], [92.862033, 13.206614], [92.84883, 13.208433], [92.85593, 13.219653], [92.851721, 13.228168], [92.854749, 13.23398], [92.848674, 13.242255], [92.851609, 13.260955], [92.849496, 13.264148], [92.83789, 13.261402], [92.834594, 13.272307], [92.830499, 13.27405], [92.826584, 13.26838], [92.821529, 13.279497], [92.824819, 13.280053], [92.823585, 13.288113], [92.838236, 13.287763], [92.834464, 13.294076], [92.841673, 13.301174], [92.841099, 13.307864], [92.832889, 13.305223], [92.822571, 13.311043], [92.830234, 13.314607], [92.825788, 13.32842], [92.833817, 13.337925], [92.832074, 13.3522], [92.838307, 13.374286], [92.841724, 13.377682], [92.851384, 13.370503], [92.847974, 13.363426], [92.852068, 13.358955], [92.848265, 13.363213], [92.851621, 13.363868], [92.851087, 13.375272], [92.865361, 13.381054], [92.86946, 13.390806], [92.861139, 13.390296], [92.857752, 13.385196], [92.851974, 13.391089], [92.841471, 13.391508], [92.841985, 13.402949], [92.848577, 13.411487], [92.867219, 13.400806], [92.871038, 13.412432], [92.872992, 13.402174], [92.882552, 13.395186], [92.880123, 13.388899], [92.886083, 13.398363], [92.898487, 13.388697], [92.902494, 13.390482], [92.906347, 13.38243], [92.923826, 13.384559], [92.918527, 13.384787], [92.926088, 13.395069], [92.915104, 13.382116], [92.905862, 13.383136], [92.903936, 13.394545], [92.903533, 13.389528], [92.898939, 13.389189], [92.888692, 13.395351], [92.88799, 13.399871], [92.892865, 13.396911], [92.899505, 13.403155], [92.892132, 13.404332], [92.896842, 13.412452], [92.891818, 13.404495], [92.895881, 13.401654], [92.886837, 13.402008], [92.884403, 13.407167], [92.881966, 13.396311], [92.874118, 13.402563], [92.873959, 13.407028], [92.883535, 13.399787], [92.877114, 13.413831], [92.868292, 13.416737], [92.86975, 13.424135], [92.876491, 13.422061], [92.886302, 13.432147], [92.889331, 13.423219], [92.898732, 13.428695], [92.889164, 13.42363], [92.880258, 13.444982], [92.87265, 13.446929], [92.875424, 13.460029], [92.870155, 13.464884], [92.870729, 13.472268], [92.88708, 13.47786], [92.894089, 13.473235], [92.899974, 13.478107], [92.904599, 13.496764], [92.917703, 13.500903], [92.920565, 13.494725], [92.924001, 13.499287], [92.927238, 13.495224], [92.924186, 13.480834], [92.931727, 13.481028], [92.920887, 13.471481], [92.931337, 13.471374], [92.927271, 13.475225], [92.932466, 13.481319], [92.926511, 13.48223], [92.927178, 13.497791], [92.929783, 13.495228], [92.933266, 13.499004], [92.923818, 13.50904], [92.927131, 13.521351], [92.916059, 13.522337], [92.915004, 13.533276], [92.93498, 13.538529], [92.945686, 13.531521], [92.950647, 13.541962], [92.96621, 13.543868], [92.97234, 13.529394], [92.984506, 13.527277], [92.991153, 13.539247], [92.983722, 13.539429], [92.980701, 13.552036], [92.987554, 13.573538], [92.992366, 13.570569], [92.989274, 13.565899], [93.003959, 13.554965], [93.006417, 13.544025], [93.012993, 13.539133], [93.015454, 13.570775], [93.018982, 13.573836], [93.020565, 13.5685], [93.026746, 13.578666], [93.030151, 13.567622]], [[92.696153, 12.238933], [92.70881, 12.216168], [92.703583, 12.192648], [92.706515, 12.196286], [92.711742, 12.189703], [92.703481, 12.190967], [92.700916, 12.186954], [92.708925, 12.188669], [92.697137, 12.16178], [92.700153, 12.154506], [92.711469, 12.172316], [92.702062, 12.147025], [92.705075, 12.14735], [92.703611, 12.137723], [92.70936, 12.143579], [92.711301, 12.162259], [92.71925, 12.179721], [92.735787, 12.182133], [92.747134, 12.175508], [92.750912, 12.180744], [92.756368, 12.176972], [92.751819, 12.147926], [92.733746, 12.103213], [92.734082, 12.083353], [92.739263, 12.073592], [92.756514, 12.065064], [92.747109, 12.055211], [92.760243, 12.054905], [92.766313, 12.046184], [92.782349, 12.048219], [92.776187, 12.032998], [92.777613, 12.024212], [92.766418, 12.025785], [92.760474, 12.019518], [92.752536, 12.026015], [92.751669, 12.034214], [92.747632, 12.025724], [92.744361, 12.038148], [92.73918, 12.035473], [92.736086, 12.043595], [92.736358, 12.03444], [92.730743, 12.035488], [92.725976, 12.039025], [92.72692, 12.044651], [92.725205, 12.036888], [92.737136, 12.030002], [92.735694, 12.025661], [92.722077, 12.026006], [92.728858, 12.024541], [92.728269, 12.01982], [92.736353, 12.020257], [92.730173, 12.014722], [92.735464, 12.012134], [92.739293, 12.018185], [92.749132, 12.019139], [92.746653, 12.014513], [92.751127, 12.015257], [92.747695, 12.009059], [92.751486, 12.002452], [92.766644, 12.011394], [92.768404, 11.996681], [92.74206, 11.995264], [92.741526, 11.988322], [92.754115, 11.988157], [92.75364, 11.982529], [92.746549, 11.978022], [92.743499, 11.983409], [92.734558, 11.976956], [92.731893, 11.982682], [92.738399, 11.997301], [92.721347, 12.005729], [92.725805, 11.997496], [92.713343, 11.993834], [92.719154, 11.988105], [92.71409, 11.988369], [92.716026, 11.984883], [92.710883, 11.982665], [92.715621, 11.980344], [92.720263, 11.984122], [92.722727, 11.978805], [92.718745, 11.97538], [92.723592, 11.970134], [92.728758, 11.975562], [92.731166, 11.970561], [92.722153, 11.9649], [92.707649, 11.974258], [92.712333, 11.961857], [92.716845, 11.96106], [92.714423, 11.953498], [92.713915, 11.957883], [92.703734, 11.962289], [92.711177, 11.950551], [92.708449, 11.94751], [92.715081, 11.942463], [92.697901, 11.930977], [92.708839, 11.928745], [92.713044, 11.903158], [92.710386, 11.898955], [92.70431, 11.903301], [92.703222, 11.916546], [92.698684, 11.904288], [92.692437, 11.900958], [92.706643, 11.888943], [92.704695, 11.882606], [92.716733, 11.885057], [92.719783, 11.87762], [92.71053, 11.873414], [92.70261, 11.875735], [92.705288, 11.869844], [92.697995, 11.865642], [92.7034, 11.862025], [92.701644, 11.850891], [92.710876, 11.863722], [92.720133, 11.867742], [92.721939, 11.849321], [92.708788, 11.83339], [92.712519, 11.83399], [92.711386, 11.820508], [92.720386, 11.826655], [92.7217, 11.832713], [92.718162, 11.831882], [92.731812, 11.855908], [92.729371, 11.868453], [92.74184, 11.881486], [92.735542, 11.8883], [92.729431, 11.88291], [92.72985, 11.897402], [92.733721, 11.891452], [92.742355, 11.89582], [92.739779, 11.903004], [92.732673, 11.899689], [92.735649, 11.916382], [92.743154, 11.918743], [92.743128, 11.909711], [92.750431, 11.922982], [92.743335, 11.924019], [92.743996, 11.930323], [92.749527, 11.931535], [92.751329, 11.924945], [92.755617, 11.934729], [92.765179, 11.922205], [92.757769, 11.935869], [92.762831, 11.939866], [92.783168, 11.935997], [92.777284, 11.932519], [92.785999, 11.925356], [92.78193, 11.904633], [92.786948, 11.901492], [92.776324, 11.897611], [92.783483, 11.887437], [92.791199, 11.885806], [92.785707, 11.88048], [92.785761, 11.85398], [92.780504, 11.849093], [92.768716, 11.799453], [92.770497, 11.785472], [92.764008, 11.767202], [92.764739, 11.752232], [92.75442, 11.725654], [92.754252, 11.701245], [92.744634, 11.71398], [92.741388, 11.709511], [92.743386, 11.690656], [92.729885, 11.698782], [92.727249, 11.694444], [92.721513, 11.697318], [92.716552, 11.705357], [92.711294, 11.695004], [92.705902, 11.70081], [92.701419, 11.695501], [92.702819, 11.68245], [92.698363, 11.680631], [92.706158, 11.669579], [92.697522, 11.665479], [92.692089, 11.669097], [92.684797, 11.662148], [92.682489, 11.650545], [92.677946, 11.652368], [92.680231, 11.661747], [92.664543, 11.661494], [92.661272, 11.653612], [92.673414, 11.624199], [92.680862, 11.627125], [92.687839, 11.620884], [92.680079, 11.62044], [92.673354, 11.609286], [92.667881, 11.610843], [92.673065, 11.606601], [92.681565, 11.616922], [92.691617, 11.612163], [92.702057, 11.616597], [92.693783, 11.624096], [92.697092, 11.628656], [92.692924, 11.638584], [92.701307, 11.639254], [92.700871, 11.647825], [92.693916, 11.652737], [92.700485, 11.65433], [92.705849, 11.641932], [92.711813, 11.643417], [92.709721, 11.652102], [92.729139, 11.656802], [92.729336, 11.661304], [92.71551, 11.66495], [92.714555, 11.677468], [92.718342, 11.681873], [92.730912, 11.680533], [92.731944, 11.673015], [92.734827, 11.677506], [92.746552, 11.676406], [92.746597, 11.668612], [92.755488, 11.664484], [92.75511, 11.648397], [92.7454, 11.642756], [92.751218, 11.63253], [92.75126, 11.609134], [92.739384, 11.593189], [92.742097, 11.584409], [92.728959, 11.559206], [92.733147, 11.553291], [92.730467, 11.542574], [92.722499, 11.5322], [92.725575, 11.516453], [92.715987, 11.50283], [92.71024, 11.47804], [92.699469, 11.509754], [92.694949, 11.511266], [92.694021, 11.505932], [92.674237, 11.511758], [92.672878, 11.505136], [92.665708, 11.504579], [92.66054, 11.514588], [92.646175, 11.521654], [92.643804, 11.540387], [92.653793, 11.550274], [92.650742, 11.55867], [92.643057, 11.55737], [92.649012, 11.572168], [92.634103, 11.579775], [92.633321, 11.589716], [92.626766, 11.583167], [92.624201, 11.568825], [92.61657, 11.562457], [92.619113, 11.583548], [92.606674, 11.594178], [92.608127, 11.620744], [92.618303, 11.620801], [92.62092, 11.611032], [92.630208, 11.616296], [92.638823, 11.61218], [92.644566, 11.625487], [92.642617, 11.640292], [92.647552, 11.645449], [92.642395, 11.647217], [92.634995, 11.639919], [92.638192, 11.645415], [92.631851, 11.661346], [92.630722, 11.629333], [92.619028, 11.633028], [92.621079, 11.638014], [92.616864, 11.63269], [92.61077, 11.637265], [92.607463, 11.634124], [92.598525, 11.651135], [92.600932, 11.659796], [92.598, 11.656813], [92.590705, 11.669096], [92.598717, 11.689925], [92.591985, 11.702574], [92.592419, 11.735295], [92.585555, 11.730393], [92.581882, 11.734829], [92.574448, 11.733865], [92.568988, 11.725005], [92.573304, 11.715543], [92.571571, 11.699311], [92.563956, 11.692268], [92.560548, 11.694569], [92.551252, 11.719932], [92.553901, 11.755293], [92.550777, 11.756951], [92.555712, 11.759633], [92.551404, 11.762968], [92.559022, 11.76768], [92.558544, 11.772684], [92.562545, 11.771768], [92.558236, 11.77683], [92.555296, 11.773502], [92.551444, 11.784323], [92.551274, 11.807007], [92.558705, 11.812438], [92.553892, 11.815131], [92.552278, 11.810104], [92.546531, 11.820093], [92.550554, 11.822268], [92.547105, 11.83289], [92.552566, 11.832865], [92.549189, 11.847741], [92.552268, 11.849301], [92.548971, 11.857487], [92.543434, 11.850637], [92.536286, 11.860281], [92.536679, 11.850499], [92.544137, 11.848838], [92.542952, 11.835683], [92.539811, 11.841617], [92.534176, 11.841742], [92.53287, 11.836136], [92.531515, 11.840977], [92.523522, 11.826721], [92.518183, 11.834743], [92.52247, 11.844591], [92.519686, 11.83978], [92.514451, 11.848254], [92.517188, 11.856292], [92.519154, 11.851438], [92.523618, 11.855232], [92.521936, 11.862134], [92.519307, 11.860004], [92.52397, 11.870851], [92.529713, 11.865433], [92.533667, 11.869986], [92.530743, 11.886444], [92.529439, 11.875536], [92.525249, 11.874567], [92.527596, 11.895665], [92.541616, 11.90287], [92.535183, 11.911679], [92.549766, 11.926221], [92.553558, 11.924219], [92.545902, 11.921803], [92.556052, 11.917308], [92.559625, 11.930549], [92.554346, 11.928256], [92.561645, 11.946774], [92.56457, 11.943416], [92.560968, 11.936309], [92.56476, 11.935482], [92.56531, 11.940003], [92.571711, 11.927582], [92.578009, 11.927122], [92.578198, 11.919858], [92.573282, 11.921792], [92.571672, 11.917714], [92.571335, 11.926352], [92.566829, 11.916605], [92.570007, 11.908424], [92.571851, 11.913908], [92.57998, 11.914619], [92.579816, 11.909108], [92.575561, 11.910572], [92.580166, 11.901207], [92.57443, 11.893656], [92.570468, 11.897819], [92.570405, 11.890568], [92.581396, 11.895303], [92.583935, 11.859931], [92.58744, 11.866495], [92.59509, 11.864728], [92.589761, 11.877272], [92.59463, 11.880618], [92.592577, 11.894694], [92.596878, 11.891652], [92.599567, 11.896621], [92.594859, 11.883818], [92.598714, 11.886698], [92.596117, 11.874045], [92.600828, 11.848722], [92.605885, 11.834632], [92.610322, 11.843316], [92.6113, 11.829266], [92.613961, 11.83088], [92.61174, 11.861063], [92.615484, 11.862465], [92.610482, 11.867966], [92.608878, 11.907972], [92.611003, 11.914613], [92.612458, 11.905115], [92.615207, 11.92063], [92.619053, 11.91521], [92.621054, 11.933902], [92.615519, 11.924436], [92.616794, 11.946523], [92.613246, 11.927939], [92.607101, 11.924192], [92.613263, 11.951392], [92.60965, 11.954587], [92.610989, 11.984834], [92.615997, 11.992939], [92.612494, 12.000077], [92.617139, 12.024046], [92.623999, 12.028133], [92.62027, 12.03974], [92.628049, 12.043021], [92.621959, 12.04854], [92.624806, 12.059473], [92.618597, 12.068305], [92.621935, 12.101399], [92.629536, 12.119574], [92.634405, 12.120333], [92.630368, 12.122787], [92.633442, 12.140708], [92.660281, 12.214944], [92.664009, 12.22185], [92.666935, 12.218632], [92.652741, 12.181092], [92.656513, 12.18077], [92.673842, 12.21779], [92.675673, 12.187046], [92.677857, 12.195136], [92.681634, 12.193964], [92.677247, 12.196871], [92.678137, 12.212031], [92.682286, 12.212532], [92.683075, 12.206177], [92.687558, 12.234994], [92.696153, 12.238933]], [[93.837326, 7.239959], [93.837783, 7.233955], [93.83097, 7.228638], [93.83571, 7.218556], [93.841288, 7.214926], [93.855725, 7.2183], [93.864359, 7.204819], [93.869624, 7.204448], [93.867147, 7.19546], [93.871212, 7.185948], [93.866087, 7.17531], [93.873163, 7.169573], [93.876349, 7.155789], [93.873882, 7.134707], [93.881133, 7.124223], [93.875014, 7.105766], [93.88045, 7.089882], [93.888474, 7.081517], [93.897712, 7.080328], [93.901187, 7.06457], [93.911777, 7.049378], [93.90731, 7.039888], [93.911278, 7.025148], [93.92485, 7.026399], [93.931963, 7.012165], [93.940755, 7.008289], [93.943, 6.998619], [93.938463, 6.992266], [93.922903, 7.010945], [93.909234, 7.00031], [93.908503, 6.992661], [93.92238, 6.986449], [93.923298, 6.972752], [93.940537, 6.954071], [93.933898, 6.94974], [93.921593, 6.954396], [93.914303, 6.948721], [93.910878, 6.933266], [93.903046, 6.927434], [93.908599, 6.912414], [93.903296, 6.905615], [93.887998, 6.902887], [93.893492, 6.89704], [93.889931, 6.891566], [93.895407, 6.87608], [93.88707, 6.866026], [93.887601, 6.845644], [93.904148, 6.834885], [93.895626, 6.820315], [93.896975, 6.814152], [93.891628, 6.805847], [93.883901, 6.804564], [93.87809, 6.793149], [93.862827, 6.815273], [93.844586, 6.81607], [93.841134, 6.779035], [93.830383, 6.755705], [93.823982, 6.754078], [93.799887, 6.766126], [93.808677, 6.778212], [93.803801, 6.78876], [93.807627, 6.793002], [93.809207, 6.788584], [93.812111, 6.790786], [93.809798, 6.796063], [93.802989, 6.795963], [93.802955, 6.804318], [93.813228, 6.808135], [93.812556, 6.817386], [93.802579, 6.820717], [93.802048, 6.812487], [93.797325, 6.810433], [93.780344, 6.82922], [93.782221, 6.840899], [93.797954, 6.850246], [93.774919, 6.854173], [93.765467, 6.864873], [93.768329, 6.86999], [93.764414, 6.876238], [93.776787, 6.879523], [93.78354, 6.872235], [93.78656, 6.878918], [93.769743, 6.884106], [93.777352, 6.894946], [93.774737, 6.899439], [93.769693, 6.890709], [93.760341, 6.896551], [93.755427, 6.907836], [93.757675, 6.916101], [93.744298, 6.907305], [93.734714, 6.923855], [93.734609, 6.928746], [93.7435, 6.929877], [93.744503, 6.938792], [93.73818, 6.96325], [93.728104, 6.96038], [93.725532, 6.979252], [93.717245, 6.992013], [93.6971, 6.992803], [93.698243, 7.00361], [93.693235, 7.013802], [93.673455, 7.018209], [93.666124, 7.003646], [93.656291, 7.0065], [93.667564, 7.022939], [93.661564, 7.028993], [93.665583, 7.037028], [93.656759, 7.047111], [93.660918, 7.065432], [93.653668, 7.068774], [93.660743, 7.082812], [93.650569, 7.08662], [93.647284, 7.100714], [93.664832, 7.114548], [93.656875, 7.119111], [93.648018, 7.113776], [93.645262, 7.126812], [93.655405, 7.132662], [93.656872, 7.140407], [93.665826, 7.141803], [93.667654, 7.158875], [93.662493, 7.177232], [93.674884, 7.190867], [93.70139, 7.193196], [93.707767, 7.188447], [93.722597, 7.189], [93.739754, 7.204702], [93.745072, 7.199745], [93.740456, 7.208495], [93.749472, 7.215311], [93.754968, 7.215123], [93.752795, 7.211949], [93.757283, 7.20869], [93.768605, 7.210334], [93.76664, 7.207304], [93.777947, 7.195652], [93.780235, 7.208257], [93.774128, 7.206606], [93.765426, 7.213222], [93.781995, 7.214718], [93.792595, 7.202703], [93.792277, 7.21425], [93.796949, 7.210928], [93.802042, 7.214573], [93.794997, 7.220187], [93.80057, 7.221603], [93.79859, 7.23027], [93.794443, 7.228632], [93.795968, 7.235179], [93.820307, 7.236942], [93.837213, 7.244964], [93.837326, 7.239959]], [[92.520743, 10.897637], [92.55901, 10.862788], [92.556732, 10.845325], [92.563442, 10.828922], [92.559377, 10.815283], [92.564859, 10.805255], [92.572609, 10.803496], [92.586605, 10.787581], [92.582588, 10.744501], [92.597909, 10.704511], [92.597102, 10.681055], [92.578881, 10.681234], [92.582185, 10.679082], [92.576319, 10.666773], [92.582243, 10.658126], [92.568287, 10.653694], [92.552287, 10.640229], [92.539409, 10.610735], [92.54162, 10.594548], [92.565257, 10.587158], [92.568621, 10.578226], [92.543075, 10.551107], [92.542069, 10.539426], [92.531166, 10.520216], [92.51318, 10.513796], [92.499148, 10.513212], [92.482035, 10.519428], [92.453616, 10.543842], [92.43337, 10.550627], [92.419414, 10.549774], [92.404574, 10.533525], [92.388627, 10.532852], [92.383077, 10.542418], [92.409911, 10.583127], [92.413318, 10.6081], [92.420653, 10.615455], [92.41075, 10.645432], [92.397101, 10.667751], [92.38341, 10.67096], [92.378388, 10.782386], [92.385131, 10.791806], [92.386708, 10.785175], [92.395641, 10.779655], [92.409106, 10.785395], [92.422773, 10.801843], [92.427499, 10.823747], [92.43685, 10.82418], [92.449085, 10.839052], [92.463814, 10.838249], [92.458729, 10.839475], [92.462172, 10.853235], [92.458077, 10.862264], [92.466431, 10.856978], [92.464997, 10.864645], [92.471539, 10.871474], [92.481097, 10.87234], [92.492743, 10.889922], [92.505786, 10.889883], [92.512059, 10.897372], [92.520743, 10.897637]], [[92.810348, 12.312951], [92.828818, 12.299328], [92.832599, 12.300765], [92.831993, 12.29202], [92.836295, 12.30319], [92.842493, 12.303389], [92.840499, 12.297446], [92.84393, 12.296291], [92.842582, 12.304259], [92.846868, 12.303662], [92.853621, 12.281231], [92.848872, 12.302055], [92.854253, 12.299637], [92.855107, 12.305171], [92.872094, 12.301712], [92.863308, 12.286789], [92.870159, 12.294729], [92.867724, 12.290294], [92.872091, 12.292024], [92.876662, 12.287129], [92.872091, 12.280871], [92.880346, 12.281207], [92.881919, 12.262537], [92.884952, 12.270485], [92.891124, 12.266449], [92.885897, 12.264728], [92.88822, 12.256552], [92.88231, 12.257588], [92.874672, 12.250529], [92.869413, 12.251317], [92.861821, 12.263574], [92.868873, 12.251705], [92.858178, 12.249317], [92.857553, 12.244644], [92.870895, 12.225493], [92.873482, 12.212978], [92.869916, 12.212788], [92.884073, 12.198089], [92.880636, 12.191933], [92.874622, 12.191621], [92.866879, 12.192512], [92.85286, 12.204598], [92.846069, 12.197646], [92.844437, 12.201962], [92.82745, 12.203031], [92.82902, 12.208369], [92.833243, 12.205509], [92.832833, 12.214946], [92.832761, 12.206304], [92.828285, 12.20878], [92.826145, 12.203176], [92.844203, 12.200931], [92.846832, 12.193623], [92.840175, 12.18527], [92.852553, 12.192181], [92.85695, 12.186975], [92.855725, 12.171571], [92.850084, 12.165415], [92.856263, 12.163819], [92.855115, 12.158649], [92.844017, 12.14738], [92.835937, 12.166299], [92.827131, 12.163283], [92.82277, 12.166582], [92.828303, 12.156458], [92.818833, 12.145699], [92.820851, 12.139693], [92.815062, 12.138498], [92.817307, 12.125803], [92.803731, 12.131287], [92.80257, 12.127851], [92.818068, 12.114046], [92.814799, 12.106077], [92.807818, 12.102776], [92.797945, 12.108365], [92.792605, 12.103482], [92.78384, 12.106286], [92.790387, 12.099689], [92.796151, 12.101232], [92.801918, 12.092668], [92.795815, 12.090325], [92.795977, 12.085819], [92.791664, 12.087156], [92.792598, 12.080688], [92.787891, 12.07972], [92.78562, 12.071918], [92.781877, 12.07212], [92.781116, 12.080337], [92.763307, 12.06372], [92.757274, 12.07151], [92.759406, 12.078196], [92.752009, 12.074373], [92.760456, 12.093781], [92.754653, 12.07672], [92.754225, 12.08053], [92.745688, 12.074447], [92.739109, 12.079708], [92.737652, 12.097553], [92.745725, 12.124203], [92.759409, 12.146193], [92.757407, 12.154256], [92.766353, 12.151547], [92.758526, 12.159517], [92.770025, 12.183242], [92.765661, 12.19242], [92.768373, 12.21187], [92.764953, 12.213912], [92.76988, 12.213575], [92.768336, 12.235084], [92.774882, 12.242666], [92.76817, 12.251156], [92.761591, 12.233116], [92.759878, 12.240975], [92.751164, 12.232777], [92.749575, 12.238887], [92.746311, 12.235119], [92.747082, 12.243774], [92.741021, 12.245376], [92.749267, 12.274089], [92.763115, 12.262484], [92.773883, 12.280285], [92.777873, 12.272464], [92.778739, 12.283278], [92.787558, 12.280242], [92.779569, 12.283147], [92.781563, 12.286611], [92.773707, 12.29351], [92.775257, 12.301185], [92.766827, 12.297194], [92.770654, 12.313012], [92.794883, 12.303589], [92.801575, 12.311351], [92.810348, 12.312951]], [[93.371473, 8.02168], [93.389511, 8.017203], [93.400248, 8.009222], [93.391579, 7.993031], [93.392933, 7.973482], [93.401662, 7.962817], [93.411643, 7.959869], [93.420324, 7.968513], [93.425855, 7.95665], [93.452385, 7.936232], [93.464248, 7.894039], [93.453725, 7.874988], [93.44306, 7.875329], [93.434077, 7.897545], [93.415664, 7.907686], [93.386643, 7.902262], [93.382121, 7.8927], [93.368047, 7.883408], [93.341771, 7.892967], [93.33535, 7.900927], [93.332234, 7.919007], [93.353505, 7.933762], [93.350158, 7.95346], [93.353242, 7.958944], [93.349908, 7.961168], [93.32586, 7.950585], [93.33001, 7.941811], [93.336313, 7.946514], [93.330985, 7.939849], [93.333348, 7.933574], [93.322669, 7.936375], [93.32057, 7.925289], [93.310244, 7.932475], [93.30118, 7.961788], [93.313871, 7.976986], [93.312337, 7.991196], [93.318458, 8.004075], [93.338795, 8.017381], [93.346158, 8.008909], [93.361912, 8.021508], [93.371473, 8.02168]], [[93.700101, 7.445446], [93.707978, 7.43172], [93.708865, 7.404442], [93.743207, 7.377036], [93.743222, 7.362095], [93.728826, 7.347906], [93.713178, 7.311936], [93.695264, 7.306538], [93.686246, 7.296288], [93.674467, 7.292911], [93.666399, 7.28517], [93.656941, 7.259241], [93.636157, 7.24417], [93.617525, 7.266251], [93.622932, 7.288885], [93.61713, 7.305952], [93.608874, 7.311256], [93.624575, 7.322752], [93.62546, 7.333293], [93.631307, 7.334233], [93.621123, 7.338426], [93.620766, 7.372989], [93.628501, 7.375734], [93.637962, 7.370343], [93.652996, 7.383478], [93.659488, 7.37267], [93.65619, 7.366308], [93.662087, 7.370119], [93.657831, 7.375768], [93.668506, 7.378794], [93.671015, 7.389054], [93.686044, 7.396202], [93.7007, 7.393448], [93.694763, 7.384438], [93.699322, 7.387789], [93.707087, 7.384308], [93.703826, 7.402958], [93.69697, 7.400182], [93.697437, 7.404513], [93.691025, 7.404417], [93.697652, 7.421072], [93.692498, 7.445347], [93.700101, 7.445446]], [[93.512044, 8.234795], [93.534014, 8.228309], [93.535929, 8.203068], [93.531457, 8.194206], [93.525584, 8.196139], [93.52469, 8.178918], [93.518197, 8.178067], [93.525378, 8.187346], [93.512472, 8.174082], [93.506481, 8.178352], [93.519056, 8.189731], [93.503568, 8.179057], [93.505293, 8.174808], [93.495218, 8.167459], [93.498037, 8.162422], [93.492148, 8.158947], [93.49706, 8.160617], [93.49691, 8.150947], [93.49166, 8.151383], [93.488086, 8.144756], [93.493442, 8.148362], [93.494121, 8.141842], [93.502028, 8.139316], [93.498326, 8.136186], [93.510552, 8.126967], [93.514808, 8.107153], [93.53927, 8.083112], [93.53803, 8.051686], [93.531825, 8.050066], [93.539743, 8.03739], [93.530539, 8.040314], [93.528241, 8.049902], [93.520484, 8.052124], [93.514284, 8.03373], [93.512331, 8.042821], [93.508704, 8.037201], [93.497619, 8.036211], [93.494685, 8.025413], [93.501172, 8.017608], [93.495554, 8.018518], [93.498639, 8.011074], [93.491045, 7.99935], [93.482329, 8.002111], [93.477527, 8.016158], [93.476168, 8.046369], [93.490212, 8.039769], [93.493589, 8.046274], [93.495664, 8.038764], [93.500906, 8.038852], [93.496823, 8.045821], [93.500158, 8.052144], [93.493614, 8.057762], [93.499208, 8.057953], [93.501691, 8.069298], [93.50147, 8.048469], [93.507744, 8.046907], [93.517104, 8.053289], [93.519766, 8.055921], [93.51555, 8.062946], [93.52411, 8.062035], [93.52004, 8.068052], [93.528196, 8.068438], [93.524077, 8.067537], [93.523214, 8.072999], [93.515626, 8.068471], [93.514295, 8.074777], [93.525235, 8.081472], [93.514203, 8.079904], [93.512999, 8.085822], [93.502565, 8.087012], [93.502501, 8.075818], [93.481753, 8.064619], [93.485036, 8.061002], [93.482494, 8.05229], [93.47558, 8.053137], [93.470829, 8.088114], [93.48014, 8.092394], [93.471607, 8.097523], [93.467015, 8.092668], [93.456773, 8.107305], [93.457887, 8.119987], [93.45114, 8.120124], [93.448788, 8.135388], [93.454039, 8.137014], [93.450589, 8.131481], [93.457308, 8.127958], [93.455527, 8.138339], [93.46074, 8.134025], [93.459557, 8.140056], [93.461149, 8.13699], [93.4639, 8.140494], [93.460175, 8.144672], [93.447039, 8.144765], [93.445051, 8.16743], [93.449696, 8.179926], [93.46539, 8.183648], [93.469457, 8.189471], [93.469456, 8.185682], [93.472072, 8.193317], [93.479998, 8.197086], [93.482877, 8.221843], [93.506444, 8.232058], [93.513924, 8.229981], [93.512044, 8.234795]], [[92.792538, 9.23849], [92.818481, 9.207393], [92.82223, 9.18142], [92.829038, 9.167689], [92.82645, 9.139881], [92.814213, 9.137213], [92.808772, 9.127652], [92.793516, 9.121714], [92.780342, 9.121412], [92.766998, 9.130014], [92.728177, 9.126464], [92.71605, 9.15536], [92.7204, 9.218329], [92.727989, 9.220285], [92.744277, 9.213569], [92.763588, 9.216068], [92.772525, 9.232253], [92.770656, 9.240392], [92.776039, 9.244207], [92.772937, 9.258512], [92.792538, 9.23849]], [[92.635612, 11.512178], [92.644512, 11.511212], [92.642592, 11.497064], [92.661798, 11.486372], [92.663828, 11.490887], [92.667893, 11.489128], [92.684555, 11.436108], [92.679816, 11.430327], [92.68294, 11.42681], [92.67127, 11.426785], [92.67295, 11.417817], [92.645821, 11.406485], [92.65377, 11.407405], [92.661764, 11.401952], [92.662468, 11.394833], [92.673144, 11.399605], [92.676382, 11.392625], [92.687358, 11.390711], [92.692122, 11.386786], [92.690433, 11.375007], [92.684632, 11.366392], [92.666353, 11.361437], [92.663851, 11.353748], [92.650709, 11.357565], [92.637205, 11.346812], [92.619084, 11.35079], [92.598402, 11.346644], [92.588489, 11.353296], [92.580397, 11.368727], [92.591633, 11.378954], [92.586426, 11.400704], [92.612701, 11.400354], [92.62234, 11.405177], [92.621744, 11.431924], [92.627797, 11.434649], [92.610132, 11.458371], [92.617573, 11.491961], [92.631613, 11.514362], [92.635455, 11.517064], [92.635612, 11.512178]], [[92.69468, 12.991309], [92.70981, 12.988091], [92.713554, 12.983544], [92.709812, 12.978049], [92.712195, 12.982504], [92.719116, 12.980918], [92.716776, 12.950495], [92.71346, 12.943425], [92.709644, 12.945992], [92.721315, 12.944527], [92.72037, 12.924921], [92.713893, 12.922757], [92.719621, 12.919932], [92.720511, 12.889561], [92.718066, 12.881281], [92.707174, 12.883895], [92.701584, 12.87761], [92.7078, 12.883393], [92.718633, 12.875398], [92.713712, 12.863185], [92.702627, 12.85301], [92.699897, 12.840599], [92.691107, 12.834993], [92.67095, 12.837591], [92.677988, 12.831946], [92.673563, 12.831923], [92.674448, 12.822613], [92.683467, 12.829743], [92.687912, 12.816942], [92.674316, 12.808029], [92.667232, 12.782983], [92.666479, 12.791055], [92.657566, 12.795295], [92.664382, 12.799777], [92.665052, 12.811691], [92.646975, 12.86172], [92.64995, 12.85991], [92.650422, 12.86729], [92.66399, 12.881805], [92.669676, 12.923724], [92.678866, 12.942153], [92.679361, 12.948494], [92.671467, 12.950131], [92.667934, 12.957154], [92.6703, 12.96585], [92.682173, 12.984911], [92.69468, 12.991309]], [[92.687505, 12.987201], [92.687431, 12.987124], [92.687381, 12.987069], [92.687321, 12.987015], [92.687261, 12.98697], [92.687215, 12.986947], [92.68716, 12.986929], [92.687054, 12.986925], [92.686929, 12.986934], [92.686772, 12.986947], [92.686593, 12.986911], [92.686468, 12.986834], [92.686284, 12.986703], [92.685915, 12.986541], [92.685524, 12.986288], [92.685252, 12.986039], [92.684878, 12.985583], [92.684713, 12.985375], [92.684671, 12.985244], [92.68468, 12.985135], [92.684722, 12.985072], [92.684772, 12.984995], [92.684869, 12.984932], [92.685012, 12.984963], [92.685183, 12.985212], [92.685376, 12.985447], [92.685533, 12.985623], [92.68563, 12.985673], [92.685671, 12.985673], [92.685763, 12.98561], [92.685897, 12.985533], [92.686017, 12.985515], [92.68616, 12.985447], [92.686238, 12.985506], [92.686312, 12.98561], [92.686321, 12.98575], [92.686326, 12.985962], [92.686358, 12.98603], [92.686713, 12.986062], [92.687012, 12.986152], [92.687547, 12.986256], [92.687726, 12.98636], [92.687975, 12.98659], [92.688242, 12.986907], [92.688298, 12.987074], [92.688289, 12.987359], [92.688229, 12.987549], [92.688113, 12.987643], [92.688017, 12.987675], [92.687938, 12.987707], [92.687842, 12.987657], [92.687756, 12.987566], [92.68763, 12.987431], [92.687547, 12.987304], [92.687505, 12.987201]], [[92.682005, 12.982389], [92.681959, 12.982132], [92.681895, 12.981965], [92.681835, 12.981879], [92.681779, 12.981829], [92.681724, 12.981788], [92.681664, 12.981725], [92.6816, 12.98163], [92.681577, 12.981571], [92.681545, 12.981454], [92.68148, 12.981332], [92.681406, 12.981169], [92.681328, 12.98102], [92.681287, 12.980939], [92.681263, 12.98088], [92.68124, 12.98079], [92.681268, 12.980663], [92.681254, 12.980573], [92.681167, 12.980423], [92.681135, 12.980333], [92.681125, 12.980234], [92.681148, 12.980089], [92.681204, 12.979904], [92.6813, 12.979786], [92.681351, 12.979741], [92.681411, 12.979732], [92.681489, 12.979723], [92.681595, 12.979746], [92.681734, 12.97985], [92.681766, 12.979967], [92.681743, 12.980193], [92.681724, 12.980401], [92.681664, 12.980591], [92.681628, 12.980735], [92.681618, 12.980862], [92.681623, 12.981002], [92.681724, 12.981115], [92.681816, 12.981255], [92.681872, 12.981404], [92.682028, 12.981571], [92.682144, 12.981843], [92.682217, 12.982046], [92.682365, 12.982295], [92.682591, 12.982606], [92.682692, 12.982923], [92.682816, 12.983153], [92.682941, 12.983569], [92.683014, 12.9838], [92.683024, 12.983849], [92.683024, 12.983917], [92.683033, 12.983976], [92.683019, 12.984075], [92.682996, 12.984157], [92.68295, 12.984224], [92.682908, 12.98427], [92.682844, 12.98427], [92.682775, 12.984211], [92.682687, 12.984161], [92.682627, 12.984098], [92.682554, 12.984026], [92.682533, 12.983986], [92.682508, 12.98394], [92.682494, 12.983836], [92.682521, 12.983673], [92.682544, 12.983533], [92.68254, 12.98342], [92.682438, 12.983302], [92.682323, 12.983099], [92.682245, 12.982954], [92.682107, 12.982728], [92.682033, 12.982566], [92.682005, 12.982389]], [[92.662455, 12.795813], [92.662239, 12.795727], [92.662023, 12.795574], [92.661687, 12.795397], [92.661397, 12.795266], [92.661226, 12.795135], [92.660973, 12.794995], [92.66089, 12.794981], [92.660918, 12.794877], [92.661111, 12.794792], [92.661447, 12.794878], [92.661742, 12.795036], [92.661977, 12.795036], [92.662152, 12.794918], [92.662313, 12.794774], [92.662386, 12.794602], [92.662488, 12.794543], [92.662667, 12.794616], [92.662796, 12.79472], [92.662902, 12.794864], [92.663022, 12.794955], [92.663008, 12.795095], [92.662962, 12.795375], [92.662856, 12.795456], [92.662796, 12.795682], [92.662649, 12.795813], [92.662455, 12.795813]], [[92.659605, 12.795063], [92.659822, 12.795121], [92.660089, 12.795162], [92.660324, 12.795194], [92.660411, 12.795162], [92.660503, 12.79518], [92.660591, 12.794981], [92.660591, 12.795361], [92.660692, 12.795483], [92.660545, 12.795596], [92.660061, 12.795768], [92.65984, 12.795741], [92.659573, 12.795628], [92.659398, 12.795496], [92.659311, 12.795424], [92.659297, 12.795309], [92.659338, 12.79518], [92.659412, 12.795108], [92.659605, 12.795063]], [[92.966517, 12.041075], [92.973008, 12.048489], [92.97658, 12.046147], [92.97375, 12.043689], [92.993957, 12.038564], [93.007743, 12.019671], [93.005424, 12.002181], [93.024877, 11.96492], [93.027009, 11.951816], [93.036056, 11.947396], [93.045676, 11.912185], [93.05267, 11.903367], [93.043699, 11.884442], [93.035085, 11.882445], [93.023858, 11.889827], [92.994388, 11.951838], [92.984158, 11.945456], [92.972825, 11.948732], [92.959656, 11.98083], [92.932973, 11.984954], [92.925248, 11.995435], [92.927894, 12.005943], [92.94887, 12.013676], [92.95929, 12.030455], [92.9632, 12.05031], [92.966517, 12.041075]], [[93.116882, 8.356393], [93.121542, 8.348555], [93.132917, 8.345608], [93.121318, 8.312235], [93.116587, 8.275864], [93.147211, 8.242088], [93.193116, 8.217896], [93.19058, 8.197046], [93.17812, 8.194842], [93.152328, 8.20342], [93.112054, 8.225157], [93.094768, 8.243805], [93.091066, 8.256163], [93.076842, 8.273833], [93.074137, 8.296728], [93.084964, 8.325527], [93.085408, 8.339739], [93.095866, 8.350179], [93.103172, 8.347945], [93.116882, 8.356393]], [[93.071902, 12.210271], [93.076245, 12.204631], [93.067063, 12.197088], [93.078241, 12.199346], [93.074204, 12.192686], [93.080391, 12.198316], [93.08632, 12.192485], [93.07948, 12.18615], [93.085481, 12.184316], [93.076959, 12.180793], [93.078244, 12.185119], [93.065567, 12.173092], [93.07536, 12.180083], [93.085707, 12.178742], [93.086737, 12.174122], [93.088353, 12.180488], [93.083613, 12.151162], [93.077706, 12.148874], [93.080201, 12.146208], [93.08749, 12.151682], [93.094144, 12.14295], [93.086785, 12.140205], [93.091241, 12.139157], [93.085421, 12.135536], [93.090511, 12.13536], [93.083098, 12.131413], [93.086678, 12.12363], [93.080918, 12.12155], [93.082486, 12.114553], [93.091079, 12.119901], [93.081114, 12.107099], [93.089313, 12.107809], [93.085653, 12.103618], [93.088442, 12.098389], [93.090962, 12.105228], [93.090072, 12.099126], [93.085397, 12.095125], [93.083857, 12.100572], [93.085623, 12.090835], [93.07417, 12.083597], [93.069044, 12.086466], [93.072468, 12.092497], [93.067743, 12.08912], [93.056563, 12.10893], [93.063633, 12.12209], [93.067824, 12.114257], [93.07091, 12.118054], [93.070233, 12.12332], [93.066669, 12.121995], [93.069925, 12.124975], [93.064289, 12.123148], [93.066694, 12.131637], [93.058341, 12.122577], [93.04737, 12.127533], [93.04847, 12.119248], [93.044558, 12.128807], [93.038564, 12.12636], [93.035756, 12.132281], [93.056, 12.193667], [93.065138, 12.210202], [93.071902, 12.210271]], [[92.217554, 11.594003], [92.215578, 11.590451], [92.226905, 11.587779], [92.240383, 11.592896], [92.268145, 11.585605], [92.26583, 11.560906], [92.272339, 11.536499], [92.268063, 11.523014], [92.258963, 11.517799], [92.249371, 11.525804], [92.211597, 11.52998], [92.204527, 11.549969], [92.211881, 11.573853], [92.203971, 11.587013], [92.212349, 11.589737], [92.2125, 11.595386], [92.217554, 11.594003]], [[93.536865, 8.028031], [93.553716, 8.025714], [93.572605, 7.993863], [93.56755, 7.931218], [93.528794, 7.95958], [93.527019, 7.965701], [93.531218, 7.969604], [93.522479, 7.965939], [93.498516, 7.98613], [93.496933, 7.998535], [93.503287, 7.99983], [93.512515, 7.992912], [93.521785, 8.007251], [93.518225, 8.020837], [93.521915, 8.026427], [93.526121, 8.022354], [93.524717, 8.01492], [93.527619, 8.019167], [93.532287, 8.016247], [93.530294, 8.007796], [93.543713, 7.990009], [93.541533, 8.006519], [93.546227, 8.007334], [93.540343, 8.013111], [93.544924, 8.015128], [93.538928, 8.015412], [93.540318, 8.022488], [93.533931, 8.026538], [93.536865, 8.028031]], [[92.99926, 12.106158], [93.005172, 12.103585], [93.00005, 12.084091], [93.004757, 12.048278], [92.995354, 12.041755], [92.961437, 12.063784], [92.954191, 12.07999], [92.961133, 12.086366], [92.955462, 12.089156], [92.958019, 12.110575], [92.99926, 12.106158]], [[93.026701, 12.144352], [93.020362, 12.143451], [93.033324, 12.125491], [93.028371, 12.115522], [93.022504, 12.119078], [93.023168, 12.113613], [93.029089, 12.113647], [93.032855, 12.100896], [93.022646, 12.09852], [93.032157, 12.10034], [93.039191, 12.084381], [93.050096, 12.079538], [93.049711, 12.075153], [93.042234, 12.076046], [93.051955, 12.068906], [93.050208, 12.061036], [93.045977, 12.063684], [93.04883, 12.060638], [93.044638, 12.056921], [93.049482, 12.060028], [93.050549, 12.055996], [93.046166, 12.048338], [93.043295, 12.051104], [93.044004, 12.045788], [93.023957, 12.071584], [93.005821, 12.080537], [93.008434, 12.100915], [93.002437, 12.1244], [93.003748, 12.13972], [93.026118, 12.166542], [93.026701, 12.144352]], [[92.987268, 12.159962], [92.996891, 12.15735], [92.997339, 12.129289], [93.002805, 12.11206], [92.977392, 12.108137], [92.973008, 12.114534], [92.963795, 12.117715], [92.962539, 12.11343], [92.957039, 12.11886], [92.952111, 12.147088], [92.957689, 12.152538], [92.972922, 12.152424], [92.987268, 12.159962]], [[92.734718, 12.239594], [92.729802, 12.231532], [92.729423, 12.214425], [92.732215, 12.209696], [92.734007, 12.22062], [92.739081, 12.223018], [92.74276, 12.219803], [92.742248, 12.204761], [92.74386, 12.222939], [92.736722, 12.228162], [92.738798, 12.236189], [92.743991, 12.227875], [92.753734, 12.230337], [92.752448, 12.217613], [92.756896, 12.230054], [92.760926, 12.228582], [92.760745, 12.20092], [92.767004, 12.199033], [92.762963, 12.182905], [92.759168, 12.182736], [92.762662, 12.188582], [92.759481, 12.192572], [92.75573, 12.184403], [92.753422, 12.188284], [92.746459, 12.180171], [92.732508, 12.18453], [92.728392, 12.197684], [92.729047, 12.192915], [92.722355, 12.18833], [92.72075, 12.233235], [92.729141, 12.242593], [92.734718, 12.239594]], [[93.055115, 13.378756], [93.069557, 13.347593], [93.077344, 13.347508], [93.077553, 13.340042], [93.085496, 13.343456], [93.088668, 13.335977], [93.074214, 13.329597], [93.068617, 13.306591], [93.064007, 13.30409], [93.059196, 13.329914], [93.044989, 13.321594], [93.038744, 13.322762], [93.045736, 13.348155], [93.040836, 13.35868], [93.044602, 13.359621], [93.038291, 13.361824], [93.049562, 13.365408], [93.047105, 13.370582], [93.040455, 13.365359], [93.036192, 13.371988], [93.047635, 13.37314], [93.053388, 13.38233], [93.055115, 13.378756]], [[92.934418, 12.302604], [92.932284, 12.288466], [92.941212, 12.27642], [92.928092, 12.257507], [92.92709, 12.252006], [92.933966, 12.248392], [92.921821, 12.229177], [92.915135, 12.232396], [92.92172, 12.258862], [92.919722, 12.26915], [92.911333, 12.262987], [92.913688, 12.273502], [92.900365, 12.2717], [92.900774, 12.288249], [92.912312, 12.292744], [92.918383, 12.288828], [92.917691, 12.282386], [92.922223, 12.284535], [92.927395, 12.2781], [92.928776, 12.305017], [92.933299, 12.310913], [92.934418, 12.302604]], [[92.899789, 12.255877], [92.910826, 12.240415], [92.914467, 12.219862], [92.910097, 12.22013], [92.907129, 12.228573], [92.903558, 12.222549], [92.889956, 12.228132], [92.885526, 12.224797], [92.887332, 12.217551], [92.882075, 12.216372], [92.883012, 12.209773], [92.878394, 12.207748], [92.86828, 12.237973], [92.869644, 12.245539], [92.87702, 12.249087], [92.878633, 12.238153], [92.883298, 12.23818], [92.886775, 12.252534], [92.895612, 12.255899], [92.896765, 12.251578], [92.899789, 12.255877]], [[93.607784, 8.571323], [93.612018, 8.533157], [93.625892, 8.524124], [93.623485, 8.518609], [93.627858, 8.51293], [93.621787, 8.507243], [93.631953, 8.468132], [93.622213, 8.473096], [93.61674, 8.468376], [93.61204, 8.450309], [93.617358, 8.437935], [93.612372, 8.423829], [93.608322, 8.43628], [93.613326, 8.438871], [93.607586, 8.444373], [93.611568, 8.448406], [93.608408, 8.456761], [93.614611, 8.464574], [93.60962, 8.480271], [93.620047, 8.488721], [93.614448, 8.498813], [93.612449, 8.526715], [93.601171, 8.545355], [93.604881, 8.566635], [93.601783, 8.573895], [93.603478, 8.577783], [93.607784, 8.571323]], [[92.954468, 12.43431], [92.957959, 12.417809], [92.943285, 12.404137], [92.94204, 12.383686], [92.929985, 12.358483], [92.917661, 12.374131], [92.927701, 12.385956], [92.923559, 12.390333], [92.924721, 12.404079], [92.936427, 12.421569], [92.947151, 12.415344], [92.947585, 12.428423], [92.954468, 12.43431]], [[93.01724, 11.844318], [93.035927, 11.836076], [93.062097, 11.844347], [93.070421, 11.835679], [93.059508, 11.816895], [93.047661, 11.813025], [93.021703, 11.830407], [93.014598, 11.830203], [93.011256, 11.849302], [93.01724, 11.844318]], [[92.707361, 12.830017], [92.713858, 12.828177], [92.711099, 12.77716], [92.724682, 12.748317], [92.721822, 12.742627], [92.717149, 12.756314], [92.716444, 12.719142], [92.710919, 12.72067], [92.707194, 12.731668], [92.712266, 12.737681], [92.708277, 12.774688], [92.693557, 12.797607], [92.699205, 12.80278], [92.707361, 12.830017]], [[93.570216, 8.127163], [93.580726, 8.099175], [93.577265, 8.097158], [93.574556, 8.102678], [93.572447, 8.096927], [93.579021, 8.094875], [93.573786, 8.094648], [93.575805, 8.090191], [93.58094, 8.095531], [93.580562, 8.069941], [93.590553, 8.050347], [93.583641, 8.039843], [93.564051, 8.063058], [93.566512, 8.07461], [93.575627, 8.062919], [93.579469, 8.064267], [93.573002, 8.087125], [93.568656, 8.086333], [93.560398, 8.096757], [93.566744, 8.099982], [93.564284, 8.109512], [93.569719, 8.111561], [93.565848, 8.116239], [93.574518, 8.118497], [93.561728, 8.122952], [93.560628, 8.109113], [93.553217, 8.119831], [93.570216, 8.127163]], [[93.104079, 12.250345], [93.098516, 12.232171], [93.099058, 12.204594], [93.091586, 12.213888], [93.093753, 12.222089], [93.0894, 12.230691], [93.099371, 12.234463], [93.102361, 12.245639], [93.080256, 12.225572], [93.062256, 12.229844], [93.072659, 12.261253], [93.076962, 12.26259], [93.0746, 12.255609], [93.082005, 12.260603], [93.082014, 12.23809], [93.092711, 12.239141], [93.100098, 12.26067], [93.103761, 12.260399], [93.104079, 12.250345]], [[92.541708, 11.602471], [92.547303, 11.599985], [92.543615, 11.590625], [92.549234, 11.587753], [92.556723, 11.584973], [92.562289, 11.592811], [92.568159, 11.58962], [92.559497, 11.584363], [92.558952, 11.577926], [92.564441, 11.573541], [92.554234, 11.571412], [92.552804, 11.561964], [92.538085, 11.563202], [92.528971, 11.554974], [92.534674, 11.565742], [92.531078, 11.572545], [92.5323, 11.589094], [92.535464, 11.587015], [92.531318, 11.59554], [92.535824, 11.606421], [92.541708, 11.602471]], [[93.020401, 13.670778], [93.030966, 13.633909], [93.027822, 13.628421], [93.018306, 13.632199], [93.012184, 13.648941], [93.0002, 13.652975], [92.995094, 13.645191], [92.987368, 13.646185], [92.985721, 13.642384], [92.982634, 13.65066], [92.976126, 13.653672], [92.980913, 13.65721], [92.983683, 13.649553], [92.983389, 13.663167], [92.985761, 13.657684], [92.987378, 13.663062], [92.995004, 13.664721], [93.0044, 13.66353], [93.004022, 13.660276], [93.011577, 13.663154], [93.01164, 13.656908], [93.018294, 13.668919], [93.007402, 13.667708], [93.01326, 13.672813], [93.020401, 13.670778]], [[92.709737, 12.297353], [92.721022, 12.296409], [92.723042, 12.291048], [92.709812, 12.229659], [92.703346, 12.244459], [92.699653, 12.266995], [92.70261, 12.271881], [92.698805, 12.274381], [92.703524, 12.299863], [92.709737, 12.297353]], [[92.887413, 12.408021], [92.893245, 12.399543], [92.88192, 12.388562], [92.88381, 12.376391], [92.87849, 12.38466], [92.871896, 12.384754], [92.866276, 12.377667], [92.858449, 12.384137], [92.860793, 12.39198], [92.854785, 12.388858], [92.843782, 12.395295], [92.842926, 12.402713], [92.850884, 12.40854], [92.865656, 12.401437], [92.872278, 12.406019], [92.880844, 12.398378], [92.887413, 12.408021]], [[93.005278, 12.996811], [92.969497, 12.962204], [92.975046, 12.963495], [92.986426, 12.956436], [92.978829, 12.948256], [92.981423, 12.935227], [92.978229, 12.932945], [92.969031, 12.944167], [92.974634, 12.944288], [92.971016, 12.955133], [92.954331, 12.958812], [92.953144, 12.967469], [92.961502, 12.962237], [92.964591, 12.969058], [92.951059, 12.98052], [92.959841, 12.988768], [92.967291, 12.982122], [92.959543, 12.978678], [92.971743, 12.96634], [92.981005, 12.976391], [92.978941, 12.979651], [92.988372, 12.984684], [92.984564, 12.993979], [92.992315, 12.991129], [93.005278, 12.996811]], [[93.229317, 8.261396], [93.240759, 8.230385], [93.22884, 8.22448], [93.210644, 8.249231], [93.218396, 8.263405], [93.226854, 8.265404], [93.229317, 8.261396]], [[92.928571, 13.023764], [92.938933, 13.024951], [92.942182, 12.997052], [92.935319, 12.996027], [92.929702, 13.00248], [92.924468, 13.000386], [92.916587, 13.007533], [92.914722, 13.015082], [92.921293, 13.0216], [92.921357, 13.028737], [92.928571, 13.023764]], [[92.857782, 12.334826], [92.870807, 12.328694], [92.886103, 12.332291], [92.887871, 12.325313], [92.899948, 12.323497], [92.890181, 12.316905], [92.885081, 12.322768], [92.877636, 12.312872], [92.871536, 12.318326], [92.867322, 12.313771], [92.858095, 12.314079], [92.855835, 12.317754], [92.861708, 12.32114], [92.854901, 12.332063], [92.856756, 12.33992], [92.857782, 12.334826]], [[93.04807, 8.441348], [93.033905, 8.442811], [93.026501, 8.450691], [93.03305, 8.471867], [93.04732, 8.46009], [93.04807, 8.441348]], [[92.595513, 11.97622], [92.607981, 11.943304], [92.597798, 11.928098], [92.595215, 11.962577], [92.587418, 11.973611], [92.595513, 11.97622]], [[92.761627, 11.965922], [92.765529, 11.955119], [92.759379, 11.949263], [92.744524, 11.945426], [92.739666, 11.953502], [92.735332, 11.952044], [92.742167, 11.961941], [92.761627, 11.965922]], [[92.691463, 11.243325], [92.686427, 11.243634], [92.696867, 11.262157], [92.692187, 11.280712], [92.704553, 11.289684], [92.704902, 11.263901], [92.6937, 11.252755], [92.691463, 11.243325]], [[92.842772, 13.435793], [92.845015, 13.431074], [92.834175, 13.42048], [92.82183, 13.421198], [92.819805, 13.428374], [92.82473, 13.438978], [92.833584, 13.436479], [92.841394, 13.442197], [92.842772, 13.435793]], [[92.779818, 12.859113], [92.783419, 12.824438], [92.773353, 12.830862], [92.774664, 12.841401], [92.767372, 12.851735], [92.769056, 12.863164], [92.772643, 12.856703], [92.776609, 12.863998], [92.779818, 12.859113]], [[92.726117, 12.865371], [92.728891, 12.86171], [92.719818, 12.840282], [92.711161, 12.832046], [92.706882, 12.837162], [92.713397, 12.855538], [92.723124, 12.859616], [92.71764, 12.862324], [92.720526, 12.866124], [92.726117, 12.865371]], [[92.791097, 12.915289], [92.800246, 12.897521], [92.791533, 12.892056], [92.781779, 12.895882], [92.788297, 12.904759], [92.777818, 12.902537], [92.77346, 12.911281], [92.791097, 12.915289]], [[92.591608, 11.563857], [92.595052, 11.564752], [92.596664, 11.549057], [92.594481, 11.533078], [92.59179, 11.53678], [92.587191, 11.533838], [92.583235, 11.548674], [92.585032, 11.552729], [92.592708, 11.549487], [92.58627, 11.553958], [92.588381, 11.573884], [92.592022, 11.577147], [92.591608, 11.563857]], [[92.613395, 11.583197], [92.617654, 11.574503], [92.613773, 11.562918], [92.604452, 11.57432], [92.599692, 11.567455], [92.600891, 11.585753], [92.610264, 11.588563], [92.613395, 11.583197]], [[92.718755, 13.098388], [92.7029, 13.081144], [92.705539, 13.071243], [92.699934, 13.070997], [92.695296, 13.096089], [92.718755, 13.098388]], [[92.72298, 11.318544], [92.71605, 11.314858], [92.707673, 11.299455], [92.695452, 11.30976], [92.711185, 11.313562], [92.720769, 11.333444], [92.72298, 11.318544]], [[92.766301, 12.272362], [92.763751, 12.265159], [92.752088, 12.277866], [92.761131, 12.293903], [92.767133, 12.285361], [92.766301, 12.272362]], [[93.066021, 13.651943], [93.054863, 13.644808], [93.045767, 13.621246], [93.042467, 13.637799], [93.056256, 13.653884], [93.066021, 13.651943]], [[92.74756, 12.283011], [92.740749, 12.255627], [92.732626, 12.246496], [92.739117, 12.28329], [92.741202, 12.279334], [92.74807, 12.288854], [92.74756, 12.283011]], [[92.718879, 11.934551], [92.723667, 11.909831], [92.717882, 11.90251], [92.714777, 11.925778], [92.718879, 11.934551]], [[92.935055, 12.223994], [92.938747, 12.215835], [92.931707, 12.214494], [92.934914, 12.212694], [92.932186, 12.196075], [92.924116, 12.215101], [92.926553, 12.221858], [92.935055, 12.223994]], [[92.61362, 11.5532], [92.61849, 11.557633], [92.617887, 11.544072], [92.609271, 11.531358], [92.603725, 11.550037], [92.611578, 11.540141], [92.60998, 11.558792], [92.61362, 11.5532]], [[92.559192, 11.533432], [92.567482, 11.527361], [92.565345, 11.517285], [92.560422, 11.517028], [92.551701, 11.53109], [92.551719, 11.538255], [92.556428, 11.53307], [92.557518, 11.540949], [92.559192, 11.533432]], [[92.676654, 12.540627], [92.684131, 12.539287], [92.677249, 12.521729], [92.668109, 12.533428], [92.671741, 12.540778], [92.676654, 12.540627]], [[92.90183, 13.600616], [92.883765, 13.574808], [92.880897, 13.581592], [92.886253, 13.591605], [92.882523, 13.581678], [92.88573, 13.582678], [92.895509, 13.599627], [92.889725, 13.597777], [92.90183, 13.600616]], [[92.864649, 12.930955], [92.873284, 12.931915], [92.884633, 12.923951], [92.872233, 12.929406], [92.868736, 12.926028], [92.872299, 12.916658], [92.864042, 12.917723], [92.858171, 12.929042], [92.860479, 12.933006], [92.864649, 12.930955]], [[93.004859, 13.306441], [93.009703, 13.30916], [93.011608, 13.301373], [93.002281, 13.304279], [92.999708, 13.300102], [92.996108, 13.305878], [93.007686, 13.320824], [93.004859, 13.306441]], [[93.022653, 13.328776], [93.020938, 13.303872], [93.013709, 13.308651], [93.01598, 13.327842], [93.022653, 13.328776]], [[93.119753, 12.148318], [93.117811, 12.144145], [93.122924, 12.140674], [93.115419, 12.130248], [93.109198, 12.141549], [93.119753, 12.148318]], [[93.70503, 7.221086], [93.709814, 7.213866], [93.707409, 7.208011], [93.701261, 7.209314], [93.695977, 7.227679], [93.698802, 7.231684], [93.70503, 7.221086]], [[92.950477, 12.084688], [92.946859, 12.116684], [92.955797, 12.101645], [92.949699, 12.092272], [92.950477, 12.084688]], [[93.530615, 7.526261], [93.534169, 7.519265], [93.529473, 7.514422], [93.520689, 7.527017], [93.530615, 7.526261]], [[92.222161, 10.98441], [92.223707, 10.978168], [92.21337, 10.975603], [92.211041, 10.981222], [92.222161, 10.98441]], [[92.762494, 12.852231], [92.765162, 12.836193], [92.756866, 12.845726], [92.758654, 12.858999], [92.762494, 12.852231]], [[92.835954, 12.422044], [92.839967, 12.422812], [92.841819, 12.415931], [92.829534, 12.420795], [92.830609, 12.426901], [92.835954, 12.422044]], [[92.720699, 12.778785], [92.723846, 12.762044], [92.716568, 12.772171], [92.718415, 12.778405], [92.713756, 12.779104], [92.716412, 12.788161], [92.720699, 12.778785]], [[92.613486, 10.927382], [92.604752, 10.937335], [92.618236, 10.931803], [92.613486, 10.927382]], [[92.914622, 12.355544], [92.917035, 12.350398], [92.909663, 12.338002], [92.909098, 12.350429], [92.914622, 12.355544]], [[93.682558, 7.4011], [93.674711, 7.400259], [93.671107, 7.40942], [93.678615, 7.411504], [93.682558, 7.4011]], [[92.6612, 10.981949], [92.658571, 10.989643], [92.66607, 10.991731], [92.667927, 10.985682], [92.6612, 10.981949]], [[92.72804, 11.9466], [92.730706, 11.944706], [92.724922, 11.941638], [92.723404, 11.944801], [92.725275, 11.955962], [92.732037, 11.959977], [92.72804, 11.9466]], [[92.788041, 12.883347], [92.78132, 12.884055], [92.78237, 12.892913], [92.791109, 12.891147], [92.788041, 12.883347]], [[92.866009, 12.235238], [92.860614, 12.242655], [92.863955, 12.250723], [92.868298, 12.248549], [92.866009, 12.235238]], [[92.962466, 12.947722], [92.968999, 12.944859], [92.950114, 12.940428], [92.957531, 12.948911], [92.962466, 12.947722]], [[92.77219, 12.932521], [92.775533, 12.927451], [92.771747, 12.917449], [92.768656, 12.924575], [92.77219, 12.932521]], [[92.861975, 12.412561], [92.857742, 12.41707], [92.86749, 12.420343], [92.868257, 12.414131], [92.861975, 12.412561]], [[92.756259, 12.901949], [92.752084, 12.889633], [92.753188, 12.913743], [92.756259, 12.901949]], [[92.712957, 12.692885], [92.710495, 12.680105], [92.708309, 12.69191], [92.710184, 12.695479], [92.712957, 12.692885]], [[93.080123, 11.778835], [93.076473, 11.780788], [93.078241, 11.786198], [93.085073, 11.78841], [93.080123, 11.778835]], [[92.602733, 11.533384], [92.604832, 11.521681], [92.599666, 11.529651], [92.60123, 11.537511], [92.602733, 11.533384]], [[92.765206, 12.869969], [92.76322, 12.855593], [92.759974, 12.868458], [92.764651, 12.873178], [92.765206, 12.869969]], [[92.81306, 13.418258], [92.817732, 13.416391], [92.813408, 13.403663], [92.81306, 13.418258]], [[93.756272, 7.403472], [93.756727, 7.396333], [93.750421, 7.400333], [93.756272, 7.403472]], [[92.764559, 12.934607], [92.763021, 12.925622], [92.759048, 12.935247], [92.764559, 12.934607]], [[92.937969, 12.917908], [92.933816, 12.910983], [92.928818, 12.916787], [92.937969, 12.917908]], [[92.759192, 12.180829], [92.762483, 12.177359], [92.75839, 12.164634], [92.754611, 12.180931], [92.759192, 12.180829]], [[92.8697, 13.512886], [92.871048, 13.502233], [92.86557, 13.505109], [92.868767, 13.503636], [92.8697, 13.512886]], [[93.089695, 13.410092], [93.086199, 13.415886], [93.09197, 13.419715], [93.089695, 13.410092]], [[93.071376, 13.430725], [93.068896, 13.413103], [93.06617, 13.422517], [93.071376, 13.430725]], [[93.056013, 12.119742], [93.053329, 12.10911], [93.048866, 12.116577], [93.056013, 12.119742]], [[92.676447, 11.182859], [92.679587, 11.180554], [92.674977, 11.177723], [92.672122, 11.185519], [92.6742, 11.189909], [92.676447, 11.182859]], [[93.636638, 7.478535], [93.640274, 7.47243], [93.632598, 7.473338], [93.636638, 7.478535]], [[92.917999, 13.511505], [92.91335, 13.507127], [92.915015, 13.51428], [92.917999, 13.511505]], [[92.724084, 12.736024], [92.724383, 12.735992], [92.724627, 12.736055], [92.725083, 12.736231], [92.725498, 12.736426], [92.725723, 12.736448], [92.725967, 12.736376], [92.726096, 12.736272], [92.726299, 12.735906], [92.72646, 12.735431], [92.726441, 12.734952], [92.726524, 12.734627], [92.726694, 12.734373], [92.726943, 12.734071], [92.726998, 12.733872], [92.727053, 12.733492], [92.7272, 12.733212], [92.72755, 12.732828], [92.728022, 12.732247], [92.728418, 12.731555], [92.728832, 12.730583], [92.728887, 12.730222], [92.728887, 12.729851], [92.728758, 12.729472], [92.728556, 12.729106], [92.728284, 12.728803], [92.728155, 12.72873], [92.727985, 12.728712], [92.727805, 12.728807], [92.72752, 12.728471], [92.727478, 12.728371], [92.727207, 12.728001], [92.727151, 12.727589], [92.727119, 12.727305], [92.727004, 12.72716], [92.726861, 12.727151], [92.72664, 12.727472], [92.726465, 12.727793], [92.726212, 12.727947], [92.725867, 12.728087], [92.72565, 12.728222], [92.725595, 12.728489], [92.725618, 12.728787], [92.725618, 12.729031], [92.725407, 12.729407], [92.725218, 12.729836], [92.725167, 12.730175], [92.72502, 12.730473], [92.724804, 12.730903], [92.724771, 12.730894], [92.724643, 12.730876], [92.72461, 12.730894], [92.724601, 12.731034], [92.724242, 12.731757], [92.724201, 12.732164], [92.724233, 12.732345], [92.724314, 12.732548], [92.724401, 12.732697], [92.724355, 12.732869], [92.724355, 12.732914], [92.724143, 12.73305], [92.723476, 12.733547], [92.723006, 12.73408], [92.722762, 12.73451], [92.72268, 12.735007], [92.722532, 12.735151], [92.722003, 12.735581], [92.721812, 12.735873], [92.721621, 12.736164], [92.721612, 12.736507], [92.721686, 12.736724], [92.721824, 12.737072], [92.721847, 12.737601], [92.721999, 12.737637], [92.722132, 12.737529], [92.722441, 12.73723], [92.723513, 12.736372], [92.724084, 12.736024]], [[92.733055, 11.145259], [92.729008, 11.141814], [92.725552, 11.145064], [92.730881, 11.149065], [92.733055, 11.145259]], [[93.642846, 8.394585], [93.646246, 8.391289], [93.643395, 8.389444], [93.63362, 8.394784], [93.642846, 8.394585]], [[92.765312, 11.676949], [92.761111, 11.669207], [92.759828, 11.676832], [92.765309, 11.680413], [92.765312, 11.676949]], [[92.722524, 12.692838], [92.716553, 12.685707], [92.719444, 12.696387], [92.722524, 12.692838]], [[92.907304, 13.536638], [92.911509, 13.533836], [92.904826, 13.530592], [92.907304, 13.536638]], [[92.697366, 11.663964], [92.69976, 11.659176], [92.692173, 11.660567], [92.697366, 11.663964]], [[92.562367, 11.395418], [92.555175, 11.391441], [92.556986, 11.396794], [92.562367, 11.395418]], [[93.095643, 13.437716], [93.101997, 13.430414], [93.096839, 13.431769], [93.095643, 13.437716]], [[92.917015, 13.039834], [92.913239, 13.043036], [92.916107, 13.048137], [92.917015, 13.039834]], [[92.764302, 12.917981], [92.761309, 12.92174], [92.765462, 12.926323], [92.764302, 12.917981]], [[92.735094, 12.280588], [92.734832, 12.279924], [92.734694, 12.280417], [92.734469, 12.281117], [92.734276, 12.281786], [92.734194, 12.282469], [92.734263, 12.283188], [92.734539, 12.283531], [92.734696, 12.284037], [92.734595, 12.284892], [92.734333, 12.285524], [92.734039, 12.286035], [92.733984, 12.286754], [92.733971, 12.287211], [92.733778, 12.288219], [92.734128, 12.288987], [92.734542, 12.290062], [92.734772, 12.290953], [92.735172, 12.291942], [92.735458, 12.292751], [92.735816, 12.292742], [92.736202, 12.292869], [92.736772, 12.292715], [92.737167, 12.292547], [92.737255, 12.292353], [92.737167, 12.292009], [92.737098, 12.291566], [92.737148, 12.291042], [92.73701, 12.290577], [92.737028, 12.289862], [92.736922, 12.289451], [92.736872, 12.288936], [92.73661, 12.288579], [92.736591, 12.288222], [92.73649, 12.288023], [92.736315, 12.286911], [92.736121, 12.285903], [92.736034, 12.285031], [92.736001, 12.284245], [92.735757, 12.28363], [92.735964, 12.283015], [92.735807, 12.282333], [92.735545, 12.281442], [92.735094, 12.280588]], [[93.025486, 12.274343], [93.02105, 12.275711], [93.028283, 12.279736], [93.025486, 12.274343]], [[92.598275, 11.913767], [92.595261, 11.906167], [92.59458, 11.915091], [92.599307, 11.918256], [92.598275, 11.913767]], [[93.074095, 13.302032], [93.076938, 13.300193], [93.070723, 13.298189], [93.074095, 13.302032]], [[93.619988, 7.331168], [93.622868, 7.328187], [93.619388, 7.325519], [93.616834, 7.330964], [93.619988, 7.331168]], [[93.018428, 13.345176], [93.019074, 13.344814], [93.019092, 13.34485], [93.019448, 13.344471], [93.019679, 13.343856], [93.019527, 13.343323], [93.018997, 13.34246], [93.018471, 13.341406], [93.018296, 13.340028], [93.018393, 13.339512], [93.018684, 13.33907], [93.019077, 13.338803], [93.019331, 13.338365], [93.019312, 13.338094], [93.019096, 13.337786], [93.018316, 13.337135], [93.017282, 13.336601], [93.017047, 13.336696], [93.017102, 13.337004], [93.017282, 13.337288], [93.017513, 13.337731], [93.017494, 13.337962], [93.017203, 13.338093], [93.016751, 13.338038], [93.0164, 13.338056], [93.016104, 13.338458], [93.016206, 13.339032], [93.016284, 13.339453], [93.01603, 13.340239], [93.015637, 13.341482], [93.015461, 13.342535], [93.015636, 13.343186], [93.016476, 13.344659], [93.01702, 13.345062], [93.017412, 13.345464], [93.017726, 13.345577], [93.018017, 13.34556], [93.018155, 13.345406], [93.018428, 13.345176]], [[92.902869, 12.421524], [92.898169, 12.421632], [92.898475, 12.425611], [92.902869, 12.421524]], [[92.681588, 12.214498], [92.681368, 12.214448], [92.681087, 12.214543], [92.680752, 12.214728], [92.68044, 12.215018], [92.680293, 12.215203], [92.680022, 12.215687], [92.679797, 12.216184], [92.679369, 12.216835], [92.679144, 12.21707], [92.678873, 12.217685], [92.678786, 12.218128], [92.67875, 12.219158], [92.679287, 12.219619], [92.679448, 12.219823], [92.680046, 12.221481], [92.680405, 12.222281], [92.680896, 12.223253], [92.6812, 12.223655], [92.681361, 12.223754], [92.681544, 12.223777], [92.681747, 12.223709], [92.681862, 12.22361], [92.681953, 12.223461], [92.682008, 12.223225], [92.682022, 12.222891], [92.681981, 12.222258], [92.681746, 12.220342], [92.681718, 12.219786], [92.681805, 12.21932], [92.682049, 12.218471], [92.682361, 12.216893], [92.682379, 12.216518], [92.682301, 12.215876], [92.682085, 12.215121], [92.681763, 12.214647], [92.681588, 12.214498]], [[92.728924, 12.184364], [92.724187, 12.18503], [92.729257, 12.189331], [92.728924, 12.184364]], [[92.75031, 12.890879], [92.749227, 12.89078], [92.748619, 12.891249], [92.748476, 12.891882], [92.748245, 12.892601], [92.748161, 12.893296], [92.747991, 12.89397], [92.74793, 12.894584], [92.748073, 12.895321], [92.748284, 12.895999], [92.748302, 12.89651], [92.748951, 12.897124], [92.74943, 12.897229], [92.750034, 12.89694], [92.750453, 12.896551], [92.750539, 12.896454], [92.750768, 12.896191], [92.750956, 12.895977], [92.751122, 12.895322], [92.751413, 12.894441], [92.751915, 12.894156], [92.752289, 12.893442], [92.752123, 12.892927], [92.751686, 12.892394], [92.751875, 12.891784], [92.751604, 12.891372], [92.751042, 12.891042], [92.75031, 12.890879]], [[92.754009, 12.141228], [92.75349, 12.140975], [92.752975, 12.14139], [92.753186, 12.142037], [92.753021, 12.142452], [92.752878, 12.1437], [92.753066, 12.144441], [92.753116, 12.145689], [92.75335, 12.146335], [92.75391, 12.147031], [92.754075, 12.147701], [92.75424, 12.148026], [92.754754, 12.14865], [92.755553, 12.149622], [92.755815, 12.14978], [92.756238, 12.149853], [92.756472, 12.149528], [92.756477, 12.149198], [92.75661, 12.148832], [92.756661, 12.148398], [92.756776, 12.148117], [92.75713, 12.147263], [92.757576, 12.1465], [92.757507, 12.146179], [92.757245, 12.145876], [92.756543, 12.14546], [92.755417, 12.144976], [92.75511, 12.14451], [92.754664, 12.144049], [92.754642, 12.143655], [92.754665, 12.14338], [92.754596, 12.142937], [92.754408, 12.142177], [92.754009, 12.141228]], [[93.052656, 13.559925], [93.051162, 13.564344], [93.055523, 13.566135], [93.052656, 13.559925]], [[92.724734, 11.990178], [92.724926, 11.990096], [92.725257, 11.990087], [92.725487, 11.990119], [92.725661, 11.990191], [92.726056, 11.990231], [92.726322, 11.990131], [92.726464, 11.989964], [92.726506, 11.989833], [92.72662, 11.988451], [92.726588, 11.988089], [92.726533, 11.987895], [92.726156, 11.987227], [92.726106, 11.987213], [92.725738, 11.986712], [92.725086, 11.986071], [92.72476, 11.985791], [92.724305, 11.98505], [92.724282, 11.984594], [92.724365, 11.98416], [92.724365, 11.983691], [92.724126, 11.983167], [92.72368, 11.982733], [92.72346, 11.982611], [92.723139, 11.982589], [92.722781, 11.982612], [92.722312, 11.98273], [92.721803, 11.982784], [92.72178, 11.982942], [92.721596, 11.983092], [92.721445, 11.983141], [92.721445, 11.983259], [92.721215, 11.983467], [92.721555, 11.983869], [92.722203, 11.984207], [92.722244, 11.98455], [92.722304, 11.984654], [92.722933, 11.984988], [92.722965, 11.985119], [92.722855, 11.98614], [92.722928, 11.986425], [92.722988, 11.986529], [92.723126, 11.986596], [92.72331, 11.986637], [92.723535, 11.98675], [92.72364, 11.986957], [92.723654, 11.987138], [92.723732, 11.987242], [92.724187, 11.9873], [92.724356, 11.98735], [92.724503, 11.98749], [92.72466, 11.987729], [92.724692, 11.988294], [92.724678, 11.988782], [92.724587, 11.989333], [92.724541, 11.989383], [92.724527, 11.989482], [92.724472, 11.989532], [92.72449, 11.989577], [92.724261, 11.989726], [92.723779, 11.989975], [92.72292, 11.990278], [92.722714, 11.990473], [92.722705, 11.990992], [92.722787, 11.991322], [92.722833, 11.991345], [92.722879, 11.99153], [92.723123, 11.991823], [92.723274, 11.991959], [92.72371, 11.991999], [92.723811, 11.991977], [92.723963, 11.991791], [92.724077, 11.991235], [92.724325, 11.990503], [92.724734, 11.990178]], [[92.775348, 12.016062], [92.770674, 12.01338], [92.770173, 12.016882], [92.775348, 12.016062]], [[92.768295, 12.288623], [92.768146, 12.288449], [92.768015, 12.288449], [92.767852, 12.288487], [92.767751, 12.288458], [92.76742, 12.288489], [92.767125, 12.288561], [92.766902, 12.288663], [92.766597, 12.288726], [92.766264, 12.288842], [92.766029, 12.288991], [92.765818, 12.289314], [92.765824, 12.289565], [92.765955, 12.290001], [92.76619, 12.290329], [92.7665, 12.290704], [92.766987, 12.291197], [92.767086, 12.291328], [92.767297, 12.291642], [92.767392, 12.291764], [92.767483, 12.291902], [92.767669, 12.292361], [92.76781, 12.292727], [92.767993, 12.29295], [92.76815, 12.2931], [92.768278, 12.293285], [92.768393, 12.293552], [92.768536, 12.293961], [92.768667, 12.29434], [92.768738, 12.294501], [92.769096, 12.29484], [92.769409, 12.295077], [92.769554, 12.295104], [92.769756, 12.295084], [92.769958, 12.294994], [92.770163, 12.294779], [92.770294, 12.29451], [92.770443, 12.294273], [92.77056, 12.294056], [92.770698, 12.293952], [92.770868, 12.293805], [92.77094, 12.29367], [92.770949, 12.293559], [92.770701, 12.293161], [92.770453, 12.292743], [92.770218, 12.292361], [92.76997, 12.291977], [92.76969, 12.291412], [92.769557, 12.291089], [92.769414, 12.290781], [92.769302, 12.290478], [92.769049, 12.290031], [92.768902, 12.289834], [92.768732, 12.289545], [92.768569, 12.289167], [92.768465, 12.288948], [92.768295, 12.288623]], [[92.546993, 11.393552], [92.544843, 11.395843], [92.549821, 11.39717], [92.546993, 11.393552]], [[92.69819, 12.243547], [92.698084, 12.24347], [92.697914, 12.24352], [92.697744, 12.243683], [92.697285, 12.244271], [92.696844, 12.244723], [92.696168, 12.245247], [92.695534, 12.245654], [92.695245, 12.245799], [92.694946, 12.246088], [92.694712, 12.246454], [92.694634, 12.246789], [92.694703, 12.247232], [92.695314, 12.248804], [92.695609, 12.249387], [92.695995, 12.249875], [92.696271, 12.25011], [92.69645, 12.250187], [92.696537, 12.250137], [92.697194, 12.249179], [92.697594, 12.248736], [92.697837, 12.248392], [92.69814, 12.248117], [92.698242, 12.247931], [92.698255, 12.247787], [92.698182, 12.247177], [92.698361, 12.2463], [92.698314, 12.245884], [92.69814, 12.245012], [92.69819, 12.243547]], [[92.575005, 11.567077], [92.574826, 11.566222], [92.574707, 11.566001], [92.574721, 11.565938], [92.574574, 11.565766], [92.574464, 11.565734], [92.574157, 11.565436], [92.574148, 11.565038], [92.574198, 11.564744], [92.574189, 11.56464], [92.574006, 11.563998], [92.573841, 11.563112], [92.573786, 11.563045], [92.573781, 11.562923], [92.573712, 11.562823], [92.573698, 11.562724], [92.573639, 11.562697], [92.57362, 11.562629], [92.573538, 11.562557], [92.573506, 11.56248], [92.573391, 11.562425], [92.573304, 11.562317], [92.572928, 11.562227], [92.572515, 11.562276], [92.572236, 11.562358], [92.57186, 11.562543], [92.571695, 11.562719], [92.571686, 11.562805], [92.571594, 11.563], [92.571585, 11.563348], [92.571635, 11.563732], [92.572057, 11.565341], [92.5723, 11.566051], [92.572465, 11.566358], [92.572584, 11.566693], [92.572731, 11.566846], [92.573029, 11.566837], [92.57307, 11.566815], [92.573153, 11.566684], [92.573222, 11.56667], [92.573428, 11.566444], [92.573543, 11.566367], [92.573643, 11.566363], [92.573813, 11.566471], [92.573877, 11.566589], [92.573868, 11.566679], [92.57374, 11.566973], [92.573689, 11.567154], [92.573657, 11.567479], [92.573721, 11.567533], [92.573891, 11.56785], [92.574272, 11.568193], [92.574464, 11.568433], [92.574597, 11.568686], [92.574648, 11.568993], [92.574836, 11.569766], [92.575014, 11.570187], [92.575106, 11.570259], [92.575179, 11.570408], [92.575395, 11.570598], [92.575537, 11.570661], [92.575757, 11.570661], [92.575886, 11.570463], [92.575909, 11.570047], [92.575826, 11.569305], [92.575881, 11.568478], [92.575743, 11.568112], [92.575588, 11.567899], [92.57517, 11.56752], [92.575005, 11.567077]], [[92.609299, 11.504304], [92.609029, 11.504254], [92.608689, 11.504286], [92.608524, 11.50448], [92.608446, 11.504674], [92.608332, 11.505131], [92.608272, 11.505538], [92.608172, 11.505954], [92.608172, 11.506392], [92.608286, 11.506853], [92.608318, 11.506889], [92.608355, 11.507066], [92.608506, 11.507305], [92.608782, 11.507585], [92.608937, 11.507703], [92.610001, 11.508232], [92.61067, 11.508783], [92.611042, 11.509004], [92.611248, 11.509158], [92.612028, 11.50994], [92.612229, 11.509985], [92.612344, 11.510048], [92.612931, 11.510116], [92.613192, 11.510315], [92.613252, 11.51032], [92.613316, 11.510433], [92.613554, 11.510627], [92.613797, 11.51074], [92.614196, 11.510726], [92.614471, 11.510568], [92.614531, 11.510496], [92.614544, 11.510437], [92.614517, 11.510175], [92.614301, 11.510026], [92.613696, 11.509705], [92.613242, 11.509411], [92.613063, 11.509244], [92.612651, 11.508945], [92.612119, 11.50839], [92.611858, 11.50796], [92.61178, 11.50777], [92.611239, 11.506821], [92.610922, 11.50613], [92.610716, 11.505592], [92.610519, 11.505207], [92.61006, 11.504633], [92.609803, 11.504462], [92.609299, 11.504304]], [[92.880518, 12.245109], [92.879796, 12.244888], [92.879415, 12.244974], [92.879157, 12.245308], [92.878849, 12.246041], [92.87873, 12.246786], [92.878523, 12.24755], [92.878179, 12.248038], [92.877903, 12.248685], [92.878041, 12.249209], [92.87799, 12.249494], [92.877972, 12.250258], [92.878211, 12.250511], [92.878486, 12.250664], [92.878781, 12.250579], [92.879401, 12.250375], [92.880003, 12.249937], [92.880725, 12.249345], [92.881051, 12.248748], [92.881258, 12.248255], [92.881239, 12.247053], [92.881101, 12.246257], [92.880913, 12.245702], [92.880518, 12.245109]], [[93.072069, 12.327651], [93.072239, 12.327262], [93.072749, 12.326846], [93.07314, 12.326602], [93.073297, 12.326232], [93.073352, 12.325865], [93.07343, 12.325477], [93.073495, 12.32535], [93.073481, 12.325174], [93.073283, 12.325124], [93.073012, 12.325318], [93.072672, 12.325395], [93.072446, 12.32559], [93.072341, 12.325752], [93.071977, 12.325766], [93.071752, 12.325639], [93.071398, 12.325589], [93.071072, 12.325684], [93.070759, 12.325752], [93.070327, 12.325702], [93.069334, 12.325752], [93.068732, 12.325639], [93.068249, 12.325494], [93.067775, 12.325638], [93.067123, 12.325638], [93.06618, 12.325507], [93.065734, 12.325557], [93.065017, 12.325312], [93.064337, 12.32533], [93.06401, 12.325362], [93.063932, 12.325556], [93.064323, 12.325588], [93.06504, 12.325683], [93.065606, 12.325877], [93.066051, 12.326149], [93.066286, 12.326262], [93.066442, 12.326474], [93.066598, 12.326809], [93.066676, 12.32684], [93.067003, 12.326809], [93.067435, 12.326877], [93.067908, 12.327311], [93.068009, 12.327614], [93.068078, 12.32784], [93.068207, 12.327858], [93.068483, 12.327745], [93.068731, 12.327582], [93.069191, 12.327646], [93.07017, 12.327601], [93.070667, 12.327424], [93.07097, 12.327406], [93.071228, 12.327506], [93.07148, 12.327795], [93.071793, 12.32813], [93.071977, 12.328098], [93.072078, 12.327922], [93.072069, 12.327651]], [[92.916037, 13.057846], [92.915691, 13.057837], [92.915516, 13.057882], [92.915207, 13.058153], [92.914765, 13.058447], [92.914484, 13.058876], [92.914069, 13.059602], [92.91387, 13.060054], [92.91352, 13.060913], [92.913451, 13.061378], [92.913571, 13.06174], [92.913649, 13.062006], [92.913741, 13.062205], [92.91405, 13.062626], [92.914281, 13.062849], [92.914553, 13.062962], [92.914788, 13.063044], [92.915087, 13.063066], [92.915383, 13.062985], [92.915986, 13.062538], [92.916217, 13.061751], [92.916535, 13.060771], [92.916775, 13.060233], [92.916775, 13.059866], [92.916779, 13.059812], [92.916793, 13.059487], [92.916821, 13.059035], [92.916826, 13.058746], [92.916715, 13.058483], [92.916411, 13.05809], [92.916245, 13.057977], [92.916037, 13.057846]], [[93.000806, 13.568748], [93.000275, 13.56839], [92.999573, 13.568462], [92.998857, 13.568982], [92.998357, 13.569429], [92.99784, 13.570174], [92.997839, 13.570635], [92.998297, 13.571128], [92.998842, 13.571264], [92.999179, 13.571562], [92.999636, 13.572114], [92.999954, 13.572544], [93.000763, 13.57235], [93.001188, 13.571921], [93.001493, 13.571695], [93.002085, 13.571415], [93.00233, 13.571026], [93.002131, 13.57052], [93.00172, 13.570163], [93.001342, 13.569566], [93.000806, 13.568748]], [[92.725975, 12.83472], [92.725966, 12.834715], [92.725975, 12.834715], [92.725961, 12.834629], [92.725961, 12.834476], [92.725878, 12.834037], [92.725708, 12.83361], [92.725256, 12.833154], [92.724708, 12.832562], [92.724461, 12.832353], [92.724216, 12.832146], [92.723865, 12.831965], [92.723723, 12.832078], [92.72364, 12.832268], [92.723612, 12.832517], [92.723626, 12.833086], [92.723668, 12.833778], [92.723668, 12.834053], [92.723751, 12.834383], [92.723926, 12.834727], [92.723871, 12.835219], [92.723919, 12.835558], [92.724104, 12.835771], [92.724426, 12.835911], [92.724647, 12.836119], [92.724887, 12.836476], [92.724984, 12.837081], [92.725126, 12.837542], [92.725357, 12.837967], [92.725569, 12.838283], [92.726011, 12.838692], [92.726356, 12.838805], [92.726536, 12.838652], [92.726623, 12.838082], [92.726623, 12.837377], [92.726632, 12.836803], [92.726581, 12.8365], [92.726438, 12.835877], [92.726305, 12.835615], [92.726215, 12.835294], [92.726044, 12.834937], [92.725975, 12.83472]], [[93.0915, 13.411381], [93.091278, 13.411164], [93.090415, 13.411697], [93.090613, 13.412226], [93.090909, 13.413505], [93.091721, 13.414978], [93.092635, 13.416352], [93.093198, 13.417509], [93.093272, 13.418138], [93.093641, 13.418377], [93.093789, 13.418911], [93.093419, 13.41939], [93.093715, 13.419679], [93.094163, 13.418739], [93.09426, 13.418183], [93.094408, 13.417026], [93.094311, 13.415919], [93.093817, 13.414906], [93.092829, 13.414084], [93.092312, 13.413505], [93.09192, 13.412515], [93.091818, 13.412032], [93.0915, 13.411381]], [[92.603378, 11.929209], [92.603199, 11.92901], [92.602946, 11.929331], [92.603047, 11.930927], [92.603198, 11.931953], [92.602514, 11.932627], [92.602487, 11.93335], [92.602716, 11.933947], [92.602436, 11.934493], [92.602032, 11.934769], [92.601601, 11.934968], [92.6015, 11.935393], [92.602234, 11.935868], [92.603221, 11.936089], [92.604107, 11.935791], [92.60469, 11.935343], [92.604717, 11.93472], [92.604337, 11.933074], [92.604084, 11.931628], [92.603781, 11.930357], [92.603603, 11.929557], [92.603378, 11.929209]], [[92.582407, 11.982374], [92.582463, 11.982315], [92.58255, 11.982117], [92.582583, 11.981543], [92.582675, 11.981249], [92.582689, 11.980856], [92.582616, 11.980197], [92.582749, 11.979551], [92.583016, 11.97885], [92.583067, 11.978561], [92.583099, 11.977893], [92.583054, 11.977748], [92.582728, 11.977581], [92.582535, 11.977567], [92.582182, 11.977468], [92.581631, 11.97721], [92.581383, 11.977169], [92.58102, 11.977178], [92.580933, 11.977223], [92.580722, 11.977513], [92.580226, 11.977711], [92.580061, 11.977887], [92.580028, 11.978249], [92.580115, 11.978488], [92.580358, 11.97889], [92.580381, 11.979279], [92.58044, 11.979523], [92.580573, 11.979826], [92.580738, 11.980083], [92.581059, 11.980345], [92.581091, 11.980526], [92.580967, 11.980878], [92.581086, 11.981041], [92.581412, 11.98133], [92.581563, 11.981529], [92.581609, 11.981732], [92.581347, 11.98203], [92.581329, 11.982085], [92.581462, 11.982315], [92.581733, 11.982442], [92.581985, 11.982374], [92.582063, 11.982424], [92.582233, 11.982464], [92.582407, 11.982374]], [[92.874285, 13.540559], [92.874382, 13.54013], [92.874521, 13.539782], [92.874756, 13.539543], [92.875066, 13.539312], [92.875167, 13.539235], [92.875722, 13.53896], [92.876225, 13.538702], [92.87665, 13.5383], [92.876844, 13.537952], [92.876895, 13.537762], [92.87684, 13.537577], [92.876743, 13.537468], [92.876498, 13.537337], [92.876184, 13.537143], [92.875865, 13.536912], [92.875574, 13.536691], [92.875449, 13.536514], [92.875316, 13.53632], [92.874997, 13.535759], [92.874914, 13.535574], [92.874826, 13.535488], [92.874674, 13.535479], [92.874595, 13.535583], [92.87466, 13.535809], [92.874678, 13.535845], [92.87465, 13.535931], [92.874609, 13.536017], [92.874535, 13.536049], [92.874443, 13.536044], [92.874387, 13.536044], [92.874336, 13.536076], [92.874309, 13.536166], [92.874346, 13.536288], [92.874373, 13.536437], [92.87435, 13.536523], [92.87429, 13.536573], [92.874156, 13.5366], [92.873981, 13.536622], [92.873833, 13.536645], [92.873611, 13.536627], [92.873477, 13.536631], [92.873445, 13.536672], [92.873412, 13.536749], [92.873412, 13.536844], [92.87344, 13.53702], [92.873449, 13.537237], [92.873472, 13.537522], [92.873445, 13.537807], [92.873334, 13.538051], [92.873223, 13.538263], [92.873181, 13.538399], [92.873181, 13.538575], [92.87332, 13.538792], [92.873578, 13.539145], [92.873731, 13.539384], [92.873823, 13.539601], [92.873805, 13.539818], [92.873763, 13.540103], [92.873721, 13.540333], [92.873666, 13.540482], [92.873574, 13.540482], [92.873463, 13.540632], [92.873518, 13.540767], [92.873624, 13.540912], [92.873763, 13.540993], [92.873943, 13.54102], [92.873943, 13.541129], [92.874012, 13.54121], [92.874137, 13.541061], [92.874271, 13.540871], [92.874257, 13.540695], [92.874285, 13.540559]], [[92.876574, 12.294114], [92.876417, 12.294125], [92.876263, 12.294181], [92.876137, 12.294287], [92.876068, 12.294405], [92.875967, 12.294579], [92.875903, 12.294791], [92.875875, 12.294979], [92.875868, 12.295146], [92.875919, 12.295433], [92.875983, 12.295707], [92.876077, 12.295912], [92.876236, 12.296174], [92.876369, 12.296479], [92.876521, 12.296753], [92.876769, 12.29709], [92.876957, 12.297239], [92.877173, 12.297359], [92.877343, 12.297515], [92.877686, 12.297919], [92.877771, 12.298057], [92.877835, 12.298107], [92.877876, 12.298112], [92.877954, 12.298118], [92.87812, 12.298107], [92.87834, 12.298069], [92.878589, 12.298033], [92.878759, 12.297951], [92.878924, 12.297814], [92.879241, 12.297409], [92.879368, 12.29721], [92.879411, 12.296998], [92.879444, 12.296718], [92.879379, 12.296469], [92.879244, 12.296318], [92.879104, 12.296051], [92.878851, 12.295764], [92.87861, 12.29554], [92.87849, 12.295484], [92.878325, 12.295359], [92.878104, 12.295129], [92.877939, 12.294873], [92.877785, 12.294735], [92.877594, 12.29453], [92.877468, 12.294374], [92.877341, 12.294268], [92.877196, 12.294238], [92.876948, 12.294175], [92.876771, 12.294125], [92.876574, 12.294114]], [[92.965868, 13.332606], [92.965596, 13.332243], [92.965017, 13.332496], [92.964546, 13.333519], [92.964441, 13.334279], [92.964404, 13.335112], [92.964454, 13.335601], [92.964716, 13.336099], [92.965314, 13.337028], [92.966155, 13.337272], [92.966622, 13.337365], [92.967492, 13.337537], [92.967233, 13.33697], [92.966897, 13.336539], [92.965969, 13.335039], [92.965707, 13.334542], [92.96588, 13.333854], [92.966068, 13.332819], [92.965868, 13.332606]], [[93.621725, 7.478995], [93.621394, 7.478986], [93.621131, 7.479135], [93.620882, 7.479402], [93.620751, 7.479547], [93.620533, 7.479769], [93.620162, 7.480026], [93.62004, 7.480103], [93.619881, 7.480275], [93.619818, 7.480411], [93.619782, 7.480605], [93.619782, 7.480791], [93.619773, 7.480976], [93.619687, 7.481356], [93.61961, 7.481528], [93.619551, 7.481699], [93.619474, 7.482115], [93.619501, 7.48245], [93.619519, 7.482513], [93.619537, 7.482572], [93.619601, 7.482793], [93.619723, 7.482929], [93.619845, 7.483037], [93.620017, 7.483064], [93.620434, 7.482879], [93.620728, 7.48273], [93.621063, 7.482594], [93.621494, 7.482349], [93.621983, 7.482078], [93.622082, 7.481978], [93.622182, 7.481761], [93.622196, 7.48154], [93.622196, 7.481291], [93.622155, 7.480889], [93.622069, 7.480396], [93.622032, 7.479967], [93.62201, 7.479623], [93.621996, 7.479388], [93.621974, 7.479239], [93.621838, 7.479067], [93.621725, 7.478995]], [[92.794944, 13.168498], [92.794419, 13.168155], [92.793828, 13.168218], [92.793411, 13.16839], [92.793434, 13.16839], [92.792797, 13.169122], [92.792622, 13.169789], [92.792689, 13.17041], [92.793258, 13.170928], [92.793849, 13.171057], [92.795099, 13.170885], [92.795668, 13.170347], [92.795908, 13.169638], [92.795821, 13.168885], [92.79547, 13.168607], [92.794944, 13.168498]], [[92.844574, 12.414929], [92.844298, 12.414938], [92.844001, 12.414977], [92.843797, 12.41507], [92.843608, 12.415153], [92.843406, 12.415293], [92.843178, 12.415485], [92.843059, 12.415555], [92.842911, 12.415693], [92.842794, 12.415879], [92.842739, 12.415987], [92.842606, 12.41608], [92.842596, 12.416218], [92.842606, 12.416432], [92.842716, 12.41671], [92.842785, 12.416982], [92.84281, 12.417196], [92.842944, 12.417474], [92.843084, 12.417682], [92.8433, 12.418005], [92.844542, 12.418001], [92.844684, 12.417736], [92.844919, 12.417458], [92.845124, 12.417234], [92.845413, 12.416925], [92.845547, 12.416717], [92.845655, 12.4164], [92.845632, 12.416125], [92.845553, 12.415924], [92.845459, 12.415738], [92.845459, 12.415578], [92.845293, 12.415399], [92.845098, 12.415223], [92.844886, 12.415069], [92.844574, 12.414929]], [[92.724724, 11.686025], [92.723758, 11.686032], [92.722883, 11.686137], [92.722399, 11.686418], [92.722149, 11.686916], [92.722132, 11.687314], [92.722367, 11.687822], [92.72316, 11.68828], [92.724007, 11.688152], [92.724692, 11.688011], [92.725792, 11.687437], [92.726141, 11.687142], [92.725868, 11.686505], [92.725428, 11.686095], [92.724724, 11.686025]], [[92.723052, 11.140838], [92.722494, 11.140806], [92.722096, 11.140969], [92.721835, 11.14152], [92.721569, 11.142235], [92.72157, 11.142822], [92.721734, 11.143374], [92.721968, 11.143636], [92.72259, 11.143699], [92.723547, 11.143762], [92.72417, 11.143668], [92.724202, 11.1436], [92.724238, 11.143568], [92.724302, 11.143211], [92.724435, 11.142886], [92.724632, 11.142723], [92.724696, 11.142397], [92.724499, 11.142072], [92.723972, 11.141715], [92.723547, 11.14152], [92.723313, 11.141263], [92.723052, 11.140838]], [[92.890945, 12.937708], [92.891489, 12.937418], [92.891544, 12.936813], [92.891309, 12.936401], [92.8903, 12.936184], [92.88995, 12.936157], [92.889627, 12.93566], [92.889175, 12.935081], [92.888604, 12.934683], [92.888166, 12.93434], [92.88783, 12.934299], [92.887719, 12.934561], [92.887918, 12.934932], [92.888097, 12.93551], [92.887987, 12.935741], [92.887959, 12.93603], [92.888166, 12.936401], [92.888461, 12.936885], [92.888798, 12.937296], [92.889051, 12.93768], [92.889429, 12.937816], [92.889862, 12.937694], [92.890452, 12.937708], [92.890945, 12.937708]], [[92.722904, 12.622687], [92.722954, 12.622429], [92.722894, 12.62195], [92.722917, 12.621557], [92.722954, 12.621263], [92.723216, 12.62073], [92.723354, 12.620544], [92.723396, 12.620359], [92.723377, 12.620242], [92.723322, 12.620224], [92.723133, 12.620278], [92.722798, 12.62049], [92.722678, 12.620481], [92.722508, 12.620287], [92.7223, 12.619975], [92.722218, 12.619853], [92.721813, 12.619684], [92.721628, 12.619571], [92.721412, 12.619471], [92.721159, 12.61925], [92.720821, 12.618965], [92.7206, 12.618825], [92.72031, 12.618676], [92.720158, 12.618622], [92.720038, 12.618604], [92.719979, 12.618676], [92.719951, 12.618825], [92.72013, 12.618974], [92.720234, 12.619155], [92.720206, 12.619471], [92.720142, 12.619679], [92.72017, 12.61982], [92.720349, 12.619883], [92.720667, 12.620005], [92.720938, 12.620181], [92.721118, 12.620344], [92.721191, 12.620493], [92.721191, 12.620646], [92.721063, 12.62075], [92.720791, 12.620796], [92.72069, 12.620868], [92.72069, 12.620972], [92.720745, 12.621144], [92.720961, 12.621406], [92.721233, 12.621826], [92.721459, 12.62226], [92.721744, 12.62259], [92.721951, 12.622685], [92.72196, 12.62268], [92.722485, 12.622963], [92.722701, 12.62299], [92.722821, 12.622954], [92.722876, 12.622863], [92.722904, 12.622687]], [[92.728006, 13.09087], [92.727748, 13.090716], [92.72754, 13.09078], [92.727522, 13.091074], [92.727688, 13.091503], [92.727803, 13.09252], [92.728103, 13.093274], [92.728668, 13.094029], [92.729005, 13.094499], [92.729342, 13.095045], [92.729432, 13.095063], [92.729441, 13.095066], [92.729508, 13.095079], [92.729679, 13.095079], [92.730135, 13.095409], [92.730324, 13.095418], [92.730771, 13.095124], [92.730882, 13.094961], [92.730877, 13.094654], [92.730527, 13.094202], [92.729994, 13.093506], [92.729265, 13.092795], [92.728933, 13.092248], [92.728601, 13.091444], [92.728006, 13.09087]], [[92.913953, 13.062712], [92.913727, 13.062382], [92.91305, 13.062504], [92.912704, 13.062874], [92.912538, 13.063308], [92.912464, 13.063561], [92.912432, 13.063715], [92.912538, 13.064397], [92.912584, 13.065157], [92.912644, 13.066156], [92.912679, 13.066748], [92.912729, 13.067028], [92.912789, 13.067132], [92.912886, 13.067209], [92.912992, 13.067272], [92.913001, 13.067272], [92.913126, 13.06701], [92.913437, 13.066206], [92.913856, 13.06536], [92.913967, 13.06485], [92.914304, 13.064309], [92.914396, 13.064011], [92.914405, 13.06364], [92.914354, 13.063369], [92.914239, 13.063112], [92.913953, 13.062712]], [[92.741013, 11.965102], [92.740654, 11.965075], [92.740278, 11.96527], [92.740526, 11.965784], [92.74088, 11.96624], [92.741408, 11.9668], [92.742037, 11.9675], [92.742395, 11.96768], [92.742951, 11.967725], [92.743318, 11.967666], [92.74363, 11.967254], [92.743983, 11.966861], [92.743813, 11.966631], [92.743257, 11.965859], [92.742133, 11.965282], [92.741013, 11.965102]], [[93.085724, 12.228706], [93.085559, 12.227978], [93.085568, 12.227589], [93.085513, 12.227277], [93.085389, 12.227151], [93.085329, 12.227128], [93.085168, 12.227137], [93.084791, 12.227404], [93.084667, 12.227404], [93.084318, 12.227096], [93.084226, 12.227046], [93.084107, 12.227033], [93.083909, 12.227078], [93.083652, 12.22701], [93.083491, 12.22692], [93.083321, 12.226684], [93.083078, 12.226124], [93.082963, 12.225649], [93.082903, 12.225532], [93.082379, 12.225414], [93.082049, 12.225305], [93.08192, 12.225228], [93.081768, 12.225278], [93.081722, 12.225436], [93.081741, 12.225549], [93.081713, 12.225658], [93.081502, 12.225857], [93.081575, 12.225956], [93.08197, 12.226142], [93.081984, 12.226436], [93.082099, 12.226757], [93.082471, 12.226987], [93.083105, 12.227557], [93.083477, 12.227611], [93.083721, 12.227774], [93.083835, 12.228136], [93.083872, 12.228493], [93.083973, 12.228705], [93.084111, 12.228787], [93.084401, 12.228724], [93.084548, 12.228448], [93.084667, 12.228412], [93.084764, 12.228507], [93.084791, 12.228733], [93.084897, 12.228999], [93.085025, 12.229108], [93.0852, 12.229176], [93.085462, 12.229144], [93.08566, 12.228981], [93.085724, 12.228706]], [[92.722135, 11.951383], [92.721809, 11.951325], [92.721488, 11.9517], [92.721644, 11.95231], [92.722213, 11.952644], [92.722296, 11.953678], [92.722516, 11.954301], [92.722723, 11.9545], [92.723012, 11.954626], [92.723517, 11.954499], [92.724049, 11.954327], [92.724545, 11.954015], [92.724586, 11.953807], [92.724416, 11.953329], [92.724255, 11.953071], [92.723539, 11.952358], [92.7232, 11.952051], [92.722135, 11.951383]], [[92.899573, 12.258442], [92.899458, 12.258451], [92.899256, 12.258514], [92.899111, 12.258582], [92.898957, 12.258686], [92.89878, 12.258846], [92.898601, 12.259054], [92.898498, 12.259201], [92.898399, 12.259391], [92.898385, 12.259538], [92.898413, 12.259581], [92.898399, 12.260132], [92.898323, 12.260591], [92.898282, 12.261038], [92.898293, 12.261346], [92.898394, 12.261691], [92.898514, 12.261906], [92.89869, 12.262227], [92.898909, 12.262299], [92.899132, 12.262378], [92.899281, 12.262412], [92.899412, 12.262417], [92.899605, 12.262363], [92.899782, 12.262248], [92.899862, 12.262121], [92.899952, 12.261936], [92.900009, 12.261793], [92.90006, 12.261628], [92.89997, 12.261468], [92.899846, 12.261301], [92.899715, 12.26114], [92.899637, 12.261029], [92.899607, 12.260941], [92.899591, 12.260828], [92.899626, 12.260677], [92.899651, 12.260532], [92.899681, 12.260331], [92.899715, 12.260132], [92.899777, 12.259927], [92.899853, 12.259787], [92.899936, 12.259644], [92.899996, 12.259522], [92.899996, 12.259382], [92.89994, 12.259176], [92.899911, 12.258944], [92.899865, 12.258758], [92.89981, 12.258564], [92.899775, 12.258496], [92.899667, 12.258456], [92.899573, 12.258442]], [[93.060394, 13.224756], [93.06014, 13.224724], [93.05997, 13.22481], [93.059845, 13.224982], [93.059351, 13.225994], [93.058954, 13.226988], [93.058899, 13.227485], [93.059111, 13.228041], [93.059572, 13.228268], [93.060075, 13.228132], [93.060592, 13.227875], [93.060813, 13.227631], [93.060873, 13.227156], [93.060855, 13.226116], [93.060897, 13.225448], [93.060666, 13.225005], [93.060394, 13.224756]], [[92.722766, 12.254486], [92.722817, 12.254346], [92.723313, 12.254418], [92.723493, 12.25426], [92.723313, 12.253997], [92.722693, 12.254016], [92.722339, 12.254364], [92.721581, 12.254766], [92.720997, 12.255359], [92.720782, 12.255635], [92.721296, 12.256349], [92.721848, 12.256647], [92.722413, 12.256732], [92.72291, 12.256678], [92.72365, 12.256298], [92.723879, 12.256104], [92.723879, 12.255963], [92.723704, 12.255634], [92.722978, 12.254888], [92.722766, 12.254486]], [[93.834631, 7.287952], [93.834423, 7.287871], [93.834278, 7.287911], [93.834038, 7.288029], [93.833866, 7.288431], [93.833721, 7.288906], [93.833784, 7.289485], [93.833802, 7.290086], [93.833879, 7.290204], [93.834119, 7.290362], [93.83439, 7.290461], [93.834789, 7.290525], [93.835061, 7.290525], [93.835282, 7.290565], [93.835445, 7.290642], [93.835749, 7.290624], [93.835939, 7.290642], [93.836193, 7.290801], [93.836591, 7.291122], [93.836863, 7.291321], [93.837152, 7.291443], [93.837343, 7.291461], [93.837487, 7.29142], [93.837533, 7.291203], [93.837519, 7.290982], [93.837374, 7.290801], [93.837184, 7.290584], [93.837071, 7.290584], [93.836817, 7.290502], [93.836559, 7.290326], [93.836084, 7.289964], [93.835812, 7.289747], [93.835477, 7.289449], [93.835174, 7.289069], [93.834966, 7.28877], [93.834853, 7.28849], [93.834726, 7.288151], [93.834631, 7.287952]], [[92.627231, 11.542963], [92.6268, 11.542543], [92.626589, 11.542583], [92.626461, 11.543176], [92.626287, 11.543976], [92.626374, 11.54478], [92.626672, 11.545368], [92.626846, 11.545833], [92.627016, 11.546593], [92.627145, 11.547266], [92.627314, 11.547691], [92.62753, 11.548026], [92.627828, 11.548026], [92.628002, 11.547732], [92.628002, 11.546886], [92.627745, 11.54596], [92.627571, 11.54478], [92.627488, 11.543975], [92.627231, 11.542963]], [[93.058987, 13.222292], [93.058688, 13.222225], [93.058291, 13.222396], [93.057922, 13.222789], [93.057539, 13.223214], [93.057313, 13.223625], [93.057243, 13.224154], [93.057276, 13.224819], [93.057086, 13.225365], [93.056653, 13.225808], [93.056616, 13.226079], [93.056911, 13.226355], [93.057381, 13.226373], [93.057732, 13.226355], [93.05799, 13.226116], [93.058184, 13.225759], [93.058198, 13.225677], [93.058374, 13.224462], [93.058724, 13.22359], [93.058969, 13.223165], [93.059107, 13.222636], [93.058987, 13.222292]], [[92.865164, 12.305972], [92.865412, 12.305918], [92.865651, 12.3059], [92.86566, 12.305855], [92.865624, 12.305737], [92.865375, 12.305448], [92.865219, 12.30515], [92.865219, 12.304978], [92.865237, 12.304734], [92.865338, 12.304616], [92.865357, 12.304436], [92.865357, 12.304045], [92.86532, 12.303792], [92.865246, 12.303683], [92.864961, 12.303421], [92.864614, 12.303141], [92.864598, 12.303127], [92.863502, 12.302958], [92.86338, 12.302972], [92.86315, 12.30313], [92.862959, 12.303331], [92.863056, 12.303857], [92.863093, 12.304339], [92.863139, 12.304411], [92.86324, 12.304465], [92.863543, 12.304429], [92.863663, 12.304411], [92.863727, 12.304438], [92.863792, 12.304601], [92.863819, 12.304827], [92.863709, 12.305161], [92.863714, 12.305283], [92.863971, 12.305428], [92.864403, 12.305672], [92.86475, 12.305846], [92.865164, 12.305972]], [[92.898438, 12.409575], [92.898512, 12.409245], [92.8985, 12.408771], [92.898479, 12.408466], [92.898286, 12.40819], [92.898146, 12.408147], [92.897824, 12.408147], [92.897714, 12.408251], [92.89761, 12.408348], [92.897438, 12.408517], [92.897309, 12.408822], [92.897116, 12.409087], [92.896966, 12.409256], [92.896943, 12.409372], [92.89681, 12.409548], [92.896693, 12.409548], [92.896594, 12.409997], [92.896497, 12.410585], [92.896647, 12.41094], [92.896865, 12.411414], [92.897159, 12.411733], [92.89746, 12.411905], [92.897688, 12.411853], [92.898035, 12.411629], [92.898148, 12.411184], [92.898125, 12.410881], [92.898088, 12.410569], [92.898031, 12.410402], [92.898157, 12.410122], [92.898415, 12.409679], [92.898438, 12.409575]], [[92.577426, 11.582396], [92.576858, 11.582333], [92.576606, 11.582392], [92.57628, 11.582762], [92.576262, 11.582889], [92.576221, 11.582943], [92.576147, 11.583169], [92.576055, 11.583784], [92.576083, 11.584114], [92.57617, 11.58429], [92.57645, 11.584439], [92.576606, 11.584458], [92.576973, 11.584616], [92.577092, 11.584792], [92.577284, 11.584896], [92.577477, 11.58495], [92.577679, 11.584973], [92.577835, 11.584959], [92.578293, 11.584643], [92.578449, 11.584335], [92.578513, 11.584132], [92.578532, 11.583829], [92.578504, 11.583477], [92.578444, 11.583246], [92.578312, 11.583024], [92.578165, 11.582875], [92.57789, 11.582699], [92.577757, 11.582577], [92.577449, 11.582428], [92.577426, 11.582396]], [[92.931755, 13.049433], [92.931704, 13.049429], [92.931644, 13.04946], [92.931446, 13.050061], [92.931068, 13.050572], [92.930879, 13.051105], [92.930778, 13.05167], [92.930741, 13.052258], [92.930801, 13.052683], [92.930838, 13.05295], [92.930847, 13.053076], [92.93093, 13.053243], [92.931156, 13.053402], [92.931405, 13.053429], [92.931575, 13.053375], [92.931714, 13.053207], [92.93193, 13.052936], [92.932161, 13.052484], [92.932041, 13.052484], [92.93205, 13.052471], [92.93229, 13.052127], [92.932456, 13.05168], [92.93252, 13.051155], [92.93252, 13.05088], [92.93246, 13.050599], [92.932364, 13.050396], [92.932244, 13.050256], [92.932267, 13.050242], [92.932308, 13.050211], [92.932327, 13.050161], [92.93229, 13.050093], [92.932115, 13.049822], [92.931907, 13.049542], [92.931806, 13.049447], [92.931755, 13.049433]], [[92.564941, 11.567728], [92.564725, 11.567737], [92.564656, 11.567764], [92.564542, 11.567913], [92.564436, 11.567999], [92.5644, 11.568081], [92.564239, 11.568153], [92.564101, 11.56827], [92.5639, 11.568533], [92.56395, 11.568976], [92.564028, 11.569229], [92.564477, 11.569916], [92.564675, 11.57011], [92.564899, 11.570282], [92.565436, 11.570553], [92.565702, 11.570639], [92.565931, 11.570675], [92.566192, 11.570648], [92.566454, 11.570549], [92.566577, 11.570449], [92.5666, 11.570359], [92.566651, 11.570314], [92.566651, 11.570088], [92.56655, 11.569902], [92.566096, 11.56945], [92.565894, 11.568912], [92.56572, 11.568609], [92.565505, 11.568388], [92.565463, 11.568311], [92.565335, 11.568225], [92.565129, 11.567891], [92.564941, 11.567728]], [[93.599021, 8.583601], [93.598981, 8.583285], [93.598967, 8.582969], [93.598949, 8.582661], [93.598958, 8.582593], [93.599008, 8.582471], [93.59904, 8.582336], [93.599062, 8.582263], [93.599081, 8.582159], [93.599053, 8.582019], [93.598922, 8.581784], [93.598899, 8.581712], [93.598881, 8.581413], [93.598872, 8.581214], [93.598708, 8.580704], [93.598595, 8.580563], [93.598477, 8.580523], [93.598377, 8.580545], [93.598286, 8.580613], [93.598154, 8.580794], [93.598122, 8.580871], [93.598104, 8.58093], [93.598068, 8.581038], [93.598054, 8.581115], [93.597981, 8.581282], [93.597931, 8.581341], [93.597881, 8.5814], [93.597532, 8.581685], [93.597432, 8.58177], [93.597332, 8.581861], [93.597246, 8.58196], [93.597114, 8.58225], [93.597027, 8.582566], [93.597014, 8.582648], [93.596982, 8.582702], [93.596873, 8.582783], [93.596796, 8.582883], [93.596737, 8.583023], [93.596709, 8.583113], [93.596723, 8.583181], [93.596746, 8.583235], [93.596796, 8.583253], [93.596841, 8.583253], [93.596964, 8.583253], [93.597041, 8.583267], [93.597068, 8.583321], [93.597055, 8.583416], [93.597018, 8.583461], [93.597, 8.583511], [93.597027, 8.583656], [93.597086, 8.583701], [93.597146, 8.58371], [93.5972, 8.583701], [93.597391, 8.583601], [93.597509, 8.583538], [93.597654, 8.583484], [93.597822, 8.583461], [93.597895, 8.58347], [93.598113, 8.583543], [93.598199, 8.583583], [93.598517, 8.583714], [93.598831, 8.583814], [93.598835, 8.583814], [93.598917, 8.583791], [93.59899, 8.583719], [93.599021, 8.583601]], [[92.986622, 12.998734], [92.986184, 12.998594], [92.985944, 12.998617], [92.985681, 12.998829], [92.985613, 12.999304], [92.985664, 13.00009], [92.985843, 13.000384], [92.986083, 13.000542], [92.986383, 13.000619], [92.986622, 13.00066], [92.986945, 13.000718], [92.987226, 13.000813], [92.987424, 13.000935], [92.987627, 13.001071], [92.987747, 13.001071], [92.987908, 13.000894], [92.987987, 13.000677], [92.988208, 13.000483], [92.988328, 13.000239], [92.988051, 12.999773], [92.987986, 12.99948], [92.987968, 12.999421], [92.987788, 12.999186], [92.987345, 12.998928], [92.986944, 12.998811], [92.986622, 12.998734]], [[92.76392, 12.296627], [92.763594, 12.296563], [92.763355, 12.296595], [92.763091, 12.296674], [92.762971, 12.296724], [92.762835, 12.296816], [92.762599, 12.297166], [92.762596, 12.297236], [92.762608, 12.297451], [92.762893, 12.297951], [92.763194, 12.298256], [92.763398, 12.298441], [92.76383, 12.298737], [92.764106, 12.298993], [92.764359, 12.299264], [92.764469, 12.29949], [92.764575, 12.299488], [92.76468, 12.299486], [92.764738, 12.299472], [92.764793, 12.299461], [92.764823, 12.299427], [92.764855, 12.299393], [92.764897, 12.299273], [92.764949, 12.299196], [92.765002, 12.299119], [92.765023, 12.298961], [92.765044, 12.298805], [92.765018, 12.298638], [92.764993, 12.298473], [92.764991, 12.298206], [92.764989, 12.297942], [92.76497, 12.297619], [92.764906, 12.297456], [92.764842, 12.297293], [92.764743, 12.297128], [92.764253, 12.296719], [92.76392, 12.296627]], [[93.076445, 13.36391], [93.07609, 13.363444], [93.07597, 13.36334], [93.075651, 13.363417], [93.075097, 13.363774], [93.075088, 13.363774], [93.074197, 13.364429], [93.073698, 13.364673], [93.073177, 13.364872], [93.072881, 13.365116], [93.07302, 13.365427], [93.073754, 13.365626], [93.073887, 13.36573], [93.074455, 13.365948], [93.074746, 13.365812], [93.075005, 13.365496], [93.075817, 13.364682], [93.076334, 13.364199], [93.076431, 13.364113], [93.076445, 13.36391]], [[92.669133, 12.953973], [92.669188, 12.953697], [92.669175, 12.953503], [92.669147, 12.953435], [92.66911, 12.953363], [92.669041, 12.953281], [92.668893, 12.953123], [92.668728, 12.95301], [92.668626, 12.952884], [92.668502, 12.952752], [92.668428, 12.952694], [92.668308, 12.952599], [92.668223, 12.952549], [92.668159, 12.952517], [92.668043, 12.952517], [92.667926, 12.952572], [92.667866, 12.952608], [92.667838, 12.952662], [92.667843, 12.952752], [92.667903, 12.952865], [92.667953, 12.952947], [92.668023, 12.953019], [92.668096, 12.953091], [92.668175, 12.95315], [92.668294, 12.953222], [92.668382, 12.953295], [92.668456, 12.953363], [92.668465, 12.953417], [92.668456, 12.95348], [92.668354, 12.95353], [92.668234, 12.953516], [92.668138, 12.953476], [92.667986, 12.953403], [92.667861, 12.953335], [92.66776, 12.953249], [92.667645, 12.953136], [92.667603, 12.953082], [92.667539, 12.953078], [92.667529, 12.953078], [92.667497, 12.953137], [92.667497, 12.953159], [92.667516, 12.953209], [92.667516, 12.953268], [92.667511, 12.953344], [92.667483, 12.953385], [92.667368, 12.953403], [92.66723, 12.953385], [92.667147, 12.953344], [92.667069, 12.953272], [92.667009, 12.953204], [92.666972, 12.953141], [92.666898, 12.953082], [92.666829, 12.953051], [92.666765, 12.953051], [92.666672, 12.953064], [92.666608, 12.953105], [92.66658, 12.953213], [92.666576, 12.953313], [92.666576, 12.953394], [92.666576, 12.95353], [92.666617, 12.953774], [92.666728, 12.953977], [92.666788, 12.954054], [92.666838, 12.954108], [92.666884, 12.954144], [92.66693, 12.954158], [92.666976, 12.954162], [92.666986, 12.954162], [92.667032, 12.954131], [92.667073, 12.954076], [92.667092, 12.954036], [92.667119, 12.954], [92.667147, 12.953977], [92.667161, 12.953963], [92.667184, 12.95395], [92.667202, 12.953945], [92.667207, 12.95395], [92.66723, 12.953972], [92.667239, 12.954], [92.667248, 12.954022], [92.667262, 12.954045], [92.667271, 12.954063], [92.66729, 12.95409], [92.667327, 12.954144], [92.667373, 12.954221], [92.66741, 12.954271], [92.667451, 12.954339], [92.667488, 12.95437], [92.667566, 12.95442], [92.667617, 12.954456], [92.667658, 12.954483], [92.667718, 12.95451], [92.66776, 12.954538], [92.667824, 12.954556], [92.667866, 12.954565], [92.667939, 12.954565], [92.668018, 12.954587], [92.668059, 12.954628], [92.668087, 12.954696], [92.668101, 12.954773], [92.66811, 12.954831], [92.668101, 12.954868], [92.668068, 12.954935], [92.667999, 12.955012], [92.667921, 12.955102], [92.667903, 12.955166], [92.66793, 12.955247], [92.667967, 12.955301], [92.668078, 12.955428], [92.668179, 12.955505], [92.668303, 12.955604], [92.668377, 12.955686], [92.668423, 12.95578], [92.668474, 12.955866], [92.668511, 12.955939], [92.668534, 12.955988], [92.668566, 12.956029], [92.668653, 12.955975], [92.668672, 12.955898], [92.66869, 12.955803], [92.66869, 12.955708], [92.668686, 12.955631], [92.668654, 12.955401], [92.668677, 12.955292], [92.668695, 12.955225], [92.668723, 12.955166], [92.668755, 12.95508], [92.668773, 12.955012], [92.668787, 12.954935], [92.668819, 12.954827], [92.66887, 12.954533], [92.668912, 12.954465], [92.669009, 12.954212], [92.669133, 12.953973]], [[92.911394, 12.332059], [92.911311, 12.33205], [92.911212, 12.332077], [92.911111, 12.332125], [92.910939, 12.332229], [92.910801, 12.332319], [92.910638, 12.332461], [92.910518, 12.332574], [92.910436, 12.332683], [92.91036, 12.332812], [92.910279, 12.333038], [92.910187, 12.333338], [92.910118, 12.333589], [92.910068, 12.333908], [92.910054, 12.334111], [92.91004, 12.33433], [92.910063, 12.33459], [92.91044, 12.335239], [92.910721, 12.335503], [92.910854, 12.335478], [92.911024, 12.33518], [92.911146, 12.334796], [92.91133, 12.334353], [92.911339, 12.334315], [92.911424, 12.334249], [92.911497, 12.334152], [92.911576, 12.333976], [92.911635, 12.333824], [92.911681, 12.333639], [92.911732, 12.333357], [92.91175, 12.333061], [92.911782, 12.332816], [92.911792, 12.332647], [92.911752, 12.332491], [92.911704, 12.332333], [92.911644, 12.332188], [92.91161, 12.33212], [92.911578, 12.332091], [92.911541, 12.332068], [92.911458, 12.332059], [92.911394, 12.332059]], [[93.060834, 13.383457], [93.060617, 13.383475], [93.060515, 13.383507], [93.060487, 13.383679], [93.060478, 13.383873], [93.060455, 13.384058], [93.060219, 13.384339], [93.060141, 13.384506], [93.060141, 13.384822], [93.060099, 13.385093], [93.060219, 13.385242], [93.060418, 13.385261], [93.060722, 13.385252], [93.060981, 13.38532], [93.061138, 13.385541], [93.061128, 13.38555], [93.061327, 13.385998], [93.061525, 13.386251], [93.061715, 13.386386], [93.061853, 13.386423], [93.061945, 13.386427], [93.062449, 13.386233], [93.062476, 13.38621], [93.062546, 13.386106], [93.062546, 13.385989], [93.062546, 13.385813], [93.062546, 13.385659], [93.062476, 13.385492], [93.062209, 13.385126], [93.061932, 13.384696], [93.061646, 13.384253], [93.06135, 13.383932], [93.06112, 13.383602], [93.060834, 13.383457]], [[92.892069, 12.897078], [92.89142, 12.897078], [92.890655, 12.897376], [92.890655, 12.898018], [92.890844, 12.898655], [92.891456, 12.899143], [92.892336, 12.899143], [92.892875, 12.898691], [92.892949, 12.897941], [92.892567, 12.897453], [92.892069, 12.897078]], [[93.0976, 12.13428], [93.096979, 12.134126], [93.096823, 12.134257], [93.09664, 12.134705], [93.096502, 12.134845], [93.096442, 12.135089], [93.096563, 12.135804], [93.096687, 12.136201], [93.096904, 12.136658], [93.097047, 12.137051], [93.097488, 12.136988], [93.097713, 12.136803], [93.098048, 12.13669], [93.098287, 12.136667], [93.098434, 12.136585], [93.098443, 12.1365], [93.098144, 12.135984], [93.097913, 12.135478], [93.097844, 12.135193], [93.097807, 12.134723], [93.097751, 12.134447], [93.0976, 12.13428]], [[92.753666, 12.293268], [92.753411, 12.293065], [92.753238, 12.292981], [92.753011, 12.292884], [92.752772, 12.29283], [92.752593, 12.292823], [92.752482, 12.292768], [92.752347, 12.292721], [92.751887, 12.292696], [92.751478, 12.292648], [92.751434, 12.292624], [92.751386, 12.292612], [92.751372, 12.292615], [92.751352, 12.292633], [92.751301, 12.2927], [92.751276, 12.2928], [92.751273, 12.292967], [92.751287, 12.293094], [92.751303, 12.293184], [92.751386, 12.293367], [92.751386, 12.293363], [92.751418, 12.293476], [92.75145, 12.293534], [92.751478, 12.293593], [92.751519, 12.293645], [92.751577, 12.293702], [92.751625, 12.293724], [92.751728, 12.293779], [92.751783, 12.293878], [92.751843, 12.293973], [92.751928, 12.29407], [92.751986, 12.294156], [92.752064, 12.294233], [92.752135, 12.294294], [92.752183, 12.294328], [92.752248, 12.294337], [92.752317, 12.294461], [92.752333, 12.294463], [92.752528, 12.294586], [92.752707, 12.294647], [92.752829, 12.294647], [92.752994, 12.29461], [92.753284, 12.294507], [92.753709, 12.29424], [92.753861, 12.294077], [92.753935, 12.293879], [92.753923, 12.293655], [92.753861, 12.293485], [92.753666, 12.293268]], [[92.73927, 12.11051], [92.738861, 12.110393], [92.738677, 12.110443], [92.738586, 12.11056], [92.738558, 12.110678], [92.738609, 12.110927], [92.739087, 12.111803], [92.739289, 12.112269], [92.739606, 12.112671], [92.739882, 12.11291], [92.740387, 12.113122], [92.740571, 12.112996], [92.74064, 12.112901], [92.740699, 12.111911], [92.740667, 12.111721], [92.740589, 12.11154], [92.740386, 12.111242], [92.740065, 12.110967], [92.73927, 12.11051]], [[92.729585, 12.856824], [92.729819, 12.856684], [92.729847, 12.856698], [92.730243, 12.856743], [92.730566, 12.856571], [92.730635, 12.856309], [92.730367, 12.856011], [92.730068, 12.855717], [92.729888, 12.855505], [92.72964, 12.855382], [92.72987, 12.855355], [92.729902, 12.855274], [92.729621, 12.855026], [92.729322, 12.854781], [92.729018, 12.854718], [92.728635, 12.854741], [92.728424, 12.855003], [92.728226, 12.855442], [92.728184, 12.85574], [92.728346, 12.856074], [92.728581, 12.856427], [92.728659, 12.856471], [92.728913, 12.856617], [92.729039, 12.856689], [92.729189, 12.856775], [92.729585, 12.856824]], [[92.701463, 12.638464], [92.701136, 12.638468], [92.70086, 12.638536], [92.700639, 12.638586], [92.700391, 12.638807], [92.700299, 12.639164], [92.700299, 12.639404], [92.70052, 12.639725], [92.700685, 12.64001], [92.700773, 12.640249], [92.701012, 12.640453], [92.701343, 12.640579], [92.701376, 12.640602], [92.701408, 12.640665], [92.701431, 12.640778], [92.701495, 12.640819], [92.70156, 12.640828], [92.70162, 12.640796], [92.701702, 12.640647], [92.701771, 12.640593], [92.701896, 12.640561], [92.701979, 12.640462], [92.702029, 12.640245], [92.702066, 12.640199], [92.702154, 12.64015], [92.702259, 12.640077], [92.702296, 12.639996], [92.702282, 12.639856], [92.702163, 12.639652], [92.702098, 12.639399], [92.70202, 12.63897], [92.701942, 12.63873], [92.701707, 12.638532], [92.701463, 12.638464]], [[92.670721, 12.951781], [92.670804, 12.951614], [92.670822, 12.951437], [92.670776, 12.951239], [92.670748, 12.951175], [92.670624, 12.951279], [92.670481, 12.951261], [92.670417, 12.951184], [92.670435, 12.95099], [92.67049, 12.950818], [92.670559, 12.950624], [92.670633, 12.950511], [92.670721, 12.950389], [92.670785, 12.950272], [92.670804, 12.950168], [92.670795, 12.950073], [92.670758, 12.950027], [92.670536, 12.950027], [92.670453, 12.950046], [92.670274, 12.950091], [92.670177, 12.950131], [92.669836, 12.950222], [92.669702, 12.950213], [92.669454, 12.950131], [92.669274, 12.9501], [92.669122, 12.950118], [92.669016, 12.950176], [92.668951, 12.950249], [92.668799, 12.95043], [92.668781, 12.950579], [92.668781, 12.950719], [92.66879, 12.950913], [92.668827, 12.951098], [92.668873, 12.951288], [92.66891, 12.951397], [92.669016, 12.95151], [92.669103, 12.951614], [92.669195, 12.951745], [92.669292, 12.951826], [92.669426, 12.951867], [92.669559, 12.951867], [92.669937, 12.951727], [92.670025, 12.951709], [92.670062, 12.951754], [92.670099, 12.95184], [92.670089, 12.95193], [92.670052, 12.952147], [92.670108, 12.952287], [92.67026, 12.952332], [92.670283, 12.952323], [92.670357, 12.952201], [92.670509, 12.952034], [92.670624, 12.951885], [92.670721, 12.951781]], [[92.670431, 12.949472], [92.670504, 12.949458], [92.670564, 12.949458], [92.670675, 12.949494], [92.670707, 12.949517], [92.670882, 12.949616], [92.670951, 12.949652], [92.671108, 12.949698], [92.671265, 12.94972], [92.671592, 12.949734], [92.671776, 12.949711], [92.671923, 12.949639], [92.672043, 12.949562], [92.672112, 12.949485], [92.672112, 12.949408], [92.672103, 12.949341], [92.672053, 12.949268], [92.671933, 12.949124], [92.67185, 12.94902], [92.67185, 12.948947], [92.67185, 12.948866], [92.671873, 12.948816], [92.671887, 12.948721], [92.671901, 12.948631], [92.671905, 12.948532], [92.671905, 12.948473], [92.671896, 12.948423], [92.67185, 12.948346], [92.671762, 12.948328], [92.671693, 12.94831], [92.671569, 12.948333], [92.671481, 12.948369], [92.671389, 12.948441], [92.671315, 12.94845], [92.671182, 12.948428], [92.671094, 12.948387], [92.671034, 12.948342], [92.670864, 12.948238], [92.670827, 12.948247], [92.670758, 12.948306], [92.670721, 12.948369], [92.670712, 12.948423], [92.670712, 12.948459], [92.670712, 12.948509], [92.670707, 12.948559], [92.67067, 12.948604], [92.670615, 12.948649], [92.67055, 12.948649], [92.670468, 12.948626], [92.670371, 12.948604], [92.670343, 12.948595], [92.670306, 12.948568], [92.670246, 12.948518], [92.670021, 12.948405], [92.669956, 12.948378], [92.669873, 12.948382], [92.669813, 12.9484], [92.669786, 12.948427], [92.669763, 12.948473], [92.669753, 12.948495], [92.66973, 12.948617], [92.669693, 12.948676], [92.669657, 12.948685], [92.669569, 12.948653], [92.669523, 12.948631], [92.669375, 12.94864], [92.669343, 12.948649], [92.669325, 12.948662], [92.669302, 12.948699], [92.669288, 12.948771], [92.669279, 12.948816], [92.669279, 12.948875], [92.669288, 12.948911], [92.669316, 12.94897], [92.669376, 12.949029], [92.669403, 12.949033], [92.669463, 12.949056], [92.6695, 12.949078], [92.66956, 12.949092], [92.669597, 12.949141], [92.669597, 12.949214], [92.669583, 12.949295], [92.6695, 12.949435], [92.669435, 12.949521], [92.669398, 12.949589], [92.669362, 12.949711], [92.669435, 12.949792], [92.669537, 12.94986], [92.669676, 12.949885], [92.669739, 12.949896], [92.669882, 12.949887], [92.669961, 12.94986], [92.670043, 12.949806], [92.670131, 12.949743], [92.670191, 12.949689], [92.67026, 12.949625], [92.670348, 12.94953], [92.670431, 12.949472]], [[92.909794, 12.913981], [92.909167, 12.913881], [92.908771, 12.91394], [92.908361, 12.914116], [92.908342, 12.914288], [92.908398, 12.914482], [92.908752, 12.914613], [92.909126, 12.914867], [92.909596, 12.915558], [92.910287, 12.916254], [92.91054, 12.916521], [92.910757, 12.91658], [92.910794, 12.916426], [92.910757, 12.916119], [92.91048, 12.915658], [92.91048, 12.915115], [92.910559, 12.914614], [92.910503, 12.914365], [92.910342, 12.914134], [92.909794, 12.913981]], [[92.881198, 12.239179], [92.880835, 12.239197], [92.880559, 12.239387], [92.880467, 12.239753], [92.880554, 12.240074], [92.880812, 12.240929], [92.881207, 12.241539], [92.88157, 12.241706], [92.881993, 12.241548], [92.882126, 12.241322], [92.882126, 12.241078], [92.882126, 12.240621], [92.88202, 12.240002], [92.881919, 12.239735], [92.881634, 12.239288], [92.881198, 12.239179]], [[92.667159, 12.951256], [92.667237, 12.951234], [92.667269, 12.951189], [92.667371, 12.951103], [92.667458, 12.951026], [92.66756, 12.950981], [92.667652, 12.951012], [92.667762, 12.951058], [92.66791, 12.951125], [92.667997, 12.951148], [92.668131, 12.951103], [92.668232, 12.951012], [92.668256, 12.950958], [92.668232, 12.950841], [92.668232, 12.950827], [92.668233, 12.950764], [92.6682, 12.950687], [92.6682, 12.950597], [92.668279, 12.950443], [92.668343, 12.950335], [92.668468, 12.950167], [92.668491, 12.950104], [92.6685, 12.94995], [92.6685, 12.949783], [92.668458, 12.949643], [92.66838, 12.949498], [92.668288, 12.949422], [92.668168, 12.949399], [92.668131, 12.949453], [92.66803, 12.94963], [92.667952, 12.949706], [92.667707, 12.94972], [92.667528, 12.949675], [92.667316, 12.949761], [92.667205, 12.949896], [92.667071, 12.949991], [92.666915, 12.950014], [92.666657, 12.949991], [92.666454, 12.950036], [92.666307, 12.950068], [92.666164, 12.950181], [92.666141, 12.950244], [92.666141, 12.950366], [92.66615, 12.95042], [92.666187, 12.950465], [92.666219, 12.95052], [92.666118, 12.950587], [92.666071, 12.950682], [92.666085, 12.950904], [92.666141, 12.951003], [92.666196, 12.951048], [92.666297, 12.951125], [92.666463, 12.951179], [92.666523, 12.95122], [92.66661, 12.951243], [92.666776, 12.951243], [92.666799, 12.951256], [92.666947, 12.951265], [92.667025, 12.951265], [92.667081, 12.951256], [92.667159, 12.951256]], [[92.675453, 12.949036], [92.675315, 12.948842], [92.675025, 12.948512], [92.674734, 12.948317], [92.674568, 12.948317], [92.674596, 12.948525], [92.674642, 12.948783], [92.674596, 12.948918], [92.674522, 12.948918], [92.67443, 12.948887], [92.674278, 12.948887], [92.674121, 12.948841], [92.673863, 12.948796], [92.673573, 12.948753], [92.673237, 12.94874], [92.673145, 12.948753], [92.67308, 12.94874], [92.672988, 12.948604], [92.672868, 12.948514], [92.672744, 12.948437], [92.672684, 12.948392], [92.6725, 12.948392], [92.67244, 12.948392], [92.672255, 12.948482], [92.672103, 12.948649], [92.672039, 12.948812], [92.672117, 12.948984], [92.672255, 12.949128], [92.672407, 12.94925], [92.67261, 12.949332], [92.672891, 12.949409], [92.673048, 12.949449], [92.673361, 12.949549], [92.673688, 12.949596], [92.674025, 12.94965], [92.674333, 12.949691], [92.674481, 12.949718], [92.674587, 12.949718], [92.674813, 12.949718], [92.67502, 12.949669], [92.675213, 12.949547], [92.675306, 12.94947], [92.675425, 12.949307], [92.675453, 12.949036]], [[93.092421, 12.21844], [93.092265, 12.218332], [93.092155, 12.218368], [93.092122, 12.218499], [93.092338, 12.219019], [93.092696, 12.220127], [93.092779, 12.220583], [93.09277, 12.221099], [93.092816, 12.221709], [93.09282, 12.222423], [93.092857, 12.222482], [93.092848, 12.222713], [93.09288, 12.223038], [93.09304, 12.223364], [93.09316, 12.223431], [93.093289, 12.223346], [93.093371, 12.223106], [93.093477, 12.221931], [93.093468, 12.221329], [93.093358, 12.220466], [93.093257, 12.219919], [93.093161, 12.219616], [93.092536, 12.21859], [93.092449, 12.218517], [93.092421, 12.21844]], [[92.905094, 12.338431], [92.904961, 12.338322], [92.904644, 12.338358], [92.90434, 12.338514], [92.904193, 12.338706], [92.904182, 12.339018], [92.904304, 12.339389], [92.904255, 12.339725], [92.903791, 12.340204], [92.90374, 12.340329], [92.903683, 12.340467], [92.903768, 12.340803], [92.903853, 12.340946], [92.904134, 12.340993], [92.904377, 12.340982], [92.90457, 12.340935], [92.904777, 12.340731], [92.904972, 12.340444], [92.905021, 12.340324], [92.905228, 12.339977], [92.905326, 12.339665], [92.905363, 12.339149], [92.905227, 12.338682], [92.905094, 12.338431]], [[93.01453, 13.339014], [93.014604, 13.338851], [93.014549, 13.33862], [93.014374, 13.33839], [93.014051, 13.338015], [93.013834, 13.337567], [93.013677, 13.337287], [93.013433, 13.337223], [93.0131, 13.337183], [93.012768, 13.337191], [93.012547, 13.337286], [93.012436, 13.337566], [93.012523, 13.338014], [93.0128, 13.338525], [93.013072, 13.338791], [93.01357, 13.339013], [93.013561, 13.339013], [93.013833, 13.339077], [93.014087, 13.339126], [93.014313, 13.339127], [93.01453, 13.339014]], [[92.654311, 12.770365], [92.654228, 12.77031], [92.654146, 12.770338], [92.653984, 12.77055], [92.653823, 12.77116], [92.653851, 12.771558], [92.654118, 12.772145], [92.654417, 12.77262], [92.654551, 12.773099], [92.654689, 12.773709], [92.654933, 12.774057], [92.655011, 12.774112], [92.655365, 12.774161], [92.655471, 12.773976], [92.655471, 12.773736], [92.655393, 12.773393], [92.655149, 12.772756], [92.65496, 12.77201], [92.654795, 12.77177], [92.654699, 12.77159], [92.654605, 12.77141], [92.654445, 12.771106], [92.654473, 12.770948], [92.654417, 12.770654], [92.654311, 12.770365]], [[93.494914, 8.048864], [93.495077, 8.048751], [93.495154, 8.048584], [93.494973, 8.048326], [93.494619, 8.048082], [93.494424, 8.047938], [93.494183, 8.047585], [93.494002, 8.047241], [93.493865, 8.047079], [93.493679, 8.047024], [93.493493, 8.047097], [93.493326, 8.047278], [93.493226, 8.047508], [93.49319, 8.047798], [93.493176, 8.048006], [93.493099, 8.048214], [93.49304, 8.048417], [93.49309, 8.048625], [93.493204, 8.048738], [93.493331, 8.048865], [93.493471, 8.048923], [93.493771, 8.048901], [93.494134, 8.048855], [93.494596, 8.048887], [93.494914, 8.048864]], [[92.643633, 11.513274], [92.643357, 11.513152], [92.643192, 11.513192], [92.643064, 11.513314], [92.643, 11.513459], [92.643, 11.513893], [92.643129, 11.514228], [92.643339, 11.514557], [92.64361, 11.514783], [92.643903, 11.515014], [92.644114, 11.515055], [92.644472, 11.514991], [92.644577, 11.514869], [92.644619, 11.514679], [92.644596, 11.514286], [92.644325, 11.513893], [92.64422, 11.513811], [92.643633, 11.513274]], [[93.006792, 13.335525], [93.00646, 13.335439], [93.006423, 13.335453], [93.006192, 13.335647], [93.006178, 13.33567], [93.006197, 13.335869], [93.006459, 13.33633], [93.006884, 13.33675], [93.007225, 13.336981], [93.007645, 13.337031], [93.007918, 13.336954], [93.008135, 13.336801], [93.008172, 13.336665], [93.008084, 13.336434], [93.007936, 13.336226], [93.007927, 13.336226], [93.007595, 13.335892], [93.007226, 13.335652], [93.006792, 13.335525]], [[93.08076, 13.367603], [93.080576, 13.367503], [93.080086, 13.367838], [93.079869, 13.36815], [93.079745, 13.368416], [93.079828, 13.368583], [93.080312, 13.368909], [93.080552, 13.36914], [93.080857, 13.369316], [93.081189, 13.368896], [93.081402, 13.368557], [93.081425, 13.368186], [93.08118, 13.36791], [93.081092, 13.367779], [93.08076, 13.367603]], [[93.899798, 7.081291], [93.899631, 7.081277], [93.899414, 7.081426], [93.899237, 7.081494], [93.898952, 7.081567], [93.898581, 7.081702], [93.898391, 7.081973], [93.898391, 7.08215], [93.898513, 7.082344], [93.898717, 7.082453], [93.899006, 7.082548], [93.899224, 7.082548], [93.900097, 7.082163], [93.900355, 7.081933], [93.900423, 7.081811], [93.900437, 7.081607], [93.900097, 7.081372], [93.899798, 7.081291]], [[93.092907, 12.223748], [93.092769, 12.223739], [93.092613, 12.223838], [93.091873, 12.224828], [93.091597, 12.225113], [93.09128, 12.225352], [93.090821, 12.225624], [93.090058, 12.225985], [93.090026, 12.226039], [93.090108, 12.226121], [93.090287, 12.226157], [93.090513, 12.226094], [93.091009, 12.225859], [93.091473, 12.225592], [93.091786, 12.225465], [93.092158, 12.225267], [93.09231, 12.225154], [93.092558, 12.224634], [93.092939, 12.224105], [93.093008, 12.22387], [93.092907, 12.223748]], [[92.766975, 12.9163], [92.766749, 12.916268], [92.766408, 12.916508], [92.766265, 12.916856], [92.766246, 12.917145], [92.766297, 12.917317], [92.76649, 12.917574], [92.766651, 12.917733], [92.766928, 12.917796], [92.767186, 12.917475], [92.767301, 12.917078], [92.767348, 12.91673], [92.767348, 12.916698], [92.767302, 12.916477], [92.766975, 12.9163]], [[93.45315, 8.138262], [93.452651, 8.138308], [93.452523, 8.138452], [93.452592, 8.138746], [93.453327, 8.139176], [93.453667, 8.139262], [93.454035, 8.139275], [93.454239, 8.139053], [93.454166, 8.138656], [93.453717, 8.13838], [93.45315, 8.138262]], [[92.593375, 11.589144], [92.593146, 11.589144], [92.592848, 11.589189], [92.592559, 11.589293], [92.592325, 11.589519], [92.592179, 11.589646], [92.592133, 11.589745], [92.59211, 11.589863], [92.592156, 11.590066], [92.592211, 11.590202], [92.592362, 11.590374], [92.592522, 11.590432], [92.592706, 11.59041], [92.592811, 11.590328], [92.592926, 11.590134], [92.592963, 11.590043], [92.593169, 11.589817], [92.593329, 11.5897], [92.593504, 11.589623], [92.593641, 11.58951], [92.593655, 11.589383], [92.593609, 11.589279], [92.59354, 11.589189], [92.593375, 11.589144]], [[93.019124, 12.223314], [93.018834, 12.223328], [93.018623, 12.223423], [93.018568, 12.223739], [93.018563, 12.224096], [93.018747, 12.224227], [93.01933, 12.224241], [93.019661, 12.224286], [93.020043, 12.224196], [93.02018, 12.224002], [93.020084, 12.22378], [93.019896, 12.223663], [93.019124, 12.223314]], [[93.579688, 8.095793], [93.579592, 8.095766], [93.579506, 8.09587], [93.579415, 8.096182], [93.579311, 8.09648], [93.579265, 8.096824], [93.579293, 8.097253], [93.579406, 8.097859], [93.579447, 8.097981], [93.579597, 8.098067], [93.579696, 8.098085], [93.579764, 8.098067], [93.579851, 8.09799], [93.579946, 8.09785], [93.579982, 8.097697], [93.579946, 8.09738], [93.579869, 8.097036], [93.579801, 8.096679], [93.57981, 8.096101], [93.579756, 8.095888], [93.579688, 8.095793]], [[92.726178, 12.654682], [92.726169, 12.654614], [92.726095, 12.654542], [92.725952, 12.654529], [92.725626, 12.654678], [92.725469, 12.654705], [92.725299, 12.654628], [92.725133, 12.654339], [92.724958, 12.65395], [92.724894, 12.65386], [92.724746, 12.653824], [92.724659, 12.65391], [92.724599, 12.654045], [92.724608, 12.654312], [92.724682, 12.65457], [92.724802, 12.654868], [92.724876, 12.655193], [92.725014, 12.655442], [92.725078, 12.655482], [92.725124, 12.655469], [92.725262, 12.65536], [92.725428, 12.655193], [92.725607, 12.655048], [92.725893, 12.654913], [92.726146, 12.654759], [92.726178, 12.654682]], [[93.624626, 8.398166], [93.62469, 8.398144], [93.624781, 8.398144], [93.624881, 8.39813], [93.624967, 8.39813], [93.625067, 8.398094], [93.625139, 8.398008], [93.625144, 8.397927], [93.625167, 8.397791], [93.625171, 8.397687], [93.625203, 8.397615], [93.625262, 8.397561], [93.625303, 8.397475], [93.625375, 8.397384], [93.625375, 8.397285], [93.625362, 8.397185], [93.625321, 8.397095], [93.625289, 8.397036], [93.625212, 8.396986], [93.625126, 8.396977], [93.625121, 8.396977], [93.625035, 8.396964], [93.62498, 8.396946], [93.624926, 8.396905], [93.62489, 8.396855], [93.624781, 8.396783], [93.62469, 8.39676], [93.624613, 8.396787], [93.624545, 8.396846], [93.624486, 8.39695], [93.624458, 8.397063], [93.624449, 8.397199], [93.624467, 8.397497], [93.624467, 8.397601], [93.624454, 8.397705], [93.624422, 8.397782], [93.624395, 8.397877], [93.624381, 8.397986], [93.62439, 8.398067], [93.624408, 8.398126], [93.624481, 8.398166], [93.624554, 8.398166], [93.624626, 8.398166]], [[93.229357, 8.223033], [93.229248, 8.222997], [93.229135, 8.22301], [93.229017, 8.22306], [93.228917, 8.223146], [93.228835, 8.223273], [93.228785, 8.223417], [93.228713, 8.22353], [93.228704, 8.223544], [93.228658, 8.223725], [93.228636, 8.22386], [93.228645, 8.223992], [93.228718, 8.224114], [93.228836, 8.224236], [93.228954, 8.22434], [93.229053, 8.224376], [93.229122, 8.224371], [93.22918, 8.224344], [93.229244, 8.224285], [93.229312, 8.224159], [93.229448, 8.223878], [93.229498, 8.223639], [93.229471, 8.223322], [93.22943, 8.223123], [93.229357, 8.223033]], [[93.631927, 8.39501], [93.632086, 8.394979], [93.632217, 8.394974], [93.632331, 8.394961], [93.632422, 8.394857], [93.632494, 8.394748], [93.63264, 8.39464], [93.632749, 8.394595], [93.632835, 8.394558], [93.632908, 8.394495], [93.632848, 8.394373], [93.632771, 8.394323], [93.632653, 8.39431], [93.632526, 8.394332], [93.632422, 8.3944], [93.632295, 8.394477], [93.63219, 8.394558], [93.632118, 8.394595], [93.631986, 8.394662], [93.631877, 8.394717], [93.63175, 8.394721], [93.631659, 8.394721], [93.631555, 8.394721], [93.631414, 8.394726], [93.631264, 8.394762], [93.631146, 8.394848], [93.631078, 8.394929], [93.631032, 8.395015], [93.631032, 8.395074], [93.631042, 8.395146], [93.63106, 8.395209], [93.631105, 8.395291], [93.631173, 8.395368], [93.631246, 8.395413], [93.631382, 8.395463], [93.631482, 8.395454], [93.631514, 8.39544], [93.631586, 8.395372], [93.631632, 8.3953], [93.631718, 8.395191], [93.63175, 8.395119], [93.631818, 8.395065], [93.631927, 8.39501]], [[92.669241, 12.952174], [92.669043, 12.952183], [92.668923, 12.952224], [92.668859, 12.952237], [92.668808, 12.952287], [92.668771, 12.952359], [92.668748, 12.9524], [92.668744, 12.95245], [92.668735, 12.952508], [92.66873, 12.952549], [92.668723, 12.952617], [92.668732, 12.952653], [92.668737, 12.952667], [92.668774, 12.952766], [92.668857, 12.952884], [92.668884, 12.952929], [92.66894, 12.952983], [92.668976, 12.953019], [92.669004, 12.953033], [92.669115, 12.95306], [92.669156, 12.953091], [92.669221, 12.953128], [92.669354, 12.953164], [92.669488, 12.953123], [92.669686, 12.953028], [92.669778, 12.952947], [92.669838, 12.952834], [92.669852, 12.952762], [92.669806, 12.95264], [92.669725, 12.952518], [92.669652, 12.952423], [92.669582, 12.952328], [92.669467, 12.952219], [92.66937, 12.952201], [92.669241, 12.952174]], [[93.513451, 8.074958], [93.513211, 8.074958], [93.513084, 8.075043], [93.512998, 8.075166], [93.51297, 8.075301], [93.51297, 8.075464], [93.513097, 8.075658], [93.513324, 8.075808], [93.513633, 8.075907], [93.513864, 8.075799], [93.513982, 8.075645], [93.514027, 8.075541], [93.514045, 8.075406], [93.514036, 8.075302], [93.51395, 8.075148], [93.513701, 8.075012], [93.513451, 8.074958]], [[92.863835, 12.912986], [92.863706, 12.912814], [92.863609, 12.912895], [92.863568, 12.912963], [92.863434, 12.91318], [92.863278, 12.91332], [92.86308, 12.913483], [92.862914, 12.913646], [92.862748, 12.913795], [92.862665, 12.914048], [92.86272, 12.914134], [92.862858, 12.914301], [92.863001, 12.914301], [92.863098, 12.914233], [92.863227, 12.914129], [92.86337, 12.913953], [92.863596, 12.913723], [92.863678, 12.913483], [92.86378, 12.913176], [92.863835, 12.912986]], [[93.45521, 8.139573], [93.454638, 8.139184], [93.454493, 8.139397], [93.454638, 8.139655], [93.455079, 8.140098], [93.45555, 8.140238], [93.455982, 8.140292], [93.456081, 8.140161], [93.455918, 8.139899], [93.45521, 8.139573]], [[92.667467, 12.952174], [92.667555, 12.952138], [92.66767, 12.95207], [92.66779, 12.952007], [92.667937, 12.951903], [92.668043, 12.951781], [92.66809, 12.951677], [92.66809, 12.9516], [92.668067, 12.951528], [92.668034, 12.951446], [92.668025, 12.951442], [92.667947, 12.951406], [92.667832, 12.951392], [92.667735, 12.951392], [92.667661, 12.951424], [92.667597, 12.951424], [92.667546, 12.951455], [92.667458, 12.951519], [92.667329, 12.951631], [92.667237, 12.951695], [92.667159, 12.951726], [92.667117, 12.951749], [92.66702, 12.951726], [92.666915, 12.951735], [92.666873, 12.951781], [92.666859, 12.951871], [92.666864, 12.951939], [92.666891, 12.951998], [92.666938, 12.952043], [92.666988, 12.952083], [92.667067, 12.952138], [92.667067, 12.952147], [92.667237, 12.952187], [92.667311, 12.952178], [92.667375, 12.952178], [92.667467, 12.952174]], [[93.078386, 13.377279], [93.078755, 13.377066], [93.078764, 13.377075], [93.079101, 13.376827], [93.079249, 13.376556], [93.079226, 13.376434], [93.079221, 13.376429], [93.078977, 13.376321], [93.078741, 13.376321], [93.07857, 13.376443], [93.078372, 13.376691], [93.078303, 13.376953], [93.078303, 13.377225], [93.078386, 13.377279]], [[93.076537, 13.433257], [93.076763, 13.433226], [93.077004, 13.433207], [93.077119, 13.433108], [93.077133, 13.433022], [93.076953, 13.432869], [93.076528, 13.43276], [93.076163, 13.432728], [93.076006, 13.43276], [93.0759, 13.432832], [93.075863, 13.432999], [93.075919, 13.433121], [93.076071, 13.433212], [93.076172, 13.43323], [93.076339, 13.433262], [93.076533, 13.433257], [93.076537, 13.433257]], [[93.45362, 8.13234], [93.453403, 8.132326], [93.453395, 8.13234], [93.453395, 8.132341], [93.45328, 8.13257], [93.453353, 8.132968], [93.453548, 8.133244], [93.453788, 8.133316], [93.453961, 8.133162], [93.453997, 8.132882], [93.453852, 8.13252], [93.453861, 8.132507], [93.45362, 8.13234]], [[92.725359, 11.995441], [92.724983, 11.995301], [92.724882, 11.995337], [92.724813, 11.995473], [92.724822, 11.995554], [92.724937, 11.995766], [92.72519, 11.996064], [92.72552, 11.996177], [92.725658, 11.996041], [92.725649, 11.995784], [92.725424, 11.995558], [92.725359, 11.995441]], [[93.622268, 7.478176], [93.622109, 7.478176], [93.622001, 7.478253], [93.621928, 7.478326], [93.621869, 7.478434], [93.621842, 7.478507], [93.621856, 7.478638], [93.621919, 7.478773], [93.621978, 7.478846], [93.622268, 7.478868], [93.622368, 7.478796], [93.622413, 7.478759], [93.622526, 7.478601], [93.622549, 7.478542], [93.622549, 7.47842], [93.622476, 7.478312], [93.622377, 7.478226], [93.622318, 7.47819], [93.622268, 7.478176]], [[93.578272, 8.096986], [93.578054, 8.097005], [93.577959, 8.097099], [93.577959, 8.097244], [93.578045, 8.097389], [93.578199, 8.097493], [93.578476, 8.097543], [93.578617, 8.097502], [93.578676, 8.097398], [93.578707, 8.097303], [93.578703, 8.097204], [93.57858, 8.097063], [93.578272, 8.096986]], [[93.457291, 8.131168], [93.456951, 8.131172], [93.456774, 8.131272], [93.456724, 8.131435], [93.456824, 8.131561], [93.456815, 8.13157], [93.457069, 8.131634], [93.457296, 8.131615], [93.457463, 8.131534], [93.457531, 8.131385], [93.457513, 8.131227], [93.457291, 8.131168]], [[92.670587, 12.948251], [92.670666, 12.948242], [92.670781, 12.948233], [92.670873, 12.948197], [92.670887, 12.948129], [92.670882, 12.948089], [92.670735, 12.948007], [92.670703, 12.947967], [92.670578, 12.947894], [92.670449, 12.947854], [92.670316, 12.947777], [92.670246, 12.947754], [92.670122, 12.947727], [92.670044, 12.947731], [92.669984, 12.947741], [92.669929, 12.947763], [92.669928, 12.947804], [92.669928, 12.947876], [92.669975, 12.947966], [92.670062, 12.94803], [92.670154, 12.948084], [92.670306, 12.948134], [92.670587, 12.948251]], [[93.579143, 8.095255], [93.579048, 8.095223], [93.578839, 8.095246], [93.578626, 8.095341], [93.578499, 8.095531], [93.578503, 8.095684], [93.578544, 8.095761], [93.578631, 8.095784], [93.578916, 8.095734], [93.579075, 8.095599], [93.579175, 8.095477], [93.579202, 8.095368], [93.579143, 8.095255]], [[93.513844, 8.06465], [93.513722, 8.064564], [93.513645, 8.064582], [93.513577, 8.064636], [93.513522, 8.064708], [93.513481, 8.064794], [93.51349, 8.064907], [93.5135, 8.064998], [93.513545, 8.065115], [93.513608, 8.065179], [93.513763, 8.06521], [93.513876, 8.065165], [93.51393, 8.065084], [93.513962, 8.064989], [93.513971, 8.064876], [93.513949, 8.064763], [93.513844, 8.06465]], [[93.514619, 8.069149], [93.514533, 8.069153], [93.514446, 8.069194], [93.514383, 8.069252], [93.514306, 8.069334], [93.514283, 8.06942], [93.514278, 8.069506], [93.514283, 8.06961], [93.514301, 8.069659], [93.514369, 8.069723], [93.514523, 8.0697], [93.514564, 8.069677], [93.514641, 8.069605], [93.514709, 8.069515], [93.514741, 8.069411], [93.514768, 8.069325], [93.514759, 8.069239], [93.514691, 8.069176], [93.514619, 8.069149]], [[93.45431, 8.131263], [93.454069, 8.131263], [93.453924, 8.131422], [93.454033, 8.131553], [93.454274, 8.131657], [93.454514, 8.131589], [93.454587, 8.131435], [93.454514, 8.131313], [93.45431, 8.131263]], [[93.456261, 8.132651], [93.456148, 8.132656], [93.456057, 8.132796], [93.456025, 8.132945], [93.456084, 8.133085], [93.456248, 8.133117], [93.456379, 8.133053], [93.456416, 8.132927], [93.456388, 8.132764], [93.456261, 8.132651]], [[93.454972, 8.130047], [93.454859, 8.130052], [93.454772, 8.130165], [93.454759, 8.130287], [93.454795, 8.130413], [93.454872, 8.130499], [93.454922, 8.130535], [93.455008, 8.130522], [93.455099, 8.130449], [93.455117, 8.130309], [93.455067, 8.130165], [93.454972, 8.130047]], [[93.455181, 8.12931], [93.455076, 8.129278], [93.454999, 8.129306], [93.454945, 8.129387], [93.454927, 8.129495], [93.454958, 8.12959], [93.455017, 8.129654], [93.455117, 8.129663], [93.455208, 8.129608], [93.455262, 8.129513], [93.455249, 8.129405], [93.455181, 8.12931]], [[93.456615, 8.131873], [93.456669, 8.13176], [93.456629, 8.131643], [93.45647, 8.131593], [93.456347, 8.131656], [93.456315, 8.131787], [93.456406, 8.131891], [93.456406, 8.131882], [93.456515, 8.131914], [93.456615, 8.131873]]]}}, {"type": "Feature", "properties": {}, "geometry": {"type": "Polygon", "coordinates": [[[78.495507, 9.086726], [78.486466, 9.08917], [78.492624, 9.086402], [78.49404, 9.091971], [78.495507, 9.086726]]]}}, {"type": "Feature", "properties": {}, "geometry": {"type": "Polygon", "coordinates": [[[79.495945, 9.12527], [79.4964, 9.124804], [79.496868, 9.123909], [79.496831, 9.123574], [79.496472, 9.123145], [79.495644, 9.122906], [79.494575, 9.12282], [79.493456, 9.122717], [79.492737, 9.122346], [79.492232, 9.121903], [79.491163, 9.121103], [79.489743, 9.11977], [79.489179, 9.119015], [79.488951, 9.118921], [79.488783, 9.118921], [79.488678, 9.119065], [79.488679, 9.11935], [79.488988, 9.119707], [79.489611, 9.120485], [79.490959, 9.122894], [79.491764, 9.124006], [79.491992, 9.124182], [79.492942, 9.124457], [79.493265, 9.124493], [79.493566, 9.124566], [79.49388, 9.124742], [79.494453, 9.125112], [79.494803, 9.125365], [79.495463, 9.125469], [79.495945, 9.12527]]]}}, {"type": "Feature", "properties": {}, "geometry": {"type": "Polygon", "coordinates": [[[79.488724, 9.127358], [79.488555, 9.126762], [79.488414, 9.12645], [79.48815, 9.126368], [79.4881, 9.1265], [79.48815, 9.126938], [79.488064, 9.127096], [79.487836, 9.127096], [79.487391, 9.126866], [79.48709, 9.126952], [79.486959, 9.127178], [79.487031, 9.127395], [79.487177, 9.127562], [79.487477, 9.127775], [79.488137, 9.128073], [79.488546, 9.128095], [79.488701, 9.128036], [79.488797, 9.127847], [79.48881, 9.12762], [79.488724, 9.127358]]]}}, {"type": "Feature", "properties": {}, "geometry": {"type": "Polygon", "coordinates": [[[79.481386, 9.130528], [79.48159, 9.130406], [79.481795, 9.130179], [79.481913, 9.129845], [79.481831, 9.129226], [79.481517, 9.128665], [79.481194, 9.128606], [79.481062, 9.128715], [79.481062, 9.128869], [79.481121, 9.129049], [79.48134, 9.129633], [79.481254, 9.129954], [79.481013, 9.13004], [79.48058, 9.129931], [79.479884, 9.129597], [79.47962, 9.129678], [79.479611, 9.129873], [79.479803, 9.130063], [79.480512, 9.130537], [79.480944, 9.130587], [79.481386, 9.130528]]]}}, {"type": "Feature", "properties": {}, "geometry": {"type": "Polygon", "coordinates": [[[79.482974, 9.134275], [79.483152, 9.134239], [79.483225, 9.134216], [79.483356, 9.134071], [79.483429, 9.133904], [79.483488, 9.133497], [79.483356, 9.133081], [79.48296, 9.132426], [79.482505, 9.132006], [79.482169, 9.131816], [79.481987, 9.131983], [79.482073, 9.132318], [79.482697, 9.13314], [79.482719, 9.133321], [79.48266, 9.13338], [79.482483, 9.133366], [79.482324, 9.133213], [79.481855, 9.13282], [79.481532, 9.132675], [79.4814, 9.132865], [79.481446, 9.133091], [79.481914, 9.133651], [79.482756, 9.134275], [79.482974, 9.134275]]]}}, {"type": "Feature", "properties": {}, "geometry": {"type": "Polygon", "coordinates": [[[79.473822, 9.13524], [79.473581, 9.134987], [79.473426, 9.134987], [79.473294, 9.135119], [79.473244, 9.135336], [79.473331, 9.135548], [79.473472, 9.136136], [79.473354, 9.136588], [79.472199, 9.137664], [79.471699, 9.137854], [79.471385, 9.138225], [79.471048, 9.138582], [79.470857, 9.138641], [79.46987, 9.138677], [79.469693, 9.138858], [79.469679, 9.139071], [79.469693, 9.139383], [79.469884, 9.1395], [79.470184, 9.139731], [79.47058, 9.139965], [79.471181, 9.140074], [79.471685, 9.140015], [79.472168, 9.139739], [79.472768, 9.139165], [79.4735, 9.138378], [79.473632, 9.137768], [79.473845, 9.137031], [79.474132, 9.136217], [79.474132, 9.135919], [79.473822, 9.13524]]]}}, {"type": "Feature", "properties": {}, "geometry": {"type": "Polygon", "coordinates": [[[79.467301, 9.143357], [79.467419, 9.143212], [79.467528, 9.142973], [79.467624, 9.142475], [79.467696, 9.141829], [79.467851, 9.141232], [79.467983, 9.140839], [79.46796, 9.140599], [79.467673, 9.140373], [79.467396, 9.140491], [79.465977, 9.141938], [79.464981, 9.142914], [79.464958, 9.143132], [79.465004, 9.143299], [79.465163, 9.143439], [79.466087, 9.143547], [79.467301, 9.143357]]]}}, {"type": "Feature", "properties": {}, "geometry": {"type": "Polygon", "coordinates": [[[79.454291, 9.145584], [79.454591, 9.145299], [79.454519, 9.144965], [79.454387, 9.144617], [79.454314, 9.143975], [79.454232, 9.143699], [79.453859, 9.143649], [79.453668, 9.143876], [79.453668, 9.144237], [79.453668, 9.144915], [79.453668, 9.145476], [79.454014, 9.145607], [79.454291, 9.145584]]]}}, {"type": "Feature", "properties": {}, "geometry": {"type": "Polygon", "coordinates": [[[79.45632, 9.147017], [79.45632, 9.146682], [79.45607, 9.146538], [79.455815, 9.146696], [79.455615, 9.146805], [79.455493, 9.146805], [79.455119, 9.146719], [79.454965, 9.146805], [79.454942, 9.147053], [79.455179, 9.147388], [79.455252, 9.147541], [79.455434, 9.147614], [79.455638, 9.147614], [79.455879, 9.147532], [79.456116, 9.147365], [79.45632, 9.147017]]]}}, {"type": "Feature", "properties": {}, "geometry": {"type": "Polygon", "coordinates": [[[79.452577, 9.149694], [79.452864, 9.14954], [79.453164, 9.149278], [79.453655, 9.148564], [79.454351, 9.147714], [79.454401, 9.147379], [79.45421, 9.147117], [79.454005, 9.146999], [79.453427, 9.146891], [79.453104, 9.146746], [79.452549, 9.146403], [79.452454, 9.146498], [79.452313, 9.147167], [79.451626, 9.147606], [79.451267, 9.147859], [79.450821, 9.147882], [79.450343, 9.147597], [79.450138, 9.147633], [79.449979, 9.147931], [79.450102, 9.148266], [79.450343, 9.148564], [79.451135, 9.14936], [79.451854, 9.149672], [79.452241, 9.149757], [79.452577, 9.149694]]]}}, {"type": "Feature", "properties": {}, "geometry": {"type": "Polygon", "coordinates": [[[79.445404, 9.153746], [79.445609, 9.153637], [79.445681, 9.15347], [79.445622, 9.153289], [79.445504, 9.153063], [79.445372, 9.152706], [79.445431, 9.152562], [79.445563, 9.152313], [79.445672, 9.152037], [79.445513, 9.151585], [79.444903, 9.151047], [79.444589, 9.151011], [79.444444, 9.151178], [79.444348, 9.15163], [79.444421, 9.152322], [79.44489, 9.153362], [79.444999, 9.153638], [79.445213, 9.153746], [79.445404, 9.153746]]]}}, {"type": "Feature", "properties": {}, "geometry": {"type": "Polygon", "coordinates": [[[79.445705, 9.15791], [79.446069, 9.157263], [79.446524, 9.156033], [79.446896, 9.155427], [79.447556, 9.153913], [79.44771, 9.153185], [79.447533, 9.152765], [79.447173, 9.152634], [79.446882, 9.152801], [79.446137, 9.154772], [79.445477, 9.156644], [79.445405, 9.156825], [79.445214, 9.157123], [79.444868, 9.157349], [79.444663, 9.157263], [79.444436, 9.156965], [79.444012, 9.156395], [79.443639, 9.156323], [79.443507, 9.156463], [79.443462, 9.156622], [79.443389, 9.156906], [79.44364, 9.157349], [79.444363, 9.158018], [79.44495, 9.158186], [79.445359, 9.158185], [79.445705, 9.15791]]]}}, {"type": "Feature", "properties": {}, "geometry": {"type": "Polygon", "coordinates": [[[78.822576, 9.166434], [78.822562, 9.166411], [78.821857, 9.166339], [78.821129, 9.16604], [78.820356, 9.165629], [78.819583, 9.165303], [78.819196, 9.164892], [78.818982, 9.164168], [78.81896, 9.163716], [78.819037, 9.162807], [78.818869, 9.162378], [78.818364, 9.161921], [78.817827, 9.161673], [78.817345, 9.161171], [78.81679, 9.160533], [78.816767, 9.160511], [78.81679, 9.16037], [78.817013, 9.160425], [78.817422, 9.160651], [78.817909, 9.160678], [78.818469, 9.16066], [78.818614, 9.160796], [78.818855, 9.161157], [78.819092, 9.161632], [78.81926, 9.162021], [78.819456, 9.162202], [78.819842, 9.162541], [78.820011, 9.162812], [78.820052, 9.162817], [78.820052, 9.162672], [78.819706, 9.162251], [78.819392, 9.162012], [78.819315, 9.161759], [78.819128, 9.161099], [78.81901, 9.16071], [78.818701, 9.160497], [78.818228, 9.160303], [78.817968, 9.160253], [78.817809, 9.160312], [78.817673, 9.160149], [78.817473, 9.160045], [78.817191, 9.159842], [78.816909, 9.159805], [78.816608, 9.160004], [78.81659, 9.16033], [78.816877, 9.160764], [78.817031, 9.161153], [78.817331, 9.161433], [78.817732, 9.161813], [78.818259, 9.162165], [78.8187, 9.162509], [78.818791, 9.163128], [78.818696, 9.163734], [78.818691, 9.164159], [78.818823, 9.164629], [78.819064, 9.164855], [78.819064, 9.165217], [78.819396, 9.165579], [78.820342, 9.165895], [78.821016, 9.166054], [78.821207, 9.16628], [78.821771, 9.16656], [78.822189, 9.166623], [78.822576, 9.166434]]]}}, {"type": "Feature", "properties": {}, "geometry": {"type": "Polygon", "coordinates": [[[79.075086, 9.202184], [79.088217, 9.198556], [79.08434, 9.19166], [79.064462, 9.200505], [79.054756, 9.197988], [79.066887, 9.210508], [79.075086, 9.202184]]]}}, {"type": "Feature", "properties": {}, "geometry": {"type": "Polygon", "coordinates": [[[79.140557, 9.215269], [79.140872, 9.214804], [79.140912, 9.214662], [79.140965, 9.214377], [79.14089, 9.213858], [79.140735, 9.213573], [79.140541, 9.213338], [79.140424, 9.213182], [79.140346, 9.21313], [79.13971, 9.212673], [79.139255, 9.212386], [79.138892, 9.212164], [79.138515, 9.211916], [79.13832, 9.211798], [79.138034, 9.211693], [79.137826, 9.21164], [79.137578, 9.211626], [79.137317, 9.211624], [79.13703, 9.21174], [79.136795, 9.211868], [79.136533, 9.2121], [79.13631, 9.212435], [79.136125, 9.212758], [79.136071, 9.213108], [79.136017, 9.213574], [79.136028, 9.213989], [79.136091, 9.214391], [79.136142, 9.214598], [79.136258, 9.21478], [79.136388, 9.214859], [79.136544, 9.214976], [79.136726, 9.215042], [79.136986, 9.215108], [79.137299, 9.215122], [79.137599, 9.215124], [79.138133, 9.215217], [79.138614, 9.215349], [79.138979, 9.215455], [79.139408, 9.215548], [79.139838, 9.215563], [79.140152, 9.215474], [79.140557, 9.215269]]]}}, {"type": "Feature", "properties": {}, "geometry": {"type": "Polygon", "coordinates": [[[79.122768, 9.219261], [79.134329, 9.215703], [79.123519, 9.212535], [79.119052, 9.216181], [79.122768, 9.219261]]]}}, {"type": "Feature", "properties": {}, "geometry": {"type": "Polygon", "coordinates": [[[79.181403, 9.241099], [79.195667, 9.233655], [79.199161, 9.240187], [79.199496, 9.234669], [79.181403, 9.241099]]]}}, {"type": "Feature", "properties": {}, "geometry": {"type": "Polygon", "coordinates": [[[79.231908, 9.243821], [79.236578, 9.241067], [79.230553, 9.23916], [79.231908, 9.243821]]]}}, {"type": "Feature", "properties": {}, "geometry": {"type": "Polygon", "coordinates": [[[79.180689, 9.248097], [79.180937, 9.24809], [79.181055, 9.248117], [79.181171, 9.248082], [79.181219, 9.248107], [79.18136, 9.248092], [79.181433, 9.248113], [79.181774, 9.248033], [79.181984, 9.247955], [79.182105, 9.247867], [79.182153, 9.2478], [79.18219, 9.247637], [79.182196, 9.24752], [79.182173, 9.247427], [79.18202, 9.247173], [79.182009, 9.247083], [79.182025, 9.24701], [79.181938, 9.246784], [79.181804, 9.246738], [79.181692, 9.24674], [79.181628, 9.246789], [79.181549, 9.2468], [79.181512, 9.246838], [79.181362, 9.246878], [79.181177, 9.24697], [79.180733, 9.247076], [79.180498, 9.247095], [79.180291, 9.247087], [79.179834, 9.247008], [79.179805, 9.24699], [79.179744, 9.246881], [79.179697, 9.246732], [79.179695, 9.246659], [79.17975, 9.246549], [79.179961, 9.24636], [79.179964, 9.246191], [79.179864, 9.246095], [79.179689, 9.246022], [79.179119, 9.245915], [79.178948, 9.245901], [79.178762, 9.245836], [79.178633, 9.24575], [79.178502, 9.245591], [79.178462, 9.245421], [79.178499, 9.245171], [79.178481, 9.244748], [79.178526, 9.244509], [79.178643, 9.244236], [79.178684, 9.244209], [79.178725, 9.244132], [79.179171, 9.243642], [79.179174, 9.24364], [79.179193, 9.243599], [79.179452, 9.24335], [79.179584, 9.243287], [79.179666, 9.243274], [79.179711, 9.243328], [79.179729, 9.24345], [79.179757, 9.243472], [79.179784, 9.243567], [79.179782, 9.243566], [79.179883, 9.243738], [79.179997, 9.243743], [79.180117, 9.243714], [79.180236, 9.243645], [79.180325, 9.243555], [79.180599, 9.243387], [79.180624, 9.243344], [79.180639, 9.243215], [79.180544, 9.243097], [79.180421, 9.243038], [79.180356, 9.242961], [79.180285, 9.24294], [79.180235, 9.242903], [79.180131, 9.242776], [79.180111, 9.242695], [79.180165, 9.242474], [79.180303, 9.242131], [79.180288, 9.242043], [79.179866, 9.241211], [79.179785, 9.241118], [79.179491, 9.240877], [79.179388, 9.240865], [79.179243, 9.240878], [79.179019, 9.241019], [79.178695, 9.241277], [79.178649, 9.241361], [79.178417, 9.241626], [79.178347, 9.241649], [79.178191, 9.24184], [79.177732, 9.24222], [79.177512, 9.242426], [79.177331, 9.242674], [79.177251, 9.242841], [79.177149, 9.243188], [79.17716, 9.243338], [79.177144, 9.243647], [79.177266, 9.244344], [79.17747, 9.24486], [79.177972, 9.245988], [79.178182, 9.246674], [79.178328, 9.247007], [79.178718, 9.247687], [79.178761, 9.247805], [79.178887, 9.247987], [79.179071, 9.248184], [79.179232, 9.24826], [79.179544, 9.248268], [79.17978, 9.248217], [79.180254, 9.248172], [79.180689, 9.248097]]]}}, {"type": "Feature", "properties": {}, "geometry": {"type": "Polygon", "coordinates": [[[79.211019, 9.248476], [79.210645, 9.247858], [79.210136, 9.247226], [79.209679, 9.246929], [79.209182, 9.246659], [79.208536, 9.246468], [79.208088, 9.246357], [79.207631, 9.246131], [79.207177, 9.245911], [79.206816, 9.245906], [79.206297, 9.24598], [79.206064, 9.246059], [79.205979, 9.246146], [79.205994, 9.246494], [79.206058, 9.246649], [79.206228, 9.246864], [79.206585, 9.247046], [79.206834, 9.247128], [79.206955, 9.247209], [79.207032, 9.24721], [79.207137, 9.247255], [79.207278, 9.247311], [79.207633, 9.247489], [79.208069, 9.247722], [79.20807, 9.247722], [79.20809, 9.247393], [79.208573, 9.247422], [79.208558, 9.247665], [79.208379, 9.247654], [79.208353, 9.248075], [79.208049, 9.248057], [79.208063, 9.24783], [79.20805, 9.247822], [79.208018, 9.247799], [79.207932, 9.247753], [79.207759, 9.247662], [79.20755, 9.24757], [79.207277, 9.247437], [79.207127, 9.247369], [79.20705, 9.247332], [79.207021, 9.24733], [79.207021, 9.247358], [79.207088, 9.247465], [79.207209, 9.247654], [79.207383, 9.247855], [79.207624, 9.248138], [79.207852, 9.24834], [79.208067, 9.248488], [79.208309, 9.248543], [79.208539, 9.248464], [79.209106, 9.248346], [79.20951, 9.248388], [79.209805, 9.248671], [79.210127, 9.248981], [79.210746, 9.249198], [79.210962, 9.249146], [79.211097, 9.249039], [79.211112, 9.248852], [79.211019, 9.248476]]]}}, {"type": "Feature", "properties": {}, "geometry": {"type": "Polygon", "coordinates": [[[79.213656, 9.250207], [79.213783, 9.250113], [79.213872, 9.249995], [79.213924, 9.249769], [79.213862, 9.249524], [79.213593, 9.24909], [79.213543, 9.249002], [79.213461, 9.248914], [79.213354, 9.248775], [79.21316, 9.248567], [79.213034, 9.248479], [79.212795, 9.24829], [79.212651, 9.248113], [79.212494, 9.247924], [79.212293, 9.247785], [79.212123, 9.247741], [79.21199, 9.247834], [79.211939, 9.248009], [79.211969, 9.248248], [79.212192, 9.248983], [79.212379, 9.249485], [79.212548, 9.249737], [79.21268, 9.249819], [79.212882, 9.249902], [79.213052, 9.249959], [79.213203, 9.250079], [79.213511, 9.250237], [79.213656, 9.250207]]]}}, {"type": "Feature", "properties": {}, "geometry": {"type": "Polygon", "coordinates": [[[86.784803, 20.363757], [86.78488, 20.363241], [86.784562, 20.362311], [86.78406, 20.361433], [86.78339, 20.360606], [86.782827, 20.359956], [86.782211, 20.359246], [86.781709, 20.358713], [86.781198, 20.358236], [86.780741, 20.357935], [86.780329, 20.357922], [86.77997, 20.358314], [86.780051, 20.359352], [86.780431, 20.360343], [86.781092, 20.361341], [86.781709, 20.362109], [86.782333, 20.362761], [86.78301, 20.363473], [86.783696, 20.363782], [86.784215, 20.363913], [86.784505, 20.363922], [86.784803, 20.363757]]]}}, {"type": "Feature", "properties": {}, "geometry": {"type": "Polygon", "coordinates": [[[86.792064, 20.385922], [86.792141, 20.385462], [86.792104, 20.38477], [86.792121, 20.384254], [86.792312, 20.383799], [86.792855, 20.383296], [86.792986, 20.382782], [86.792888, 20.382088], [86.792668, 20.381737], [86.792386, 20.381496], [86.791982, 20.381312], [86.791402, 20.381351], [86.790807, 20.381564], [86.790561, 20.382074], [86.790537, 20.382821], [86.79068, 20.383805], [86.790655, 20.384612], [86.790745, 20.38542], [86.791018, 20.385947], [86.7913, 20.386185], [86.791765, 20.3862], [86.792064, 20.385922]]]}}, {"type": "Feature", "properties": {}, "geometry": {"type": "Polygon", "coordinates": [[[86.799487, 20.399974], [86.805807, 20.395562], [86.808021, 20.377541], [86.799176, 20.36431], [86.795981, 20.394739], [86.799227, 20.386201], [86.803133, 20.390007], [86.797398, 20.39605], [86.799487, 20.399974]]]}}, {"type": "Feature", "properties": {}, "geometry": {"type": "Polygon", "coordinates": [[[86.793966, 20.493], [86.808512, 20.452915], [86.792148, 20.406888], [86.79437, 20.388642], [86.787782, 20.383255], [86.790444, 20.43235], [86.800317, 20.442916], [86.793966, 20.493]]]}}, {"type": "Feature", "properties": {}, "geometry": {"type": "Polygon", "coordinates": [[[71.009639, 20.738831], [71.010973, 20.73949], [71.011446, 20.73964], [71.010966, 20.739461], [71.009639, 20.738831]]]}}, {"type": "Feature", "properties": {}, "geometry": {"type": "Polygon", "coordinates": [[[71.013098, 20.739916], [71.013108, 20.739906], [71.013112, 20.739882], [71.012501, 20.73988], [71.013098, 20.739916]]]}}, {"type": "Feature", "properties": {}, "geometry": {"type": "Polygon", "coordinates": [[[71.012501, 20.73988], [71.012143, 20.739859], [71.011446, 20.73964], [71.012093, 20.739879], [71.012501, 20.73988]]]}}, {"type": "Feature", "properties": {}, "geometry": {"type": "Polygon", "coordinates": [[[70.929911, 20.733794], [70.930558, 20.729387], [70.940375, 20.730122], [70.946219, 20.71955], [70.957469, 20.723703], [70.999999, 20.715889], [70.979688, 20.704872], [70.946716, 20.707012], [70.933086, 20.713108], [70.916847, 20.705418], [70.917605, 20.699432], [70.901752, 20.700664], [70.876195, 20.710452], [70.874882, 20.715362], [70.881873, 20.724012], [70.902233, 20.731871], [70.929911, 20.733794]]]}}, {"type": "Feature", "properties": {}, "geometry": {"type": "Polygon", "coordinates": [[[71.005202, 20.739006], [71.013112, 20.739882], [71.013819, 20.735677], [70.999379, 20.73218], [70.992249, 20.724636], [70.984906, 20.728099], [71.002129, 20.741712], [71.005202, 20.739006]]]}}, {"type": "Feature", "properties": {}, "geometry": {"type": "Polygon", "coordinates": [[[71.145769, 20.757468], [71.145765, 20.757468], [71.145862, 20.757683], [71.145769, 20.757468]]]}}, {"type": "Feature", "properties": {}, "geometry": {"type": "Polygon", "coordinates": [[[71.145897, 20.757761], [71.145862, 20.757683], [71.145896, 20.757761], [71.145902, 20.757788], [71.145897, 20.757761]]]}}, {"type": "Feature", "properties": {}, "geometry": {"type": "Polygon", "coordinates": [[[71.146049, 20.758397], [71.145912, 20.757829], [71.145902, 20.757788], [71.145911, 20.757833], [71.146044, 20.758392], [71.146012, 20.758554], [71.146049, 20.758397]]]}}, {"type": "Feature", "properties": {}, "geometry": {"type": "Polygon", "coordinates": [[[71.146012, 20.758554], [71.145959, 20.758782], [71.145947, 20.758831], [71.145972, 20.758761], [71.146012, 20.758554]]]}}, {"type": "Feature", "properties": {}, "geometry": {"type": "Polygon", "coordinates": [[[71.145947, 20.758831], [71.145914, 20.758927], [71.145622, 20.760173], [71.145618, 20.760662], [71.145817, 20.761369], [71.145628, 20.760666], [71.145631, 20.760178], [71.145923, 20.758936], [71.145947, 20.758831]]]}}, {"type": "Feature", "properties": {}, "geometry": {"type": "Polygon", "coordinates": [[[71.145765, 20.757468], [71.146342, 20.763239], [71.157552, 20.761724], [71.145765, 20.757468]]]}}, {"type": "Feature", "properties": {}, "geometry": {"type": "Polygon", "coordinates": [[[88.634676, 21.674489], [88.628771, 21.646483], [88.622652, 21.652586], [88.62443, 21.665181], [88.634676, 21.674489]]]}}, {"type": "Feature", "properties": {}, "geometry": {"type": "Polygon", "coordinates": [[[88.01685, 21.562947], [88.018649, 21.55207], [88.013749, 21.546837], [88.00997, 21.558228], [88.01685, 21.562947]]]}}, {"type": "Feature", "properties": {}, "geometry": {"type": "Polygon", "coordinates": [[[88.162389, 21.596588], [88.164384, 21.582398], [88.18113, 21.577951], [88.185927, 21.554127], [88.191076, 21.545709], [88.19818, 21.544402], [88.196418, 21.540394], [88.185028, 21.53967], [88.172367, 21.54892], [88.160405, 21.587779], [88.162389, 21.596588]]]}}, {"type": "Feature", "properties": {}, "geometry": {"type": "Polygon", "coordinates": [[[88.29103, 21.5932], [88.298918, 21.592765], [88.327363, 21.569123], [88.294982, 21.545958], [88.272911, 21.540716], [88.258494, 21.544075], [88.260313, 21.557983], [88.27552, 21.568195], [88.276578, 21.578752], [88.287918, 21.575473], [88.285713, 21.587971], [88.286781, 21.593355], [88.29103, 21.5932]]]}}, {"type": "Feature", "properties": {}, "geometry": {"type": "Polygon", "coordinates": [[[88.495024, 21.597182], [88.530636, 21.579467], [88.529215, 21.550336], [88.541733, 21.535475], [88.529689, 21.52593], [88.520592, 21.525061], [88.515362, 21.531894], [88.510117, 21.529576], [88.496057, 21.534601], [88.498312, 21.542367], [88.481438, 21.547599], [88.483677, 21.580466], [88.495024, 21.597182]]]}}, {"type": "Feature", "properties": {}, "geometry": {"type": "Polygon", "coordinates": [[[88.833012, 21.604545], [88.864931, 21.594684], [88.887318, 21.579891], [88.901968, 21.548043], [88.879599, 21.533146], [88.870549, 21.532015], [88.850724, 21.535848], [88.828505, 21.547549], [88.822196, 21.570308], [88.823887, 21.593956], [88.826992, 21.604559], [88.833012, 21.604545]]]}}, {"type": "Feature", "properties": {}, "geometry": {"type": "Polygon", "coordinates": [[[89.12816, 21.591194], [89.137028, 21.588258], [89.124382, 21.58506], [89.12816, 21.591194]]]}}, {"type": "Feature", "properties": {}, "geometry": {"type": "Polygon", "coordinates": [[[88.521282, 21.649963], [88.533947, 21.635857], [88.564868, 21.620619], [88.581701, 21.601964], [88.576839, 21.579501], [88.555304, 21.558854], [88.544048, 21.562238], [88.536991, 21.586544], [88.524439, 21.59514], [88.513575, 21.594235], [88.507502, 21.598525], [88.51782, 21.623612], [88.516903, 21.646586], [88.521282, 21.649963]]]}}, {"type": "Feature", "properties": {}, "geometry": {"type": "Polygon", "coordinates": [[[88.765176, 21.651989], [88.771545, 21.644173], [88.768539, 21.623652], [88.784643, 21.604385], [88.78365, 21.596727], [88.794613, 21.594058], [88.794877, 21.587709], [88.789301, 21.578363], [88.773026, 21.575616], [88.754363, 21.558014], [88.74436, 21.580755], [88.743093, 21.564378], [88.722251, 21.56202], [88.703521, 21.580782], [88.713568, 21.63398], [88.724199, 21.633466], [88.732813, 21.641921], [88.765176, 21.651989]]]}}, {"type": "Feature", "properties": {}, "geometry": {"type": "Polygon", "coordinates": [[[88.32316, 21.684083], [88.343306, 21.67332], [88.353399, 21.654506], [88.347144, 21.64715], [88.348056, 21.62477], [88.324834, 21.605646], [88.323172, 21.598302], [88.30933, 21.603423], [88.304487, 21.616897], [88.317126, 21.679203], [88.32316, 21.684083]]]}}, {"type": "Feature", "properties": {}, "geometry": {"type": "Polygon", "coordinates": [[[88.418931, 21.685138], [88.430699, 21.670747], [88.431758, 21.656106], [88.447955, 21.645789], [88.462792, 21.649616], [88.456356, 21.628814], [88.448444, 21.625525], [88.45703, 21.626568], [88.44105, 21.593427], [88.427043, 21.596752], [88.423996, 21.6015], [88.429399, 21.603825], [88.423361, 21.602979], [88.422696, 21.596825], [88.418672, 21.601886], [88.41936, 21.606932], [88.4347, 21.614463], [88.438678, 21.621306], [88.436311, 21.638053], [88.428259, 21.645368], [88.432347, 21.648361], [88.426354, 21.648185], [88.432237, 21.652267], [88.424485, 21.648714], [88.42306, 21.654731], [88.420389, 21.652672], [88.418931, 21.685138]]]}}, {"type": "Feature", "properties": {}, "geometry": {"type": "Polygon", "coordinates": [[[88.570859, 21.685763], [88.579553, 21.656907], [88.588066, 21.650598], [88.602761, 21.621804], [88.600195, 21.610541], [88.589448, 21.612581], [88.551943, 21.638071], [88.552227, 21.644431], [88.567768, 21.66466], [88.567, 21.682671], [88.570859, 21.685763]]]}}, {"type": "Feature", "properties": {}, "geometry": {"type": "Polygon", "coordinates": [[[88.297605, 21.711948], [88.298699, 21.710842], [88.299844, 21.708345], [88.300528, 21.705666], [88.300555, 21.703986], [88.300258, 21.7035], [88.299792, 21.703231], [88.299119, 21.703268], [88.298693, 21.703628], [88.297119, 21.706356], [88.295688, 21.70933], [88.29557, 21.710973], [88.296138, 21.712158], [88.296458, 21.712224], [88.296957, 21.712321], [88.297605, 21.711948]]]}}, {"type": "Feature", "properties": {}, "geometry": {"type": "Polygon", "coordinates": [[[88.950099, 21.674627], [88.962988, 21.647869], [88.982423, 21.643687], [88.987224, 21.638263], [88.990898, 21.625803], [88.986336, 21.6158], [88.965433, 21.617349], [88.937478, 21.6367], [88.937529, 21.656183], [88.943776, 21.671981], [88.950099, 21.674627]]]}}, {"type": "Feature", "properties": {}, "geometry": {"type": "Polygon", "coordinates": [[[88.461985, 21.700537], [88.476287, 21.679052], [88.468238, 21.666731], [88.467187, 21.68281], [88.437188, 21.694244], [88.44681, 21.690146], [88.445817, 21.684605], [88.46592, 21.681443], [88.463144, 21.650952], [88.447989, 21.646382], [88.431845, 21.657544], [88.432461, 21.66861], [88.438013, 21.673135], [88.432138, 21.670578], [88.429221, 21.675997], [88.432451, 21.676918], [88.42564, 21.678147], [88.417559, 21.690521], [88.442597, 21.709269], [88.455258, 21.710071], [88.461985, 21.700537]]]}}, {"type": "Feature", "properties": {}, "geometry": {"type": "Polygon", "coordinates": [[[88.690617, 21.713709], [88.701806, 21.678726], [88.741166, 21.645474], [88.715941, 21.63714], [88.71196, 21.645476], [88.714826, 21.65368], [88.7067, 21.65076], [88.702004, 21.660302], [88.679785, 21.678104], [88.685794, 21.712365], [88.690617, 21.713709]]]}}, {"type": "Feature", "properties": {}, "geometry": {"type": "Polygon", "coordinates": [[[88.202491, 21.757537], [88.199406, 21.733186], [88.198887, 21.75627], [88.202491, 21.757537]]]}}, {"type": "Feature", "properties": {}, "geometry": {"type": "Polygon", "coordinates": [[[88.987017, 21.7205], [89.005045, 21.714258], [89.008507, 21.70861], [89.004659, 21.702845], [89.015578, 21.693707], [89.01481, 21.675309], [89.006701, 21.659195], [88.991261, 21.658458], [88.991662, 21.700394], [88.97452, 21.72106], [88.978015, 21.724541], [88.987017, 21.7205]]]}}, {"type": "Feature", "properties": {}, "geometry": {"type": "Polygon", "coordinates": [[[88.878279, 21.742241], [88.904078, 21.725777], [88.912069, 21.711335], [88.933988, 21.693394], [88.917834, 21.62961], [88.88309, 21.651828], [88.878952, 21.669442], [88.86494, 21.694077], [88.870436, 21.72955], [88.878279, 21.742241]]]}}, {"type": "Feature", "properties": {}, "geometry": {"type": "Polygon", "coordinates": [[[88.579256, 21.771974], [88.580895, 21.753109], [88.610342, 21.739281], [88.614731, 21.733191], [88.612217, 21.728255], [88.589962, 21.719289], [88.57711, 21.723813], [88.579728, 21.745275], [88.566071, 21.765029], [88.579256, 21.771974]]]}}, {"type": "Feature", "properties": {}, "geometry": {"type": "Polygon", "coordinates": [[[88.274865, 21.792958], [88.28828, 21.785181], [88.291146, 21.776555], [88.2778, 21.78555], [88.274865, 21.792958]]]}}, {"type": "Feature", "properties": {}, "geometry": {"type": "Polygon", "coordinates": [[[88.837749, 21.761992], [88.860023, 21.756749], [88.8441, 21.736706], [88.834666, 21.71189], [88.838177, 21.676484], [88.855421, 21.643437], [88.850463, 21.632956], [88.83858, 21.626425], [88.838882, 21.616599], [88.801165, 21.631333], [88.816684, 21.665971], [88.812338, 21.683447], [88.814383, 21.699259], [88.803623, 21.713702], [88.788039, 21.712034], [88.763562, 21.6967], [88.759697, 21.699319], [88.77974, 21.715311], [88.779028, 21.729221], [88.788757, 21.733854], [88.784128, 21.738258], [88.785944, 21.745153], [88.807188, 21.74798], [88.827013, 21.761555], [88.837749, 21.761992]]]}}, {"type": "Feature", "properties": {}, "geometry": {"type": "Polygon", "coordinates": [[[88.931319, 21.759956], [88.959315, 21.751385], [88.963967, 21.741425], [88.977707, 21.741713], [88.965958, 21.722862], [88.979289, 21.708511], [88.987538, 21.690589], [88.983951, 21.6612], [88.998447, 21.65102], [89.011061, 21.655153], [89.020248, 21.635757], [89.032362, 21.62685], [89.031311, 21.611546], [89.022761, 21.604747], [88.996839, 21.603573], [88.998717, 21.611719], [88.990238, 21.639153], [88.977442, 21.648217], [88.963742, 21.649419], [88.94882, 21.678115], [88.946869, 21.700925], [88.917383, 21.717055], [88.926124, 21.742627], [88.918069, 21.759603], [88.931319, 21.759956]]]}}, {"type": "Feature", "properties": {}, "geometry": {"type": "Polygon", "coordinates": [[[88.607425, 21.782122], [88.616709, 21.77814], [88.62113, 21.768876], [88.624042, 21.735064], [88.605971, 21.703507], [88.593736, 21.715612], [88.615469, 21.726352], [88.618583, 21.737869], [88.586218, 21.752849], [88.583244, 21.762317], [88.588104, 21.780157], [88.607425, 21.782122]]]}}, {"type": "Feature", "properties": {}, "geometry": {"type": "Polygon", "coordinates": [[[88.544961, 21.806486], [88.559252, 21.799891], [88.567887, 21.787655], [88.55288, 21.759909], [88.565375, 21.751832], [88.56757, 21.735962], [88.555185, 21.731443], [88.566902, 21.728079], [88.568953, 21.718441], [88.581402, 21.71042], [88.581982, 21.699982], [88.604484, 21.677104], [88.589915, 21.657265], [88.584156, 21.655933], [88.575255, 21.680545], [88.579321, 21.689144], [88.563741, 21.694895], [88.560032, 21.66286], [88.543609, 21.637281], [88.531688, 21.643186], [88.524016, 21.654755], [88.522953, 21.688931], [88.515768, 21.702953], [88.515629, 21.72536], [88.509939, 21.730841], [88.513293, 21.737694], [88.50638, 21.73927], [88.502955, 21.754384], [88.514487, 21.762037], [88.504393, 21.766809], [88.511226, 21.781807], [88.544961, 21.806486]]]}}, {"type": "Feature", "properties": {}, "geometry": {"type": "Polygon", "coordinates": [[[88.81772, 21.818254], [88.825469, 21.803954], [88.817964, 21.789154], [88.817814, 21.774071], [88.825083, 21.76434], [88.804276, 21.749953], [88.788741, 21.749835], [88.782472, 21.758113], [88.783233, 21.765981], [88.794009, 21.789895], [88.81772, 21.818254]]]}}, {"type": "Feature", "properties": {}, "geometry": {"type": "Polygon", "coordinates": [[[89.009588, 21.812001], [89.013798, 21.809593], [89.02162, 21.760659], [89.058777, 21.72506], [89.072027, 21.702329], [89.066784, 21.690275], [89.074657, 21.687526], [89.092921, 21.661258], [89.090598, 21.63865], [89.071835, 21.620162], [89.059483, 21.615219], [89.026608, 21.63909], [89.025082, 21.652468], [89.032328, 21.658858], [89.016874, 21.660799], [89.021404, 21.688009], [89.011641, 21.705379], [89.01243, 21.714], [88.977026, 21.728842], [88.98091, 21.746686], [88.967581, 21.746651], [88.956117, 21.759506], [88.960678, 21.769933], [88.98418, 21.781537], [89.000946, 21.775463], [89.003568, 21.782039], [88.994147, 21.787213], [88.993832, 21.798484], [88.998657, 21.809816], [89.009588, 21.812001]]]}}, {"type": "Feature", "properties": {}, "geometry": {"type": "Polygon", "coordinates": [[[88.166416, 21.866956], [88.19228, 21.837933], [88.191316, 21.830837], [88.180032, 21.832668], [88.162819, 21.860896], [88.166416, 21.866956]]]}}, {"type": "Feature", "properties": {}, "geometry": {"type": "Polygon", "coordinates": [[[88.588481, 21.847426], [88.613639, 21.823363], [88.601769, 21.813777], [88.61143, 21.801096], [88.608363, 21.796217], [88.585813, 21.796415], [88.572672, 21.811937], [88.578856, 21.837788], [88.588481, 21.847426]]]}}, {"type": "Feature", "properties": {}, "geometry": {"type": "Polygon", "coordinates": [[[88.139098, 21.878617], [88.168121, 21.829004], [88.173856, 21.807861], [88.171843, 21.794296], [88.177942, 21.797828], [88.183227, 21.786951], [88.177606, 21.776457], [88.171512, 21.788892], [88.170509, 21.759512], [88.175428, 21.738069], [88.141932, 21.682367], [88.1474, 21.639209], [88.141494, 21.626531], [88.146405, 21.612152], [88.130397, 21.611049], [88.117802, 21.612301], [88.089744, 21.628939], [88.082932, 21.630941], [88.079212, 21.62632], [88.052489, 21.636933], [88.036795, 21.649488], [88.031412, 21.665649], [88.049152, 21.687736], [88.054788, 21.707998], [88.050272, 21.711572], [88.04995, 21.72621], [88.065487, 21.747324], [88.096112, 21.82674], [88.117002, 21.86153], [88.139098, 21.878617]]]}}, {"type": "Feature", "properties": {}, "geometry": {"type": "Polygon", "coordinates": [[[88.851913, 21.861022], [88.853887, 21.852979], [88.871845, 21.848791], [88.875059, 21.800159], [88.890329, 21.779588], [88.887718, 21.750286], [88.89509, 21.744664], [88.91561, 21.742961], [88.906813, 21.727531], [88.87597, 21.745401], [88.872232, 21.764508], [88.85892, 21.776839], [88.831311, 21.780711], [88.837187, 21.79694], [88.834815, 21.845291], [88.851913, 21.861022]]]}}, {"type": "Feature", "properties": {}, "geometry": {"type": "Polygon", "coordinates": [[[88.573567, 21.878371], [88.574846, 21.856799], [88.557941, 21.828625], [88.552154, 21.833633], [88.558692, 21.853871], [88.55297, 21.875972], [88.573567, 21.878371]]]}}, {"type": "Feature", "properties": {}, "geometry": {"type": "Polygon", "coordinates": [[[88.095524, 21.917919], [88.121912, 21.891824], [88.122852, 21.885292], [88.124262, 21.891804], [88.132646, 21.888005], [88.116213, 21.87938], [88.105651, 21.866133], [88.09544, 21.885618], [88.107011, 21.897125], [88.095316, 21.887298], [88.08865, 21.904486], [88.082728, 21.908358], [88.090142, 21.919568], [88.095524, 21.917919]]]}}, {"type": "Feature", "properties": {}, "geometry": {"type": "Polygon", "coordinates": [[[88.619663, 21.893618], [88.629896, 21.867458], [88.649531, 21.86379], [88.639428, 21.786703], [88.616966, 21.79424], [88.60809, 21.812559], [88.617246, 21.825949], [88.606112, 21.832903], [88.603205, 21.843487], [88.592583, 21.851485], [88.609884, 21.888093], [88.619663, 21.893618]]]}}, {"type": "Feature", "properties": {}, "geometry": {"type": "Polygon", "coordinates": [[[88.495626, 21.907911], [88.489402, 21.89922], [88.482441, 21.898985], [88.484235, 21.905186], [88.495626, 21.907911]]]}}, {"type": "Feature", "properties": {}, "geometry": {"type": "Polygon", "coordinates": [[[88.719071, 21.899324], [88.742477, 21.894646], [88.754511, 21.877426], [88.772213, 21.867236], [88.786438, 21.877039], [88.784391, 21.862738], [88.801031, 21.877898], [88.825151, 21.862045], [88.807828, 21.807441], [88.791399, 21.790578], [88.786079, 21.793339], [88.790298, 21.783238], [88.778091, 21.761612], [88.784249, 21.746249], [88.782078, 21.734449], [88.771874, 21.730291], [88.750793, 21.734184], [88.761296, 21.760526], [88.747289, 21.767311], [88.75978, 21.780612], [88.76707, 21.800794], [88.742067, 21.767844], [88.75369, 21.757157], [88.746613, 21.746682], [88.745968, 21.73059], [88.771675, 21.71948], [88.75488, 21.708619], [88.755483, 21.692136], [88.770742, 21.691486], [88.795429, 21.703395], [88.80448, 21.698893], [88.803096, 21.665522], [88.794042, 21.653418], [88.767044, 21.662799], [88.752304, 21.661878], [88.748759, 21.655986], [88.741426, 21.655731], [88.704822, 21.686569], [88.688631, 21.747531], [88.704281, 21.774233], [88.707201, 21.803339], [88.716747, 21.801848], [88.703147, 21.808899], [88.692519, 21.839252], [88.69771, 21.844134], [88.694105, 21.851598], [88.711492, 21.894845], [88.719071, 21.899324]]]}}, {"type": "Feature", "properties": {}, "geometry": {"type": "Polygon", "coordinates": [[[88.816893, 21.896992], [88.826011, 21.892968], [88.835145, 21.880924], [88.826473, 21.861978], [88.802586, 21.878226], [88.80815, 21.893568], [88.816893, 21.896992]]]}}, {"type": "Feature", "properties": {}, "geometry": {"type": "Polygon", "coordinates": [[[79.489179, 9.119015], [79.488951, 9.118921], [79.488783, 9.118921], [79.488678, 9.119065], [79.488679, 9.11935], [79.488988, 9.119707], [79.489611, 9.120485], [79.490959, 9.122894], [79.491764, 9.124006], [79.491992, 9.124182], [79.492942, 9.124457], [79.493265, 9.124493], [79.493566, 9.124566], [79.49388, 9.124742], [79.494453, 9.125112], [79.494803, 9.125365], [79.495463, 9.125469], [79.495945, 9.12527], [79.4964, 9.124804], [79.496868, 9.123909], [79.496831, 9.123574], [79.496472, 9.123145], [79.495644, 9.122906], [79.494575, 9.12282], [79.493456, 9.122717], [79.492737, 9.122346], [79.492232, 9.121903], [79.491163, 9.121103], [79.489743, 9.11977], [79.489179, 9.119015]]]}}, {"type": "Feature", "properties": {}, "geometry": {"type": "Polygon", "coordinates": [[[79.488724, 9.127358], [79.488555, 9.126762], [79.488414, 9.12645], [79.48815, 9.126368], [79.4881, 9.1265], [79.48815, 9.126938], [79.488064, 9.127096], [79.487836, 9.127096], [79.487391, 9.126866], [79.48709, 9.126952], [79.486959, 9.127178], [79.487031, 9.127395], [79.487177, 9.127562], [79.487477, 9.127775], [79.488137, 9.128073], [79.488546, 9.128095], [79.488701, 9.128036], [79.488797, 9.127847], [79.48881, 9.12762], [79.488724, 9.127358]]]}}, {"type": "Feature", "properties": {}, "geometry": {"type": "Polygon", "coordinates": [[[88.980322, 21.890547], [88.997289, 21.888035], [89.028699, 21.867624], [89.031784, 21.856138], [89.026027, 21.84812], [89.0296, 21.832986], [89.023601, 21.818415], [89.016279, 21.813654], [89.011237, 21.817549], [88.994928, 21.815941], [88.978625, 21.78694], [88.964092, 21.776201], [88.954177, 21.782556], [88.941434, 21.783032], [88.938797, 21.788452], [88.948637, 21.80254], [88.966644, 21.79938], [88.971816, 21.804894], [88.971132, 21.823939], [88.953897, 21.826387], [88.946902, 21.839875], [88.957255, 21.857217], [88.973722, 21.864918], [88.96561, 21.888295], [88.980322, 21.890547]]]}}, {"type": "Feature", "properties": {}, "geometry": {"type": "Polygon", "coordinates": [[[88.637788, 21.917564], [88.666897, 21.907669], [88.64618, 21.869413], [88.631998, 21.869873], [88.620612, 21.897949], [88.637788, 21.917564]]]}}, {"type": "Feature", "properties": {}, "geometry": {"type": "Polygon", "coordinates": [[[88.127037, 21.943912], [88.148694, 21.922077], [88.131945, 21.894473], [88.089145, 21.926329], [88.09252, 21.932422], [88.112918, 21.938209], [88.123118, 21.947908], [88.127037, 21.943912]]]}}, {"type": "Feature", "properties": {}, "geometry": {"type": "Polygon", "coordinates": [[[88.721806, 21.926158], [88.732689, 21.916262], [88.751892, 21.923831], [88.782473, 21.915541], [88.795381, 21.916456], [88.808798, 21.89999], [88.805295, 21.885605], [88.789642, 21.871404], [88.783808, 21.877853], [88.771985, 21.868854], [88.75567, 21.878007], [88.743933, 21.895533], [88.717897, 21.900619], [88.71353, 21.914699], [88.71627, 21.92364], [88.721806, 21.926158]]]}}, {"type": "Feature", "properties": {}, "geometry": {"type": "Polygon", "coordinates": [[[88.910304, 21.925138], [88.935061, 21.909714], [88.96762, 21.898114], [88.962756, 21.887146], [88.969624, 21.865406], [88.948805, 21.85236], [88.941958, 21.835245], [88.947115, 21.825657], [88.966501, 21.820286], [88.968777, 21.815811], [88.962284, 21.803902], [88.943911, 21.807043], [88.932073, 21.790508], [88.937292, 21.779952], [88.953794, 21.774737], [88.952088, 21.769496], [88.91635, 21.765526], [88.903709, 21.751639], [88.897288, 21.751008], [88.892608, 21.755061], [88.895612, 21.78757], [88.885824, 21.78978], [88.880106, 21.80052], [88.879798, 21.80727], [88.885566, 21.810193], [88.878364, 21.818369], [88.880406, 21.829301], [88.874927, 21.833539], [88.873777, 21.850136], [88.85498, 21.856407], [88.841695, 21.896525], [88.820326, 21.913676], [88.816814, 21.922497], [88.820775, 21.925457], [88.842318, 21.910154], [88.855911, 21.908877], [88.87069, 21.915029], [88.882909, 21.909553], [88.910304, 21.925138]]]}}, {"type": "Feature", "properties": {}, "geometry": {"type": "Polygon", "coordinates": [[[88.735834, 21.976485], [88.750861, 21.973087], [88.749785, 21.952673], [88.772262, 21.938729], [88.783441, 21.947757], [88.785956, 21.938683], [88.800767, 21.935752], [88.80261, 21.928691], [88.784936, 21.917412], [88.769706, 21.926098], [88.738051, 21.921076], [88.728695, 21.924249], [88.720819, 21.937577], [88.724874, 21.972465], [88.735834, 21.976485]]]}}, {"type": "Feature", "properties": {}, "geometry": {"type": "Polygon", "coordinates": [[[88.132303, 22.018852], [88.137827, 22.011055], [88.122402, 21.977329], [88.105416, 21.970932], [88.094072, 21.971826], [88.090595, 21.98312], [88.099078, 21.998519], [88.116627, 22.015614], [88.132303, 22.018852]]]}}, {"type": "Feature", "properties": {}, "geometry": {"type": "Polygon", "coordinates": [[[88.772624, 21.984262], [88.779545, 21.980082], [88.778117, 21.97219], [88.784757, 21.967186], [88.80441, 21.964991], [88.837597, 21.973334], [88.836255, 21.940042], [88.843451, 21.933324], [88.860352, 21.930443], [88.863484, 21.920185], [88.848234, 21.917513], [88.820121, 21.937629], [88.789633, 21.939199], [88.785319, 21.952043], [88.769157, 21.94249], [88.754827, 21.953606], [88.756629, 21.970501], [88.75056, 21.977884], [88.772624, 21.984262]]]}}, {"type": "Feature", "properties": {}, "geometry": {"type": "Polygon", "coordinates": [[[68.683662, 23.15225], [68.684571, 23.152189], [68.684393, 23.151884], [68.68321, 23.152387], [68.683662, 23.15225]]]}}, {"type": "Feature", "properties": {}, "geometry": {"type": "Polygon", "coordinates": [[[68.621019, 23.205636], [68.621001, 23.205629], [68.62097, 23.205702], [68.621019, 23.205636]]]}}, {"type": "Feature", "properties": {}, "geometry": {"type": "Polygon", "coordinates": [[[68.734603, 23.83153], [68.733798, 23.831487], [68.733039, 23.831565], [68.734603, 23.83153]]]}}, {"type": "Feature", "properties": {}, "geometry": {"type": "Polygon", "coordinates": [[[78.495507, 9.086726], [78.486466, 9.08917], [78.492624, 9.086402], [78.49404, 9.091971], [78.495507, 9.086726]]]}}, {"type": "Feature", "properties": {}, "geometry": {"type": "Polygon", "coordinates": [[[79.481795, 9.130179], [79.481913, 9.129845], [79.481831, 9.129226], [79.481517, 9.128665], [79.481194, 9.128606], [79.481062, 9.128715], [79.481062, 9.128869], [79.481121, 9.129049], [79.48134, 9.129633], [79.481254, 9.129954], [79.481013, 9.13004], [79.48058, 9.129931], [79.479884, 9.129597], [79.47962, 9.129678], [79.479611, 9.129873], [79.479803, 9.130063], [79.480512, 9.130537], [79.480944, 9.130587], [79.481386, 9.130528], [79.48159, 9.130406], [79.481795, 9.130179]]]}}, {"type": "Feature", "properties": {}, "geometry": {"type": "Polygon", "coordinates": [[[79.483488, 9.133497], [79.483356, 9.133081], [79.48296, 9.132426], [79.482505, 9.132006], [79.482169, 9.131816], [79.481987, 9.131983], [79.482073, 9.132318], [79.482697, 9.13314], [79.482719, 9.133321], [79.48266, 9.13338], [79.482483, 9.133366], [79.482324, 9.133213], [79.481855, 9.13282], [79.481532, 9.132675], [79.4814, 9.132865], [79.481446, 9.133091], [79.481914, 9.133651], [79.482756, 9.134275], [79.482974, 9.134275], [79.483152, 9.134239], [79.483225, 9.134216], [79.483356, 9.134071], [79.483429, 9.133904], [79.483488, 9.133497]]]}}, {"type": "Feature", "properties": {}, "geometry": {"type": "Polygon", "coordinates": [[[79.473822, 9.13524], [79.473581, 9.134987], [79.473426, 9.134987], [79.473294, 9.135119], [79.473244, 9.135336], [79.473331, 9.135548], [79.473472, 9.136136], [79.473354, 9.136588], [79.472199, 9.137664], [79.471699, 9.137854], [79.471385, 9.138225], [79.471048, 9.138582], [79.470857, 9.138641], [79.46987, 9.138677], [79.469693, 9.138858], [79.469679, 9.139071], [79.469693, 9.139383], [79.469884, 9.1395], [79.470184, 9.139731], [79.47058, 9.139965], [79.471181, 9.140074], [79.471685, 9.140015], [79.472168, 9.139739], [79.472768, 9.139165], [79.4735, 9.138378], [79.473632, 9.137768], [79.473845, 9.137031], [79.474132, 9.136217], [79.474132, 9.135919], [79.473822, 9.13524]]]}}, {"type": "Feature", "properties": {}, "geometry": {"type": "Polygon", "coordinates": [[[79.46796, 9.140599], [79.467673, 9.140373], [79.467396, 9.140491], [79.465977, 9.141938], [79.464981, 9.142914], [79.464958, 9.143132], [79.465004, 9.143299], [79.465163, 9.143439], [79.466087, 9.143547], [79.467301, 9.143357], [79.467419, 9.143212], [79.467528, 9.142973], [79.467624, 9.142475], [79.467696, 9.141829], [79.467851, 9.141232], [79.467983, 9.140839], [79.46796, 9.140599]]]}}, {"type": "Feature", "properties": {}, "geometry": {"type": "Polygon", "coordinates": [[[79.454232, 9.143699], [79.453859, 9.143649], [79.453668, 9.143876], [79.453668, 9.144237], [79.453668, 9.144915], [79.453668, 9.145476], [79.454014, 9.145607], [79.454291, 9.145584], [79.454591, 9.145299], [79.454519, 9.144965], [79.454387, 9.144617], [79.454314, 9.143975], [79.454232, 9.143699]]]}}, {"type": "Feature", "properties": {}, "geometry": {"type": "Polygon", "coordinates": [[[79.45632, 9.147017], [79.45632, 9.146682], [79.45607, 9.146538], [79.455815, 9.146696], [79.455615, 9.146805], [79.455493, 9.146805], [79.455119, 9.146719], [79.454965, 9.146805], [79.454942, 9.147053], [79.455179, 9.147388], [79.455252, 9.147541], [79.455434, 9.147614], [79.455638, 9.147614], [79.455879, 9.147532], [79.456116, 9.147365], [79.45632, 9.147017]]]}}, {"type": "Feature", "properties": {}, "geometry": {"type": "Polygon", "coordinates": [[[79.453655, 9.148564], [79.454351, 9.147714], [79.454401, 9.147379], [79.45421, 9.147117], [79.454005, 9.146999], [79.453427, 9.146891], [79.453104, 9.146746], [79.452549, 9.146403], [79.452454, 9.146498], [79.452313, 9.147167], [79.451626, 9.147606], [79.451267, 9.147859], [79.450821, 9.147882], [79.450343, 9.147597], [79.450138, 9.147633], [79.449979, 9.147931], [79.450102, 9.148266], [79.450343, 9.148564], [79.451135, 9.14936], [79.451854, 9.149672], [79.452241, 9.149757], [79.452577, 9.149694], [79.452864, 9.14954], [79.453164, 9.149278], [79.453655, 9.148564]]]}}, {"type": "Feature", "properties": {}, "geometry": {"type": "Polygon", "coordinates": [[[79.444903, 9.151047], [79.444589, 9.151011], [79.444444, 9.151178], [79.444348, 9.15163], [79.444421, 9.152322], [79.44489, 9.153362], [79.444999, 9.153638], [79.445213, 9.153746], [79.445404, 9.153746], [79.445609, 9.153637], [79.445681, 9.15347], [79.445622, 9.153289], [79.445504, 9.153063], [79.445372, 9.152706], [79.445431, 9.152562], [79.445563, 9.152313], [79.445672, 9.152037], [79.445513, 9.151585], [79.444903, 9.151047]]]}}, {"type": "Feature", "properties": {}, "geometry": {"type": "Polygon", "coordinates": [[[79.445705, 9.15791], [79.446069, 9.157263], [79.446524, 9.156033], [79.446896, 9.155427], [79.447556, 9.153913], [79.44771, 9.153185], [79.447533, 9.152765], [79.447173, 9.152634], [79.446882, 9.152801], [79.446137, 9.154772], [79.445477, 9.156644], [79.445405, 9.156825], [79.445214, 9.157123], [79.444868, 9.157349], [79.444663, 9.157263], [79.444436, 9.156965], [79.444012, 9.156395], [79.443639, 9.156323], [79.443507, 9.156463], [79.443462, 9.156622], [79.443389, 9.156906], [79.44364, 9.157349], [79.444363, 9.158018], [79.44495, 9.158186], [79.445359, 9.158185], [79.445705, 9.15791]]]}}, {"type": "Feature", "properties": {}, "geometry": {"type": "Polygon", "coordinates": [[[78.816767, 9.160511], [78.81679, 9.16037], [78.817013, 9.160425], [78.817422, 9.160651], [78.817909, 9.160678], [78.818469, 9.16066], [78.818614, 9.160796], [78.818855, 9.161157], [78.819092, 9.161632], [78.81926, 9.162021], [78.819456, 9.162202], [78.819842, 9.162541], [78.820011, 9.162812], [78.820052, 9.162817], [78.820052, 9.162672], [78.819706, 9.162251], [78.819392, 9.162012], [78.819315, 9.161759], [78.819128, 9.161099], [78.81901, 9.16071], [78.818701, 9.160497], [78.818228, 9.160303], [78.817968, 9.160253], [78.817809, 9.160312], [78.817673, 9.160149], [78.817473, 9.160045], [78.817191, 9.159842], [78.816909, 9.159805], [78.816608, 9.160004], [78.81659, 9.16033], [78.816877, 9.160764], [78.817031, 9.161153], [78.817331, 9.161433], [78.817732, 9.161813], [78.818259, 9.162165], [78.8187, 9.162509], [78.818791, 9.163128], [78.818696, 9.163734], [78.818691, 9.164159], [78.818823, 9.164629], [78.819064, 9.164855], [78.819064, 9.165217], [78.819396, 9.165579], [78.820342, 9.165895], [78.821016, 9.166054], [78.821207, 9.16628], [78.821771, 9.16656], [78.822189, 9.166623], [78.822576, 9.166434], [78.822562, 9.166411], [78.821857, 9.166339], [78.821129, 9.16604], [78.820356, 9.165629], [78.819583, 9.165303], [78.819196, 9.164892], [78.818982, 9.164168], [78.81896, 9.163716], [78.819037, 9.162807], [78.818869, 9.162378], [78.818364, 9.161921], [78.817827, 9.161673], [78.817345, 9.161171], [78.81679, 9.160533], [78.816767, 9.160511]]]}}, {"type": "Feature", "properties": {}, "geometry": {"type": "Polygon", "coordinates": [[[79.075086, 9.202184], [79.088217, 9.198556], [79.08434, 9.19166], [79.064462, 9.200505], [79.054756, 9.197988], [79.066887, 9.210508], [79.075086, 9.202184]]]}}, {"type": "Feature", "properties": {}, "geometry": {"type": "Polygon", "coordinates": [[[79.140557, 9.215269], [79.140872, 9.214804], [79.140912, 9.214662], [79.140965, 9.214377], [79.14089, 9.213858], [79.140735, 9.213573], [79.140541, 9.213338], [79.140424, 9.213182], [79.140346, 9.21313], [79.13971, 9.212673], [79.139255, 9.212386], [79.138892, 9.212164], [79.138515, 9.211916], [79.13832, 9.211798], [79.138034, 9.211693], [79.137826, 9.21164], [79.137578, 9.211626], [79.137317, 9.211624], [79.13703, 9.21174], [79.136795, 9.211868], [79.136533, 9.2121], [79.13631, 9.212435], [79.136125, 9.212758], [79.136071, 9.213108], [79.136017, 9.213574], [79.136028, 9.213989], [79.136091, 9.214391], [79.136142, 9.214598], [79.136258, 9.21478], [79.136388, 9.214859], [79.136544, 9.214976], [79.136726, 9.215042], [79.136986, 9.215108], [79.137299, 9.215122], [79.137599, 9.215124], [79.138133, 9.215217], [79.138614, 9.215349], [79.138979, 9.215455], [79.139408, 9.215548], [79.139838, 9.215563], [79.140152, 9.215474], [79.140557, 9.215269]]]}}, {"type": "Feature", "properties": {}, "geometry": {"type": "Polygon", "coordinates": [[[79.122768, 9.219261], [79.134329, 9.215703], [79.123519, 9.212535], [79.119052, 9.216181], [79.122768, 9.219261]]]}}, {"type": "Feature", "properties": {}, "geometry": {"type": "Polygon", "coordinates": [[[79.181403, 9.241099], [79.195667, 9.233655], [79.199161, 9.240187], [79.199496, 9.234669], [79.181403, 9.241099]]]}}, {"type": "Feature", "properties": {}, "geometry": {"type": "Polygon", "coordinates": [[[79.231908, 9.243821], [79.236578, 9.241067], [79.230553, 9.23916], [79.231908, 9.243821]]]}}, {"type": "Feature", "properties": {}, "geometry": {"type": "Polygon", "coordinates": [[[79.180689, 9.248097], [79.180937, 9.24809], [79.181055, 9.248117], [79.181171, 9.248082], [79.181219, 9.248107], [79.18136, 9.248092], [79.181433, 9.248113], [79.181774, 9.248033], [79.181984, 9.247955], [79.182105, 9.247867], [79.182153, 9.2478], [79.18219, 9.247637], [79.182196, 9.24752], [79.182173, 9.247427], [79.18202, 9.247173], [79.182009, 9.247083], [79.182025, 9.24701], [79.181938, 9.246784], [79.181804, 9.246738], [79.181692, 9.24674], [79.181628, 9.246789], [79.181549, 9.2468], [79.181512, 9.246838], [79.181362, 9.246878], [79.181177, 9.24697], [79.180733, 9.247076], [79.180498, 9.247095], [79.180291, 9.247087], [79.179834, 9.247008], [79.179805, 9.24699], [79.179744, 9.246881], [79.179697, 9.246732], [79.179695, 9.246659], [79.17975, 9.246549], [79.179961, 9.24636], [79.179964, 9.246191], [79.179864, 9.246095], [79.179689, 9.246022], [79.179119, 9.245915], [79.178948, 9.245901], [79.178762, 9.245836], [79.178633, 9.24575], [79.178502, 9.245591], [79.178462, 9.245421], [79.178499, 9.245171], [79.178481, 9.244748], [79.178526, 9.244509], [79.178643, 9.244236], [79.178684, 9.244209], [79.178725, 9.244132], [79.179171, 9.243642], [79.179174, 9.24364], [79.179193, 9.243599], [79.179452, 9.24335], [79.179584, 9.243287], [79.179666, 9.243274], [79.179711, 9.243328], [79.179729, 9.24345], [79.179757, 9.243472], [79.179784, 9.243567], [79.179782, 9.243566], [79.179883, 9.243738], [79.179997, 9.243743], [79.180117, 9.243714], [79.180236, 9.243645], [79.180325, 9.243555], [79.180599, 9.243387], [79.180624, 9.243344], [79.180639, 9.243215], [79.180544, 9.243097], [79.180421, 9.243038], [79.180356, 9.242961], [79.180285, 9.24294], [79.180235, 9.242903], [79.180131, 9.242776], [79.180111, 9.242695], [79.180165, 9.242474], [79.180303, 9.242131], [79.180288, 9.242043], [79.179866, 9.241211], [79.179785, 9.241118], [79.179491, 9.240877], [79.179388, 9.240865], [79.179243, 9.240878], [79.179019, 9.241019], [79.178695, 9.241277], [79.178649, 9.241361], [79.178417, 9.241626], [79.178347, 9.241649], [79.178191, 9.24184], [79.177732, 9.24222], [79.177512, 9.242426], [79.177331, 9.242674], [79.177251, 9.242841], [79.177149, 9.243188], [79.17716, 9.243338], [79.177144, 9.243647], [79.177266, 9.244344], [79.17747, 9.24486], [79.177972, 9.245988], [79.178182, 9.246674], [79.178328, 9.247007], [79.178718, 9.247687], [79.178761, 9.247805], [79.178887, 9.247987], [79.179071, 9.248184], [79.179232, 9.24826], [79.179544, 9.248268], [79.17978, 9.248217], [79.180254, 9.248172], [79.180689, 9.248097]]]}}, {"type": "Feature", "properties": {}, "geometry": {"type": "Polygon", "coordinates": [[[79.489179, 9.119015], [79.488951, 9.118921], [79.488783, 9.118921], [79.488678, 9.119065], [79.488679, 9.11935], [79.488988, 9.119707], [79.489611, 9.120485], [79.490959, 9.122894], [79.491764, 9.124006], [79.491992, 9.124182], [79.492942, 9.124457], [79.493265, 9.124493], [79.493566, 9.124566], [79.49388, 9.124742], [79.494453, 9.125112], [79.494803, 9.125365], [79.495463, 9.125469], [79.495945, 9.12527], [79.4964, 9.124804], [79.496868, 9.123909], [79.496831, 9.123574], [79.496472, 9.123145], [79.495644, 9.122906], [79.494575, 9.12282], [79.493456, 9.122717], [79.492737, 9.122346], [79.492232, 9.121903], [79.491163, 9.121103], [79.489743, 9.11977], [79.489179, 9.119015]]]}}, {"type": "Feature", "properties": {}, "geometry": {"type": "Polygon", "coordinates": [[[79.211019, 9.248476], [79.210645, 9.247858], [79.210136, 9.247226], [79.209679, 9.246929], [79.209182, 9.246659], [79.208536, 9.246468], [79.208088, 9.246357], [79.207631, 9.246131], [79.207177, 9.245911], [79.206816, 9.245906], [79.206297, 9.24598], [79.206064, 9.246059], [79.205979, 9.246146], [79.205994, 9.246494], [79.206058, 9.246649], [79.206228, 9.246864], [79.206585, 9.247046], [79.206834, 9.247128], [79.206955, 9.247209], [79.207032, 9.24721], [79.207137, 9.247255], [79.207278, 9.247311], [79.207633, 9.247489], [79.208069, 9.247722], [79.20807, 9.247722], [79.20809, 9.247393], [79.208573, 9.247422], [79.208558, 9.247665], [79.208379, 9.247654], [79.208353, 9.248075], [79.208049, 9.248057], [79.208063, 9.24783], [79.20805, 9.247822], [79.208018, 9.247799], [79.207932, 9.247753], [79.207759, 9.247662], [79.20755, 9.24757], [79.207277, 9.247437], [79.207127, 9.247369], [79.20705, 9.247332], [79.207021, 9.24733], [79.207021, 9.247358], [79.207088, 9.247465], [79.207209, 9.247654], [79.207383, 9.247855], [79.207624, 9.248138], [79.207852, 9.24834], [79.208067, 9.248488], [79.208309, 9.248543], [79.208539, 9.248464], [79.209106, 9.248346], [79.20951, 9.248388], [79.209805, 9.248671], [79.210127, 9.248981], [79.210746, 9.249198], [79.210962, 9.249146], [79.211097, 9.249039], [79.211112, 9.248852], [79.211019, 9.248476]]]}}, {"type": "Feature", "properties": {}, "geometry": {"type": "Polygon", "coordinates": [[[79.212293, 9.247785], [79.212123, 9.247741], [79.21199, 9.247834], [79.211939, 9.248009], [79.211969, 9.248248], [79.212192, 9.248983], [79.212379, 9.249485], [79.212548, 9.249737], [79.21268, 9.249819], [79.212882, 9.249902], [79.213052, 9.249959], [79.213203, 9.250079], [79.213511, 9.250237], [79.213656, 9.250207], [79.213783, 9.250113], [79.213872, 9.249995], [79.213924, 9.249769], [79.213862, 9.249524], [79.213593, 9.24909], [79.213543, 9.249002], [79.213461, 9.248914], [79.213354, 9.248775], [79.21316, 9.248567], [79.213034, 9.248479], [79.212795, 9.24829], [79.212651, 9.248113], [79.212494, 9.247924], [79.212293, 9.247785]]]}}, {"type": "Feature", "properties": {}, "geometry": {"type": "Polygon", "coordinates": [[[86.780741, 20.357935], [86.780329, 20.357922], [86.77997, 20.358314], [86.780051, 20.359352], [86.780431, 20.360343], [86.781092, 20.361341], [86.781709, 20.362109], [86.782333, 20.362761], [86.78301, 20.363473], [86.783696, 20.363782], [86.784215, 20.363913], [86.784505, 20.363922], [86.784803, 20.363757], [86.78488, 20.363241], [86.784562, 20.362311], [86.78406, 20.361433], [86.78339, 20.360606], [86.782827, 20.359956], [86.782211, 20.359246], [86.781709, 20.358713], [86.781198, 20.358236], [86.780741, 20.357935]]]}}, {"type": "Feature", "properties": {}, "geometry": {"type": "Polygon", "coordinates": [[[86.792386, 20.381496], [86.791982, 20.381312], [86.791402, 20.381351], [86.790807, 20.381564], [86.790561, 20.382074], [86.790537, 20.382821], [86.79068, 20.383805], [86.790655, 20.384612], [86.790745, 20.38542], [86.791018, 20.385947], [86.7913, 20.386185], [86.791765, 20.3862], [86.792064, 20.385922], [86.792141, 20.385462], [86.792104, 20.38477], [86.792121, 20.384254], [86.792312, 20.383799], [86.792855, 20.383296], [86.792986, 20.382782], [86.792888, 20.382088], [86.792668, 20.381737], [86.792386, 20.381496]]]}}, {"type": "Feature", "properties": {}, "geometry": {"type": "Polygon", "coordinates": [[[86.805807, 20.395562], [86.807747, 20.373326], [86.799176, 20.36431], [86.795981, 20.394739], [86.799227, 20.386201], [86.803133, 20.390007], [86.796748, 20.39989], [86.805807, 20.395562]]]}}, {"type": "Feature", "properties": {}, "geometry": {"type": "Polygon", "coordinates": [[[86.788133, 20.383266], [86.790444, 20.43235], [86.800317, 20.442916], [86.795924, 20.45948], [86.799902, 20.468365], [86.793493, 20.49304], [86.808512, 20.452915], [86.792148, 20.406888], [86.79437, 20.388642], [86.788133, 20.383266]]]}}, {"type": "Feature", "properties": {}, "geometry": {"type": "Polygon", "coordinates": [[[71.009639, 20.738831], [71.010973, 20.73949], [71.011446, 20.73964], [71.010966, 20.739461], [71.009639, 20.738831]]]}}, {"type": "Feature", "properties": {}, "geometry": {"type": "Polygon", "coordinates": [[[71.012501, 20.73988], [71.012143, 20.739859], [71.011446, 20.73964], [71.012093, 20.739879], [71.012501, 20.73988]]]}}, {"type": "Feature", "properties": {}, "geometry": {"type": "Polygon", "coordinates": [[[70.930558, 20.729387], [70.940375, 20.730122], [70.946219, 20.71955], [70.957469, 20.723703], [70.999999, 20.715889], [70.979688, 20.704872], [70.946716, 20.707012], [70.933086, 20.713108], [70.916847, 20.705418], [70.917605, 20.699432], [70.901752, 20.700664], [70.876195, 20.710452], [70.874882, 20.715362], [70.881873, 20.724012], [70.902233, 20.731871], [70.928706, 20.734933], [70.930558, 20.729387]]]}}, {"type": "Feature", "properties": {}, "geometry": {"type": "Polygon", "coordinates": [[[71.009639, 20.738831], [71.013819, 20.735677], [70.999379, 20.73218], [70.992249, 20.724636], [70.984906, 20.728099], [71.002129, 20.741712], [71.009639, 20.738831]]]}}, {"type": "Feature", "properties": {}, "geometry": {"type": "Polygon", "coordinates": [[[71.145765, 20.757468], [71.145862, 20.757683], [71.145769, 20.757468], [71.145765, 20.757468]]]}}, {"type": "Feature", "properties": {}, "geometry": {"type": "Polygon", "coordinates": [[[71.145862, 20.757683], [71.145896, 20.757761], [71.145902, 20.757788], [71.145897, 20.757761], [71.145862, 20.757683]]]}}, {"type": "Feature", "properties": {}, "geometry": {"type": "Polygon", "coordinates": [[[71.145902, 20.757788], [71.145911, 20.757833], [71.146044, 20.758392], [71.146012, 20.758554], [71.146049, 20.758397], [71.145912, 20.757829], [71.145902, 20.757788]]]}}, {"type": "Feature", "properties": {}, "geometry": {"type": "Polygon", "coordinates": [[[71.146012, 20.758554], [71.145959, 20.758782], [71.145947, 20.758831], [71.145972, 20.758761], [71.146012, 20.758554]]]}}, {"type": "Feature", "properties": {}, "geometry": {"type": "Polygon", "coordinates": [[[71.145947, 20.758831], [71.145914, 20.758927], [71.145622, 20.760173], [71.145618, 20.760662], [71.145817, 20.761369], [71.145628, 20.760666], [71.145631, 20.760178], [71.145923, 20.758936], [71.145947, 20.758831]]]}}, {"type": "Feature", "properties": {}, "geometry": {"type": "Polygon", "coordinates": [[[71.145765, 20.757468], [71.146342, 20.763239], [71.157552, 20.761724], [71.145765, 20.757468]]]}}, {"type": "Feature", "properties": {}, "geometry": {"type": "Polygon", "coordinates": [[[88.017335, 21.560093], [88.018558, 21.551668], [88.013749, 21.546837], [88.00997, 21.558228], [88.017335, 21.560093]]]}}, {"type": "Feature", "properties": {}, "geometry": {"type": "Polygon", "coordinates": [[[88.170738, 21.578728], [88.18113, 21.577951], [88.185927, 21.554127], [88.191076, 21.545709], [88.19818, 21.544402], [88.196418, 21.540394], [88.185028, 21.53967], [88.172367, 21.54892], [88.160176, 21.591401], [88.162389, 21.596588], [88.16338, 21.584505], [88.170738, 21.578728]]]}}, {"type": "Feature", "properties": {}, "geometry": {"type": "Polygon", "coordinates": [[[79.454232, 9.143699], [79.453859, 9.143649], [79.453668, 9.143876], [79.453668, 9.144237], [79.453668, 9.144915], [79.453668, 9.145476], [79.454014, 9.145607], [79.454291, 9.145584], [79.454591, 9.145299], [79.454519, 9.144965], [79.454387, 9.144617], [79.454314, 9.143975], [79.454232, 9.143699]]]}}, {"type": "Feature", "properties": {}, "geometry": {"type": "Polygon", "coordinates": [[[88.293388, 21.592604], [88.307912, 21.586668], [88.327363, 21.569123], [88.305351, 21.550151], [88.301865, 21.551823], [88.307333, 21.557357], [88.285188, 21.542529], [88.270721, 21.540758], [88.25678, 21.545335], [88.260313, 21.557983], [88.276545, 21.569692], [88.276578, 21.578752], [88.287918, 21.575473], [88.286781, 21.593355], [88.293388, 21.592604]]]}}, {"type": "Feature", "properties": {}, "geometry": {"type": "Polygon", "coordinates": [[[88.540596, 21.533155], [88.520592, 21.525061], [88.515362, 21.531894], [88.510117, 21.529576], [88.496057, 21.534601], [88.496819, 21.543465], [88.482649, 21.545842], [88.483677, 21.580466], [88.492136, 21.596342], [88.530636, 21.579467], [88.529215, 21.550336], [88.540596, 21.533155]]]}}, {"type": "Feature", "properties": {}, "geometry": {"type": "Polygon", "coordinates": [[[88.897598, 21.544368], [88.870549, 21.532015], [88.850724, 21.535848], [88.828505, 21.547549], [88.822196, 21.570308], [88.826992, 21.604559], [88.861645, 21.596107], [88.887318, 21.579891], [88.902073, 21.550814], [88.897598, 21.544368]]]}}, {"type": "Feature", "properties": {}, "geometry": {"type": "Polygon", "coordinates": [[[89.130441, 21.589949], [89.13646, 21.591428], [89.135703, 21.586217], [89.123144, 21.585688], [89.12492, 21.59139], [89.130441, 21.589949]]]}}, {"type": "Feature", "properties": {}, "geometry": {"type": "Polygon", "coordinates": [[[88.5818, 21.594352], [88.570503, 21.570983], [88.555304, 21.558854], [88.545153, 21.560642], [88.536991, 21.586544], [88.524439, 21.59514], [88.513575, 21.594235], [88.507502, 21.598525], [88.51782, 21.623612], [88.51838, 21.649798], [88.539705, 21.632109], [88.564868, 21.620619], [88.580004, 21.604844], [88.5818, 21.594352]]]}}, {"type": "Feature", "properties": {}, "geometry": {"type": "Polygon", "coordinates": [[[88.767912, 21.63203], [88.768539, 21.623652], [88.785168, 21.603228], [88.78365, 21.596727], [88.795644, 21.592498], [88.7912, 21.58034], [88.773026, 21.575616], [88.754363, 21.558014], [88.74436, 21.580755], [88.745081, 21.568278], [88.740789, 21.562895], [88.727381, 21.560272], [88.715323, 21.566325], [88.703521, 21.580782], [88.714543, 21.635552], [88.724199, 21.633466], [88.732813, 21.641921], [88.763513, 21.652455], [88.771545, 21.644173], [88.767912, 21.63203]]]}}, {"type": "Feature", "properties": {}, "geometry": {"type": "Polygon", "coordinates": [[[88.330847, 21.677278], [88.343306, 21.67332], [88.350711, 21.663183], [88.353399, 21.654506], [88.347144, 21.64715], [88.348911, 21.626746], [88.324834, 21.605646], [88.325915, 21.598506], [88.315981, 21.599244], [88.306375, 21.607846], [88.305992, 21.628093], [88.317126, 21.679203], [88.322644, 21.684342], [88.330847, 21.677278]]]}}, {"type": "Feature", "properties": {}, "geometry": {"type": "Polygon", "coordinates": [[[88.431758, 21.656106], [88.447955, 21.645789], [88.462792, 21.649616], [88.456356, 21.628814], [88.448444, 21.625525], [88.45703, 21.626568], [88.44105, 21.593427], [88.427043, 21.596752], [88.424519, 21.602661], [88.43192, 21.602158], [88.426367, 21.60459], [88.422696, 21.596825], [88.418101, 21.604287], [88.4347, 21.614463], [88.438669, 21.623934], [88.436311, 21.638053], [88.428259, 21.645368], [88.432347, 21.648361], [88.426354, 21.648185], [88.432237, 21.652267], [88.424485, 21.648714], [88.42306, 21.654731], [88.420389, 21.652672], [88.421377, 21.673725], [88.417028, 21.685157], [88.430699, 21.670747], [88.431758, 21.656106]]]}}, {"type": "Feature", "properties": {}, "geometry": {"type": "Polygon", "coordinates": [[[88.629452, 21.646541], [88.623318, 21.650013], [88.62443, 21.665181], [88.634676, 21.674489], [88.629452, 21.646541]]]}}, {"type": "Feature", "properties": {}, "geometry": {"type": "Polygon", "coordinates": [[[88.600195, 21.610541], [88.589448, 21.612581], [88.551943, 21.638071], [88.568801, 21.66733], [88.568347, 21.685799], [88.574146, 21.681837], [88.579553, 21.656907], [88.588066, 21.650598], [88.602761, 21.621804], [88.600195, 21.610541]]]}}, {"type": "Feature", "properties": {}, "geometry": {"type": "Polygon", "coordinates": [[[88.300258, 21.7035], [88.299792, 21.703231], [88.299119, 21.703268], [88.298693, 21.703628], [88.297119, 21.706356], [88.295688, 21.70933], [88.29557, 21.710973], [88.296138, 21.712158], [88.296458, 21.712224], [88.296957, 21.712321], [88.297605, 21.711948], [88.298699, 21.710842], [88.299844, 21.708345], [88.300528, 21.705666], [88.300555, 21.703986], [88.300258, 21.7035]]]}}, {"type": "Feature", "properties": {}, "geometry": {"type": "Polygon", "coordinates": [[[88.968287, 21.644984], [88.982423, 21.643687], [88.987224, 21.638263], [88.990521, 21.622652], [88.983336, 21.614468], [88.963081, 21.618396], [88.937478, 21.6367], [88.934559, 21.645781], [88.946385, 21.674697], [88.951185, 21.673958], [88.962114, 21.649281], [88.968287, 21.644984]]]}}, {"type": "Feature", "properties": {}, "geometry": {"type": "Polygon", "coordinates": [[[88.461985, 21.700537], [88.476287, 21.679052], [88.468238, 21.666731], [88.467187, 21.68281], [88.437188, 21.694244], [88.44681, 21.690146], [88.445817, 21.684605], [88.46592, 21.681443], [88.463144, 21.650952], [88.447989, 21.646382], [88.431845, 21.657544], [88.432461, 21.66861], [88.438013, 21.673135], [88.432138, 21.670578], [88.429221, 21.675997], [88.432451, 21.676918], [88.42564, 21.678147], [88.417559, 21.690521], [88.442597, 21.709269], [88.455258, 21.710071], [88.461985, 21.700537]]]}}, {"type": "Feature", "properties": {}, "geometry": {"type": "Polygon", "coordinates": [[[88.728673, 21.656898], [88.741166, 21.645474], [88.715941, 21.63714], [88.71196, 21.645476], [88.714826, 21.65368], [88.7067, 21.65076], [88.702004, 21.660302], [88.679785, 21.678104], [88.687855, 21.714901], [88.701806, 21.678726], [88.728673, 21.656898]]]}}, {"type": "Feature", "properties": {}, "geometry": {"type": "Polygon", "coordinates": [[[88.200893, 21.734422], [88.197701, 21.734743], [88.201646, 21.757803], [88.200893, 21.734422]]]}}, {"type": "Feature", "properties": {}, "geometry": {"type": "Polygon", "coordinates": [[[89.006701, 21.659195], [88.991261, 21.658458], [88.991662, 21.700394], [88.975501, 21.723861], [89.005045, 21.714258], [89.008507, 21.70861], [89.004659, 21.702845], [89.013877, 21.697683], [89.01481, 21.675309], [89.006701, 21.659195]]]}}, {"type": "Feature", "properties": {}, "geometry": {"type": "Polygon", "coordinates": [[[88.916128, 21.629347], [88.88309, 21.651828], [88.878952, 21.669442], [88.86494, 21.694077], [88.875802, 21.742144], [88.904078, 21.725777], [88.912069, 21.711335], [88.933988, 21.693394], [88.916128, 21.629347]]]}}, {"type": "Feature", "properties": {}, "geometry": {"type": "Polygon", "coordinates": [[[88.589962, 21.719289], [88.576148, 21.725232], [88.579728, 21.745275], [88.566071, 21.765029], [88.576846, 21.772344], [88.582044, 21.751586], [88.614553, 21.734187], [88.612217, 21.728255], [88.589962, 21.719289]]]}}, {"type": "Feature", "properties": {}, "geometry": {"type": "Polygon", "coordinates": [[[88.291146, 21.776555], [88.273902, 21.792633], [88.28828, 21.785181], [88.291146, 21.776555]]]}}, {"type": "Feature", "properties": {}, "geometry": {"type": "Polygon", "coordinates": [[[88.848326, 21.74292], [88.833886, 21.705596], [88.838177, 21.676484], [88.855265, 21.639976], [88.83858, 21.626425], [88.838882, 21.616599], [88.801165, 21.631333], [88.816684, 21.665971], [88.812338, 21.683447], [88.814383, 21.699259], [88.803623, 21.713702], [88.788039, 21.712034], [88.763562, 21.6967], [88.759697, 21.699319], [88.77974, 21.715311], [88.779028, 21.729221], [88.788757, 21.733854], [88.783683, 21.740151], [88.786904, 21.745631], [88.807188, 21.74798], [88.831141, 21.762446], [88.859841, 21.758294], [88.858563, 21.750968], [88.848326, 21.74292]]]}}, {"type": "Feature", "properties": {}, "geometry": {"type": "Polygon", "coordinates": [[[88.944132, 21.756243], [88.959315, 21.751385], [88.963967, 21.741425], [88.977707, 21.741713], [88.965958, 21.722862], [88.979289, 21.708511], [88.987538, 21.690589], [88.983951, 21.6612], [88.998447, 21.65102], [89.011061, 21.655153], [89.020248, 21.635757], [89.032362, 21.62685], [89.031311, 21.611546], [89.022761, 21.604747], [88.996839, 21.603573], [88.998717, 21.611719], [88.990238, 21.639153], [88.977442, 21.648217], [88.963742, 21.649419], [88.94882, 21.678115], [88.946869, 21.700925], [88.917383, 21.717055], [88.926124, 21.742627], [88.918069, 21.759603], [88.944132, 21.756243]]]}}, {"type": "Feature", "properties": {}, "geometry": {"type": "Polygon", "coordinates": [[[88.609368, 21.782011], [88.62113, 21.768876], [88.624042, 21.735064], [88.605971, 21.703507], [88.593736, 21.715612], [88.615469, 21.726352], [88.618583, 21.737869], [88.586218, 21.752849], [88.583445, 21.768536], [88.588104, 21.780157], [88.609368, 21.782011]]]}}, {"type": "Feature", "properties": {}, "geometry": {"type": "Polygon", "coordinates": [[[79.488724, 9.127358], [79.488555, 9.126762], [79.488414, 9.12645], [79.48815, 9.126368], [79.4881, 9.1265], [79.48815, 9.126938], [79.488064, 9.127096], [79.487836, 9.127096], [79.487391, 9.126866], [79.48709, 9.126952], [79.486959, 9.127178], [79.487031, 9.127395], [79.487177, 9.127562], [79.487477, 9.127775], [79.488137, 9.128073], [79.488546, 9.128095], [79.488701, 9.128036], [79.488797, 9.127847], [79.48881, 9.12762], [79.488724, 9.127358]]]}}, {"type": "Feature", "properties": {}, "geometry": {"type": "Polygon", "coordinates": [[[88.556946, 21.764098], [88.553109, 21.759312], [88.564414, 21.753333], [88.568145, 21.740339], [88.564969, 21.732899], [88.555185, 21.731443], [88.566902, 21.728079], [88.568953, 21.718441], [88.581402, 21.71042], [88.581982, 21.699982], [88.604431, 21.675487], [88.589915, 21.657265], [88.584156, 21.655933], [88.575255, 21.680545], [88.579321, 21.689144], [88.563741, 21.694895], [88.560032, 21.66286], [88.542626, 21.637337], [88.531688, 21.643186], [88.524016, 21.654755], [88.522953, 21.688931], [88.515768, 21.702953], [88.515629, 21.72536], [88.509939, 21.730841], [88.513293, 21.737694], [88.50638, 21.73927], [88.502955, 21.754384], [88.514487, 21.762037], [88.504393, 21.766809], [88.509537, 21.779614], [88.542166, 21.806734], [88.55562, 21.802634], [88.567528, 21.789455], [88.566979, 21.781034], [88.555308, 21.769659], [88.556946, 21.764098]]]}}, {"type": "Feature", "properties": {}, "geometry": {"type": "Polygon", "coordinates": [[[88.798144, 21.748553], [88.78628, 21.751737], [88.782198, 21.763404], [88.794009, 21.789895], [88.816963, 21.818665], [88.825469, 21.803954], [88.817387, 21.786404], [88.818454, 21.771908], [88.825083, 21.76434], [88.798144, 21.748553]]]}}, {"type": "Feature", "properties": {}, "geometry": {"type": "Polygon", "coordinates": [[[89.016167, 21.778578], [89.024729, 21.756387], [89.058777, 21.72506], [89.072027, 21.702329], [89.066784, 21.690275], [89.074657, 21.687526], [89.092921, 21.661258], [89.090598, 21.63865], [89.071835, 21.620162], [89.059483, 21.615219], [89.026608, 21.63909], [89.025082, 21.652468], [89.032328, 21.658858], [89.016874, 21.660799], [89.021404, 21.688009], [89.011641, 21.705379], [89.01243, 21.714], [88.977026, 21.728842], [88.98091, 21.746686], [88.967581, 21.746651], [88.956117, 21.759506], [88.960678, 21.769933], [88.979316, 21.779705], [89.00286, 21.77747], [89.003568, 21.782039], [88.993019, 21.789494], [89.001236, 21.811414], [89.013798, 21.809593], [89.016167, 21.778578]]]}}, {"type": "Feature", "properties": {}, "geometry": {"type": "Polygon", "coordinates": [[[88.18769, 21.829896], [88.180032, 21.832668], [88.162819, 21.860896], [88.163722, 21.867021], [88.19228, 21.837933], [88.192891, 21.832376], [88.18769, 21.829896]]]}}, {"type": "Feature", "properties": {}, "geometry": {"type": "Polygon", "coordinates": [[[88.604466, 21.795196], [88.585813, 21.796415], [88.572672, 21.811937], [88.578856, 21.837788], [88.586738, 21.847525], [88.598888, 21.841001], [88.602028, 21.831724], [88.613639, 21.823363], [88.601769, 21.813777], [88.61143, 21.801096], [88.604466, 21.795196]]]}}, {"type": "Feature", "properties": {}, "geometry": {"type": "Polygon", "coordinates": [[[88.165837, 21.833728], [88.173856, 21.807861], [88.171843, 21.794296], [88.177942, 21.797828], [88.183227, 21.786951], [88.177606, 21.776457], [88.171512, 21.788892], [88.170509, 21.759512], [88.175428, 21.738069], [88.141932, 21.682367], [88.1474, 21.639209], [88.141494, 21.626531], [88.146405, 21.612152], [88.117802, 21.612301], [88.089744, 21.628939], [88.082932, 21.630941], [88.079212, 21.62632], [88.052489, 21.636933], [88.036795, 21.649488], [88.03219, 21.669341], [88.049152, 21.687736], [88.054788, 21.707998], [88.050272, 21.711572], [88.04995, 21.72621], [88.065487, 21.747324], [88.07483, 21.778716], [88.081366, 21.783966], [88.089221, 21.810796], [88.109055, 21.850715], [88.122669, 21.868126], [88.139098, 21.878617], [88.148981, 21.855854], [88.165837, 21.833728]]]}}, {"type": "Feature", "properties": {}, "geometry": {"type": "Polygon", "coordinates": [[[79.481795, 9.130179], [79.481913, 9.129845], [79.481831, 9.129226], [79.481517, 9.128665], [79.481194, 9.128606], [79.481062, 9.128715], [79.481062, 9.128869], [79.481121, 9.129049], [79.48134, 9.129633], [79.481254, 9.129954], [79.481013, 9.13004], [79.48058, 9.129931], [79.479884, 9.129597], [79.47962, 9.129678], [79.479611, 9.129873], [79.479803, 9.130063], [79.480512, 9.130537], [79.480944, 9.130587], [79.481386, 9.130528], [79.48159, 9.130406], [79.481795, 9.130179]]]}}, {"type": "Feature", "properties": {}, "geometry": {"type": "Polygon", "coordinates": [[[79.483488, 9.133497], [79.483356, 9.133081], [79.48296, 9.132426], [79.482505, 9.132006], [79.482169, 9.131816], [79.481987, 9.131983], [79.482073, 9.132318], [79.482697, 9.13314], [79.482719, 9.133321], [79.48266, 9.13338], [79.482483, 9.133366], [79.482324, 9.133213], [79.481855, 9.13282], [79.481532, 9.132675], [79.4814, 9.132865], [79.481446, 9.133091], [79.481914, 9.133651], [79.482756, 9.134275], [79.482974, 9.134275], [79.483152, 9.134239], [79.483225, 9.134216], [79.483356, 9.134071], [79.483429, 9.133904], [79.483488, 9.133497]]]}}, {"type": "Feature", "properties": {}, "geometry": {"type": "Polygon", "coordinates": [[[88.85944, 21.851381], [88.871845, 21.848791], [88.875059, 21.800159], [88.890329, 21.779588], [88.887718, 21.750286], [88.89509, 21.744664], [88.91561, 21.742961], [88.906813, 21.727531], [88.87597, 21.745401], [88.872232, 21.764508], [88.85892, 21.776839], [88.831311, 21.780711], [88.837187, 21.79694], [88.834815, 21.845291], [88.85006, 21.861522], [88.85944, 21.851381]]]}}, {"type": "Feature", "properties": {}, "geometry": {"type": "Polygon", "coordinates": [[[88.5732, 21.880854], [88.574846, 21.856799], [88.557941, 21.828625], [88.552154, 21.833633], [88.558692, 21.853871], [88.55297, 21.875972], [88.5732, 21.880854]]]}}, {"type": "Feature", "properties": {}, "geometry": {"type": "Polygon", "coordinates": [[[88.115306, 21.897306], [88.122852, 21.885292], [88.124262, 21.891804], [88.132296, 21.885935], [88.116213, 21.87938], [88.105651, 21.866133], [88.09544, 21.885618], [88.107011, 21.897125], [88.095316, 21.887298], [88.08865, 21.904486], [88.082728, 21.908358], [88.083851, 21.913839], [88.092443, 21.920593], [88.115306, 21.897306]]]}}, {"type": "Feature", "properties": {}, "geometry": {"type": "Polygon", "coordinates": [[[88.632151, 21.866161], [88.649531, 21.86379], [88.639428, 21.786703], [88.616966, 21.79424], [88.60809, 21.812559], [88.617246, 21.825949], [88.606112, 21.832903], [88.603205, 21.843487], [88.592583, 21.851485], [88.615468, 21.894084], [88.621335, 21.891495], [88.632151, 21.866161]]]}}, {"type": "Feature", "properties": {}, "geometry": {"type": "Polygon", "coordinates": [[[88.487588, 21.898446], [88.481641, 21.902275], [88.495626, 21.907911], [88.487588, 21.898446]]]}}, {"type": "Feature", "properties": {}, "geometry": {"type": "Polygon", "coordinates": [[[88.726249, 21.895855], [88.742477, 21.894646], [88.754511, 21.877426], [88.772213, 21.867236], [88.786438, 21.877039], [88.784391, 21.862738], [88.801031, 21.877898], [88.825683, 21.86017], [88.807828, 21.807441], [88.791399, 21.790578], [88.786079, 21.793339], [88.790298, 21.783238], [88.778091, 21.761612], [88.784249, 21.746249], [88.782078, 21.734449], [88.771874, 21.730291], [88.750793, 21.734184], [88.761296, 21.760526], [88.747289, 21.767311], [88.75978, 21.780612], [88.76707, 21.800794], [88.742067, 21.767844], [88.75369, 21.757157], [88.746613, 21.746682], [88.745968, 21.73059], [88.771675, 21.71948], [88.75488, 21.708619], [88.755483, 21.692136], [88.770742, 21.691486], [88.795429, 21.703395], [88.80448, 21.698893], [88.803096, 21.665522], [88.794042, 21.653418], [88.767044, 21.662799], [88.752304, 21.661878], [88.748759, 21.655986], [88.741426, 21.655731], [88.707367, 21.683087], [88.689131, 21.740091], [88.68927, 21.7512], [88.706043, 21.779875], [88.707201, 21.803339], [88.71674, 21.800913], [88.704429, 21.807445], [88.69578, 21.822719], [88.692519, 21.839252], [88.69771, 21.844134], [88.694105, 21.851598], [88.713755, 21.899338], [88.726249, 21.895855]]]}}, {"type": "Feature", "properties": {}, "geometry": {"type": "Polygon", "coordinates": [[[88.827667, 21.863171], [88.802586, 21.878226], [88.812202, 21.897043], [88.826011, 21.892968], [88.833384, 21.885483], [88.834683, 21.874046], [88.827667, 21.863171]]]}}, {"type": "Feature", "properties": {}, "geometry": {"type": "Polygon", "coordinates": [[[79.473822, 9.13524], [79.473581, 9.134987], [79.473426, 9.134987], [79.473294, 9.135119], [79.473244, 9.135336], [79.473331, 9.135548], [79.473472, 9.136136], [79.473354, 9.136588], [79.472199, 9.137664], [79.471699, 9.137854], [79.471385, 9.138225], [79.471048, 9.138582], [79.470857, 9.138641], [79.46987, 9.138677], [79.469693, 9.138858], [79.469679, 9.139071], [79.469693, 9.139383], [79.469884, 9.1395], [79.470184, 9.139731], [79.47058, 9.139965], [79.471181, 9.140074], [79.471685, 9.140015], [79.472168, 9.139739], [79.472768, 9.139165], [79.4735, 9.138378], [79.473632, 9.137768], [79.473845, 9.137031], [79.474132, 9.136217], [79.474132, 9.135919], [79.473822, 9.13524]]]}}, {"type": "Feature", "properties": {}, "geometry": {"type": "Polygon", "coordinates": [[[79.46796, 9.140599], [79.467673, 9.140373], [79.467396, 9.140491], [79.465977, 9.141938], [79.464981, 9.142914], [79.464958, 9.143132], [79.465004, 9.143299], [79.465163, 9.143439], [79.466087, 9.143547], [79.467301, 9.143357], [79.467419, 9.143212], [79.467528, 9.142973], [79.467624, 9.142475], [79.467696, 9.141829], [79.467851, 9.141232], [79.467983, 9.140839], [79.46796, 9.140599]]]}}, {"type": "Feature", "properties": {}, "geometry": {"type": "Polygon", "coordinates": [[[89.026044, 21.822801], [89.016279, 21.813654], [89.011237, 21.817549], [88.994928, 21.815941], [88.978625, 21.78694], [88.967136, 21.776812], [88.939494, 21.78434], [88.946556, 21.801321], [88.966644, 21.79938], [88.971816, 21.804894], [88.971132, 21.823939], [88.953897, 21.826387], [88.946645, 21.836101], [88.957255, 21.857217], [88.973722, 21.864918], [88.965416, 21.885445], [88.96877, 21.891159], [88.997289, 21.888035], [89.028699, 21.867624], [89.031784, 21.856138], [89.026027, 21.84812], [89.0296, 21.832986], [89.026044, 21.822801]]]}}, {"type": "Feature", "properties": {}, "geometry": {"type": "Polygon", "coordinates": [[[88.66114, 21.910918], [88.666027, 21.910284], [88.666292, 21.904254], [88.649387, 21.87206], [88.631998, 21.869873], [88.622291, 21.902691], [88.63446, 21.917401], [88.66114, 21.910918]]]}}, {"type": "Feature", "properties": {}, "geometry": {"type": "Polygon", "coordinates": [[[88.131945, 21.894473], [88.089654, 21.925523], [88.09252, 21.932422], [88.112918, 21.938209], [88.124233, 21.947954], [88.148694, 21.922077], [88.131945, 21.894473]]]}}, {"type": "Feature", "properties": {}, "geometry": {"type": "Polygon", "coordinates": [[[88.732689, 21.916262], [88.751892, 21.923831], [88.782473, 21.915541], [88.795381, 21.916456], [88.808798, 21.89999], [88.805295, 21.885605], [88.789642, 21.871404], [88.783808, 21.877853], [88.771985, 21.868854], [88.75567, 21.878007], [88.743933, 21.895533], [88.717897, 21.900619], [88.713538, 21.910775], [88.71725, 21.924919], [88.721806, 21.926158], [88.732689, 21.916262]]]}}, {"type": "Feature", "properties": {}, "geometry": {"type": "Polygon", "coordinates": [[[88.94603, 21.90615], [88.96762, 21.898114], [88.962756, 21.887146], [88.969793, 21.866789], [88.948805, 21.85236], [88.941958, 21.835245], [88.947115, 21.825657], [88.966501, 21.820286], [88.968268, 21.814033], [88.962284, 21.803902], [88.943911, 21.807043], [88.932073, 21.790508], [88.937292, 21.779952], [88.953794, 21.774737], [88.952088, 21.769496], [88.91635, 21.765526], [88.903709, 21.751639], [88.897288, 21.751008], [88.892608, 21.755061], [88.895612, 21.78757], [88.885824, 21.78978], [88.880106, 21.80052], [88.879798, 21.80727], [88.885566, 21.810193], [88.878364, 21.818369], [88.880406, 21.829301], [88.874927, 21.833539], [88.873777, 21.850136], [88.85498, 21.856407], [88.841695, 21.896525], [88.820326, 21.913676], [88.817145, 21.924871], [88.850258, 21.908731], [88.87069, 21.915029], [88.882909, 21.909553], [88.910304, 21.925138], [88.94603, 21.90615]]]}}, {"type": "Feature", "properties": {}, "geometry": {"type": "Polygon", "coordinates": [[[88.740893, 21.975394], [88.752255, 21.97048], [88.749785, 21.952673], [88.772262, 21.938729], [88.783441, 21.947757], [88.785956, 21.938683], [88.800767, 21.935752], [88.80261, 21.928691], [88.784936, 21.917412], [88.769706, 21.926098], [88.738051, 21.921076], [88.728695, 21.924249], [88.720819, 21.937577], [88.724874, 21.972465], [88.730446, 21.976929], [88.740893, 21.975394]]]}}, {"type": "Feature", "properties": {}, "geometry": {"type": "Polygon", "coordinates": [[[88.101037, 21.970883], [88.090228, 21.977159], [88.099078, 21.998519], [88.116627, 22.015614], [88.136985, 22.017176], [88.13719, 22.009], [88.122402, 21.977329], [88.101037, 21.970883]]]}}, {"type": "Feature", "properties": {}, "geometry": {"type": "Polygon", "coordinates": [[[88.779545, 21.980082], [88.780765, 21.968048], [88.796132, 21.965684], [88.837597, 21.973334], [88.836255, 21.940042], [88.843451, 21.933324], [88.860352, 21.930443], [88.863484, 21.920185], [88.848234, 21.917513], [88.820121, 21.937629], [88.789633, 21.939199], [88.785319, 21.952043], [88.769157, 21.94249], [88.754827, 21.953606], [88.756629, 21.970501], [88.750967, 21.980063], [88.770382, 21.984393], [88.779545, 21.980082]]]}}, {"type": "Feature", "properties": {}, "geometry": {"type": "Polygon", "coordinates": [[[68.684571, 23.152189], [68.684393, 23.151884], [68.68321, 23.152387], [68.683662, 23.15225], [68.684571, 23.152189]]]}}, {"type": "Feature", "properties": {}, "geometry": {"type": "Polygon", "coordinates": [[[68.621019, 23.205636], [68.621001, 23.205629], [68.62097, 23.205702], [68.621019, 23.205636]]]}}, {"type": "Feature", "properties": {}, "geometry": {"type": "Polygon", "coordinates": [[[68.733039, 23.831565], [68.734603, 23.83153], [68.733798, 23.831487], [68.733039, 23.831565]]]}}, {"type": "Feature", "properties": {}, "geometry": {"type": "Polygon", "coordinates": [[[78.495507, 9.086726], [78.486466, 9.08917], [78.492624, 9.086402], [78.49404, 9.091971], [78.495507, 9.086726]]]}}, {"type": "Feature", "properties": {}, "geometry": {"type": "Polygon", "coordinates": [[[79.45632, 9.147017], [79.45632, 9.146682], [79.45607, 9.146538], [79.455815, 9.146696], [79.455615, 9.146805], [79.455493, 9.146805], [79.455119, 9.146719], [79.454965, 9.146805], [79.454942, 9.147053], [79.455179, 9.147388], [79.455252, 9.147541], [79.455434, 9.147614], [79.455638, 9.147614], [79.455879, 9.147532], [79.456116, 9.147365], [79.45632, 9.147017]]]}}, {"type": "Feature", "properties": {}, "geometry": {"type": "Polygon", "coordinates": [[[79.453655, 9.148564], [79.454351, 9.147714], [79.454401, 9.147379], [79.45421, 9.147117], [79.454005, 9.146999], [79.453427, 9.146891], [79.453104, 9.146746], [79.452549, 9.146403], [79.452454, 9.146498], [79.452313, 9.147167], [79.451626, 9.147606], [79.451267, 9.147859], [79.450821, 9.147882], [79.450343, 9.147597], [79.450138, 9.147633], [79.449979, 9.147931], [79.450102, 9.148266], [79.450343, 9.148564], [79.451135, 9.14936], [79.451854, 9.149672], [79.452241, 9.149757], [79.452577, 9.149694], [79.452864, 9.14954], [79.453164, 9.149278], [79.453655, 9.148564]]]}}, {"type": "Feature", "properties": {}, "geometry": {"type": "Polygon", "coordinates": [[[79.444903, 9.151047], [79.444589, 9.151011], [79.444444, 9.151178], [79.444348, 9.15163], [79.444421, 9.152322], [79.44489, 9.153362], [79.444999, 9.153638], [79.445213, 9.153746], [79.445404, 9.153746], [79.445609, 9.153637], [79.445681, 9.15347], [79.445622, 9.153289], [79.445504, 9.153063], [79.445372, 9.152706], [79.445431, 9.152562], [79.445563, 9.152313], [79.445672, 9.152037], [79.445513, 9.151585], [79.444903, 9.151047]]]}}, {"type": "Feature", "properties": {}, "geometry": {"type": "Polygon", "coordinates": [[[79.445705, 9.15791], [79.446069, 9.157263], [79.446524, 9.156033], [79.446896, 9.155427], [79.447556, 9.153913], [79.44771, 9.153185], [79.447533, 9.152765], [79.447173, 9.152634], [79.446882, 9.152801], [79.446137, 9.154772], [79.445477, 9.156644], [79.445405, 9.156825], [79.445214, 9.157123], [79.444868, 9.157349], [79.444663, 9.157263], [79.444436, 9.156965], [79.444012, 9.156395], [79.443639, 9.156323], [79.443507, 9.156463], [79.443462, 9.156622], [79.443389, 9.156906], [79.44364, 9.157349], [79.444363, 9.158018], [79.44495, 9.158186], [79.445359, 9.158185], [79.445705, 9.15791]]]}}, {"type": "Feature", "properties": {}, "geometry": {"type": "Polygon", "coordinates": [[[78.816767, 9.160511], [78.81679, 9.16037], [78.817013, 9.160425], [78.817422, 9.160651], [78.817909, 9.160678], [78.818469, 9.16066], [78.818614, 9.160796], [78.818855, 9.161157], [78.819092, 9.161632], [78.81926, 9.162021], [78.819456, 9.162202], [78.819842, 9.162541], [78.820011, 9.162812], [78.820052, 9.162817], [78.820052, 9.162672], [78.819706, 9.162251], [78.819392, 9.162012], [78.819315, 9.161759], [78.819128, 9.161099], [78.81901, 9.16071], [78.818701, 9.160497], [78.818228, 9.160303], [78.817968, 9.160253], [78.817809, 9.160312], [78.817673, 9.160149], [78.817473, 9.160045], [78.817191, 9.159842], [78.816909, 9.159805], [78.816608, 9.160004], [78.81659, 9.16033], [78.816877, 9.160764], [78.817031, 9.161153], [78.817331, 9.161433], [78.817732, 9.161813], [78.818259, 9.162165], [78.8187, 9.162509], [78.818791, 9.163128], [78.818696, 9.163734], [78.818691, 9.164159], [78.818823, 9.164629], [78.819064, 9.164855], [78.819064, 9.165217], [78.819396, 9.165579], [78.820342, 9.165895], [78.821016, 9.166054], [78.821207, 9.16628], [78.821771, 9.16656], [78.822189, 9.166623], [78.822576, 9.166434], [78.822562, 9.166411], [78.821857, 9.166339], [78.821129, 9.16604], [78.820356, 9.165629], [78.819583, 9.165303], [78.819196, 9.164892], [78.818982, 9.164168], [78.81896, 9.163716], [78.819037, 9.162807], [78.818869, 9.162378], [78.818364, 9.161921], [78.817827, 9.161673], [78.817345, 9.161171], [78.81679, 9.160533], [78.816767, 9.160511]]]}}, {"type": "Feature", "properties": {}, "geometry": {"type": "Polygon", "coordinates": [[[79.075086, 9.202184], [79.088217, 9.198556], [79.08434, 9.19166], [79.064462, 9.200505], [79.054756, 9.197988], [79.066887, 9.210508], [79.075086, 9.202184]]]}}, {"type": "Feature", "properties": {}, "geometry": {"type": "Polygon", "coordinates": [[[79.140557, 9.215269], [79.140872, 9.214804], [79.140912, 9.214662], [79.140965, 9.214377], [79.14089, 9.213858], [79.140735, 9.213573], [79.140541, 9.213338], [79.140424, 9.213182], [79.140346, 9.21313], [79.13971, 9.212673], [79.139255, 9.212386], [79.138892, 9.212164], [79.138515, 9.211916], [79.13832, 9.211798], [79.138034, 9.211693], [79.137826, 9.21164], [79.137578, 9.211626], [79.137317, 9.211624], [79.13703, 9.21174], [79.136795, 9.211868], [79.136533, 9.2121], [79.13631, 9.212435], [79.136125, 9.212758], [79.136071, 9.213108], [79.136017, 9.213574], [79.136028, 9.213989], [79.136091, 9.214391], [79.136142, 9.214598], [79.136258, 9.21478], [79.136388, 9.214859], [79.136544, 9.214976], [79.136726, 9.215042], [79.136986, 9.215108], [79.137299, 9.215122], [79.137599, 9.215124], [79.138133, 9.215217], [79.138614, 9.215349], [79.138979, 9.215455], [79.139408, 9.215548], [79.139838, 9.215563], [79.140152, 9.215474], [79.140557, 9.215269]]]}}, {"type": "Feature", "properties": {}, "geometry": {"type": "Polygon", "coordinates": [[[79.122768, 9.219261], [79.134329, 9.215703], [79.123519, 9.212535], [79.119052, 9.216181], [79.122768, 9.219261]]]}}, {"type": "Feature", "properties": {}, "geometry": {"type": "Polygon", "coordinates": [[[79.181403, 9.241099], [79.195667, 9.233655], [79.199161, 9.240187], [79.199496, 9.234669], [79.181403, 9.241099]]]}}, {"type": "Feature", "properties": {}, "geometry": {"type": "Polygon", "coordinates": [[[79.231908, 9.243821], [79.236578, 9.241067], [79.230553, 9.23916], [79.231908, 9.243821]]]}}, {"type": "Feature", "properties": {}, "geometry": {"type": "Polygon", "coordinates": [[[79.180689, 9.248097], [79.180937, 9.24809], [79.181055, 9.248117], [79.181171, 9.248082], [79.181219, 9.248107], [79.18136, 9.248092], [79.181433, 9.248113], [79.181774, 9.248033], [79.181984, 9.247955], [79.182105, 9.247867], [79.182153, 9.2478], [79.18219, 9.247637], [79.182196, 9.24752], [79.182173, 9.247427], [79.18202, 9.247173], [79.182009, 9.247083], [79.182025, 9.24701], [79.181938, 9.246784], [79.181804, 9.246738], [79.181692, 9.24674], [79.181628, 9.246789], [79.181549, 9.2468], [79.181512, 9.246838], [79.181362, 9.246878], [79.181177, 9.24697], [79.180733, 9.247076], [79.180498, 9.247095], [79.180291, 9.247087], [79.179834, 9.247008], [79.179805, 9.24699], [79.179744, 9.246881], [79.179697, 9.246732], [79.179695, 9.246659], [79.17975, 9.246549], [79.179961, 9.24636], [79.179964, 9.246191], [79.179864, 9.246095], [79.179689, 9.246022], [79.179119, 9.245915], [79.178948, 9.245901], [79.178762, 9.245836], [79.178633, 9.24575], [79.178502, 9.245591], [79.178462, 9.245421], [79.178499, 9.245171], [79.178481, 9.244748], [79.178526, 9.244509], [79.178643, 9.244236], [79.178684, 9.244209], [79.178725, 9.244132], [79.179171, 9.243642], [79.179174, 9.24364], [79.179193, 9.243599], [79.179452, 9.24335], [79.179584, 9.243287], [79.179666, 9.243274], [79.179711, 9.243328], [79.179729, 9.24345], [79.179757, 9.243472], [79.179784, 9.243567], [79.179782, 9.243566], [79.179883, 9.243738], [79.179997, 9.243743], [79.180117, 9.243714], [79.180236, 9.243645], [79.180325, 9.243555], [79.180599, 9.243387], [79.180624, 9.243344], [79.180639, 9.243215], [79.180544, 9.243097], [79.180421, 9.243038], [79.180356, 9.242961], [79.180285, 9.24294], [79.180235, 9.242903], [79.180131, 9.242776], [79.180111, 9.242695], [79.180165, 9.242474], [79.180303, 9.242131], [79.180288, 9.242043], [79.179866, 9.241211], [79.179785, 9.241118], [79.179491, 9.240877], [79.179388, 9.240865], [79.179243, 9.240878], [79.179019, 9.241019], [79.178695, 9.241277], [79.178649, 9.241361], [79.178417, 9.241626], [79.178347, 9.241649], [79.178191, 9.24184], [79.177732, 9.24222], [79.177512, 9.242426], [79.177331, 9.242674], [79.177251, 9.242841], [79.177149, 9.243188], [79.17716, 9.243338], [79.177144, 9.243647], [79.177266, 9.244344], [79.17747, 9.24486], [79.177972, 9.245988], [79.178182, 9.246674], [79.178328, 9.247007], [79.178718, 9.247687], [79.178761, 9.247805], [79.178887, 9.247987], [79.179071, 9.248184], [79.179232, 9.24826], [79.179544, 9.248268], [79.17978, 9.248217], [79.180254, 9.248172], [79.180689, 9.248097]]]}}, {"type": "Feature", "properties": {}, "geometry": {"type": "Polygon", "coordinates": [[[79.211019, 9.248476], [79.210645, 9.247858], [79.210136, 9.247226], [79.209679, 9.246929], [79.209182, 9.246659], [79.208536, 9.246468], [79.208088, 9.246357], [79.207631, 9.246131], [79.207177, 9.245911], [79.206816, 9.245906], [79.206297, 9.24598], [79.206064, 9.246059], [79.205979, 9.246146], [79.205994, 9.246494], [79.206058, 9.246649], [79.206228, 9.246864], [79.206585, 9.247046], [79.206834, 9.247128], [79.206955, 9.247209], [79.207032, 9.24721], [79.207137, 9.247255], [79.207278, 9.247311], [79.207633, 9.247489], [79.208069, 9.247722], [79.20807, 9.247722], [79.20809, 9.247393], [79.208573, 9.247422], [79.208558, 9.247665], [79.208379, 9.247654], [79.208353, 9.248075], [79.208049, 9.248057], [79.208063, 9.24783], [79.20805, 9.247822], [79.208018, 9.247799], [79.207932, 9.247753], [79.207759, 9.247662], [79.20755, 9.24757], [79.207277, 9.247437], [79.207127, 9.247369], [79.20705, 9.247332], [79.207021, 9.24733], [79.207021, 9.247358], [79.207088, 9.247465], [79.207209, 9.247654], [79.207383, 9.247855], [79.207624, 9.248138], [79.207852, 9.24834], [79.208067, 9.248488], [79.208309, 9.248543], [79.208539, 9.248464], [79.209106, 9.248346], [79.20951, 9.248388], [79.209805, 9.248671], [79.210127, 9.248981], [79.210746, 9.249198], [79.210962, 9.249146], [79.211097, 9.249039], [79.211112, 9.248852], [79.211019, 9.248476]]]}}, {"type": "Feature", "properties": {}, "geometry": {"type": "Polygon", "coordinates": [[[79.212293, 9.247785], [79.212123, 9.247741], [79.21199, 9.247834], [79.211939, 9.248009], [79.211969, 9.248248], [79.212192, 9.248983], [79.212379, 9.249485], [79.212548, 9.249737], [79.21268, 9.249819], [79.212882, 9.249902], [79.213052, 9.249959], [79.213203, 9.250079], [79.213511, 9.250237], [79.213656, 9.250207], [79.213783, 9.250113], [79.213872, 9.249995], [79.213924, 9.249769], [79.213862, 9.249524], [79.213593, 9.24909], [79.213543, 9.249002], [79.213461, 9.248914], [79.213354, 9.248775], [79.21316, 9.248567], [79.213034, 9.248479], [79.212795, 9.24829], [79.212651, 9.248113], [79.212494, 9.247924], [79.212293, 9.247785]]]}}, {"type": "Feature", "properties": {}, "geometry": {"type": "Polygon", "coordinates": [[[86.780741, 20.357935], [86.780329, 20.357922], [86.77997, 20.358314], [86.780051, 20.359352], [86.780431, 20.360343], [86.781092, 20.361341], [86.781709, 20.362109], [86.782333, 20.362761], [86.78301, 20.363473], [86.783696, 20.363782], [86.784215, 20.363913], [86.784505, 20.363922], [86.784803, 20.363757], [86.78488, 20.363241], [86.784562, 20.362311], [86.78406, 20.361433], [86.78339, 20.360606], [86.782827, 20.359956], [86.782211, 20.359246], [86.781709, 20.358713], [86.781198, 20.358236], [86.780741, 20.357935]]]}}, {"type": "Feature", "properties": {}, "geometry": {"type": "Polygon", "coordinates": [[[86.792386, 20.381496], [86.791982, 20.381312], [86.791402, 20.381351], [86.790807, 20.381564], [86.790561, 20.382074], [86.790537, 20.382821], [86.79068, 20.383805], [86.790655, 20.384612], [86.790745, 20.38542], [86.791018, 20.385947], [86.7913, 20.386185], [86.791765, 20.3862], [86.792064, 20.385922], [86.792141, 20.385462], [86.792104, 20.38477], [86.792121, 20.384254], [86.792312, 20.383799], [86.792855, 20.383296], [86.792986, 20.382782], [86.792888, 20.382088], [86.792668, 20.381737], [86.792386, 20.381496]]]}}, {"type": "Feature", "properties": {}, "geometry": {"type": "Polygon", "coordinates": [[[86.805807, 20.395562], [86.807747, 20.373326], [86.799176, 20.36431], [86.795981, 20.394739], [86.799227, 20.386201], [86.803133, 20.390007], [86.796748, 20.39989], [86.805807, 20.395562]]]}}, {"type": "Feature", "properties": {}, "geometry": {"type": "Polygon", "coordinates": [[[86.788133, 20.383266], [86.790444, 20.43235], [86.800317, 20.442916], [86.795924, 20.45948], [86.799902, 20.468365], [86.793493, 20.49304], [86.808512, 20.452915], [86.792148, 20.406888], [86.79437, 20.388642], [86.788133, 20.383266]]]}}, {"type": "Feature", "properties": {}, "geometry": {"type": "Polygon", "coordinates": [[[71.009639, 20.738831], [71.010973, 20.73949], [71.011446, 20.73964], [71.010966, 20.739461], [71.009639, 20.738831]]]}}, {"type": "Feature", "properties": {}, "geometry": {"type": "Polygon", "coordinates": [[[71.012501, 20.73988], [71.012143, 20.739859], [71.011446, 20.73964], [71.012093, 20.739879], [71.012501, 20.73988]]]}}, {"type": "Feature", "properties": {}, "geometry": {"type": "Polygon", "coordinates": [[[70.930558, 20.729387], [70.940375, 20.730122], [70.946219, 20.71955], [70.957469, 20.723703], [70.999999, 20.715889], [70.979688, 20.704872], [70.946716, 20.707012], [70.933086, 20.713108], [70.916847, 20.705418], [70.917605, 20.699432], [70.901752, 20.700664], [70.876195, 20.710452], [70.874882, 20.715362], [70.881873, 20.724012], [70.902233, 20.731871], [70.928706, 20.734933], [70.930558, 20.729387]]]}}, {"type": "Feature", "properties": {}, "geometry": {"type": "Polygon", "coordinates": [[[71.009639, 20.738831], [71.013819, 20.735677], [70.999379, 20.73218], [70.992249, 20.724636], [70.984906, 20.728099], [71.002129, 20.741712], [71.009639, 20.738831]]]}}, {"type": "Feature", "properties": {}, "geometry": {"type": "Polygon", "coordinates": [[[71.145765, 20.757468], [71.145862, 20.757683], [71.145769, 20.757468], [71.145765, 20.757468]]]}}, {"type": "Feature", "properties": {}, "geometry": {"type": "Polygon", "coordinates": [[[71.145862, 20.757683], [71.145896, 20.757761], [71.145902, 20.757788], [71.145897, 20.757761], [71.145862, 20.757683]]]}}, {"type": "Feature", "properties": {}, "geometry": {"type": "Polygon", "coordinates": [[[71.145902, 20.757788], [71.145911, 20.757833], [71.146044, 20.758392], [71.146012, 20.758554], [71.146049, 20.758397], [71.145912, 20.757829], [71.145902, 20.757788]]]}}, {"type": "Feature", "properties": {}, "geometry": {"type": "Polygon", "coordinates": [[[71.146012, 20.758554], [71.145959, 20.758782], [71.145947, 20.758831], [71.145972, 20.758761], [71.146012, 20.758554]]]}}, {"type": "Feature", "properties": {}, "geometry": {"type": "Polygon", "coordinates": [[[71.145947, 20.758831], [71.145914, 20.758927], [71.145622, 20.760173], [71.145618, 20.760662], [71.145817, 20.761369], [71.145628, 20.760666], [71.145631, 20.760178], [71.145923, 20.758936], [71.145947, 20.758831]]]}}, {"type": "Feature", "properties": {}, "geometry": {"type": "Polygon", "coordinates": [[[71.145765, 20.757468], [71.146342, 20.763239], [71.157552, 20.761724], [71.145765, 20.757468]]]}}, {"type": "Feature", "properties": {}, "geometry": {"type": "Polygon", "coordinates": [[[88.017335, 21.560093], [88.018558, 21.551668], [88.013749, 21.546837], [88.00997, 21.558228], [88.017335, 21.560093]]]}}, {"type": "Feature", "properties": {}, "geometry": {"type": "Polygon", "coordinates": [[[88.170738, 21.578728], [88.18113, 21.577951], [88.185927, 21.554127], [88.191076, 21.545709], [88.19818, 21.544402], [88.196418, 21.540394], [88.185028, 21.53967], [88.172367, 21.54892], [88.160176, 21.591401], [88.162389, 21.596588], [88.16338, 21.584505], [88.170738, 21.578728]]]}}, {"type": "Feature", "properties": {}, "geometry": {"type": "Polygon", "coordinates": [[[88.293388, 21.592604], [88.307912, 21.586668], [88.327363, 21.569123], [88.305351, 21.550151], [88.301865, 21.551823], [88.307333, 21.557357], [88.285188, 21.542529], [88.270721, 21.540758], [88.25678, 21.545335], [88.260313, 21.557983], [88.276545, 21.569692], [88.276578, 21.578752], [88.287918, 21.575473], [88.286781, 21.593355], [88.293388, 21.592604]]]}}, {"type": "Feature", "properties": {}, "geometry": {"type": "Polygon", "coordinates": [[[88.540596, 21.533155], [88.520592, 21.525061], [88.515362, 21.531894], [88.510117, 21.529576], [88.496057, 21.534601], [88.496819, 21.543465], [88.482649, 21.545842], [88.483677, 21.580466], [88.492136, 21.596342], [88.530636, 21.579467], [88.529215, 21.550336], [88.540596, 21.533155]]]}}, {"type": "Feature", "properties": {}, "geometry": {"type": "Polygon", "coordinates": [[[88.897598, 21.544368], [88.870549, 21.532015], [88.850724, 21.535848], [88.828505, 21.547549], [88.822196, 21.570308], [88.826992, 21.604559], [88.861645, 21.596107], [88.887318, 21.579891], [88.902073, 21.550814], [88.897598, 21.544368]]]}}, {"type": "Feature", "properties": {}, "geometry": {"type": "Polygon", "coordinates": [[[89.130441, 21.589949], [89.13646, 21.591428], [89.135703, 21.586217], [89.123144, 21.585688], [89.12492, 21.59139], [89.130441, 21.589949]]]}}, {"type": "Feature", "properties": {}, "geometry": {"type": "Polygon", "coordinates": [[[88.5818, 21.594352], [88.570503, 21.570983], [88.555304, 21.558854], [88.545153, 21.560642], [88.536991, 21.586544], [88.524439, 21.59514], [88.513575, 21.594235], [88.507502, 21.598525], [88.51782, 21.623612], [88.51838, 21.649798], [88.539705, 21.632109], [88.564868, 21.620619], [88.580004, 21.604844], [88.5818, 21.594352]]]}}, {"type": "Feature", "properties": {}, "geometry": {"type": "Polygon", "coordinates": [[[88.767912, 21.63203], [88.768539, 21.623652], [88.785168, 21.603228], [88.78365, 21.596727], [88.795644, 21.592498], [88.7912, 21.58034], [88.773026, 21.575616], [88.754363, 21.558014], [88.74436, 21.580755], [88.745081, 21.568278], [88.740789, 21.562895], [88.727381, 21.560272], [88.715323, 21.566325], [88.703521, 21.580782], [88.714543, 21.635552], [88.724199, 21.633466], [88.732813, 21.641921], [88.763513, 21.652455], [88.771545, 21.644173], [88.767912, 21.63203]]]}}, {"type": "Feature", "properties": {}, "geometry": {"type": "Polygon", "coordinates": [[[88.330847, 21.677278], [88.343306, 21.67332], [88.350711, 21.663183], [88.353399, 21.654506], [88.347144, 21.64715], [88.348911, 21.626746], [88.324834, 21.605646], [88.325915, 21.598506], [88.315981, 21.599244], [88.306375, 21.607846], [88.305992, 21.628093], [88.317126, 21.679203], [88.322644, 21.684342], [88.330847, 21.677278]]]}}, {"type": "Feature", "properties": {}, "geometry": {"type": "Polygon", "coordinates": [[[88.431758, 21.656106], [88.447955, 21.645789], [88.462792, 21.649616], [88.456356, 21.628814], [88.448444, 21.625525], [88.45703, 21.626568], [88.44105, 21.593427], [88.427043, 21.596752], [88.424519, 21.602661], [88.43192, 21.602158], [88.426367, 21.60459], [88.422696, 21.596825], [88.418101, 21.604287], [88.4347, 21.614463], [88.438669, 21.623934], [88.436311, 21.638053], [88.428259, 21.645368], [88.432347, 21.648361], [88.426354, 21.648185], [88.432237, 21.652267], [88.424485, 21.648714], [88.42306, 21.654731], [88.420389, 21.652672], [88.421377, 21.673725], [88.417028, 21.685157], [88.430699, 21.670747], [88.431758, 21.656106]]]}}, {"type": "Feature", "properties": {}, "geometry": {"type": "Polygon", "coordinates": [[[88.629452, 21.646541], [88.623318, 21.650013], [88.62443, 21.665181], [88.634676, 21.674489], [88.629452, 21.646541]]]}}, {"type": "Feature", "properties": {}, "geometry": {"type": "Polygon", "coordinates": [[[88.600195, 21.610541], [88.589448, 21.612581], [88.551943, 21.638071], [88.568801, 21.66733], [88.568347, 21.685799], [88.574146, 21.681837], [88.579553, 21.656907], [88.588066, 21.650598], [88.602761, 21.621804], [88.600195, 21.610541]]]}}, {"type": "Feature", "properties": {}, "geometry": {"type": "Polygon", "coordinates": [[[88.300258, 21.7035], [88.299792, 21.703231], [88.299119, 21.703268], [88.298693, 21.703628], [88.297119, 21.706356], [88.295688, 21.70933], [88.29557, 21.710973], [88.296138, 21.712158], [88.296458, 21.712224], [88.296957, 21.712321], [88.297605, 21.711948], [88.298699, 21.710842], [88.299844, 21.708345], [88.300528, 21.705666], [88.300555, 21.703986], [88.300258, 21.7035]]]}}, {"type": "Feature", "properties": {}, "geometry": {"type": "Polygon", "coordinates": [[[88.968287, 21.644984], [88.982423, 21.643687], [88.987224, 21.638263], [88.990521, 21.622652], [88.983336, 21.614468], [88.963081, 21.618396], [88.937478, 21.6367], [88.934559, 21.645781], [88.946385, 21.674697], [88.951185, 21.673958], [88.962114, 21.649281], [88.968287, 21.644984]]]}}, {"type": "Feature", "properties": {}, "geometry": {"type": "Polygon", "coordinates": [[[88.461985, 21.700537], [88.476287, 21.679052], [88.468238, 21.666731], [88.467187, 21.68281], [88.437188, 21.694244], [88.44681, 21.690146], [88.445817, 21.684605], [88.46592, 21.681443], [88.463144, 21.650952], [88.447989, 21.646382], [88.431845, 21.657544], [88.432461, 21.66861], [88.438013, 21.673135], [88.432138, 21.670578], [88.429221, 21.675997], [88.432451, 21.676918], [88.42564, 21.678147], [88.417559, 21.690521], [88.442597, 21.709269], [88.455258, 21.710071], [88.461985, 21.700537]]]}}, {"type": "Feature", "properties": {}, "geometry": {"type": "Polygon", "coordinates": [[[88.728673, 21.656898], [88.741166, 21.645474], [88.715941, 21.63714], [88.71196, 21.645476], [88.714826, 21.65368], [88.7067, 21.65076], [88.702004, 21.660302], [88.679785, 21.678104], [88.687855, 21.714901], [88.701806, 21.678726], [88.728673, 21.656898]]]}}, {"type": "Feature", "properties": {}, "geometry": {"type": "Polygon", "coordinates": [[[88.200893, 21.734422], [88.197701, 21.734743], [88.201646, 21.757803], [88.200893, 21.734422]]]}}, {"type": "Feature", "properties": {}, "geometry": {"type": "Polygon", "coordinates": [[[89.006701, 21.659195], [88.991261, 21.658458], [88.991662, 21.700394], [88.975501, 21.723861], [89.005045, 21.714258], [89.008507, 21.70861], [89.004659, 21.702845], [89.013877, 21.697683], [89.01481, 21.675309], [89.006701, 21.659195]]]}}, {"type": "Feature", "properties": {}, "geometry": {"type": "Polygon", "coordinates": [[[88.916128, 21.629347], [88.88309, 21.651828], [88.878952, 21.669442], [88.86494, 21.694077], [88.875802, 21.742144], [88.904078, 21.725777], [88.912069, 21.711335], [88.933988, 21.693394], [88.916128, 21.629347]]]}}, {"type": "Feature", "properties": {}, "geometry": {"type": "Polygon", "coordinates": [[[88.589962, 21.719289], [88.576148, 21.725232], [88.579728, 21.745275], [88.566071, 21.765029], [88.576846, 21.772344], [88.582044, 21.751586], [88.614553, 21.734187], [88.612217, 21.728255], [88.589962, 21.719289]]]}}, {"type": "Feature", "properties": {}, "geometry": {"type": "Polygon", "coordinates": [[[88.291146, 21.776555], [88.273902, 21.792633], [88.28828, 21.785181], [88.291146, 21.776555]]]}}, {"type": "Feature", "properties": {}, "geometry": {"type": "Polygon", "coordinates": [[[88.848326, 21.74292], [88.833886, 21.705596], [88.838177, 21.676484], [88.855265, 21.639976], [88.83858, 21.626425], [88.838882, 21.616599], [88.801165, 21.631333], [88.816684, 21.665971], [88.812338, 21.683447], [88.814383, 21.699259], [88.803623, 21.713702], [88.788039, 21.712034], [88.763562, 21.6967], [88.759697, 21.699319], [88.77974, 21.715311], [88.779028, 21.729221], [88.788757, 21.733854], [88.783683, 21.740151], [88.786904, 21.745631], [88.807188, 21.74798], [88.831141, 21.762446], [88.859841, 21.758294], [88.858563, 21.750968], [88.848326, 21.74292]]]}}, {"type": "Feature", "properties": {}, "geometry": {"type": "Polygon", "coordinates": [[[88.944132, 21.756243], [88.959315, 21.751385], [88.963967, 21.741425], [88.977707, 21.741713], [88.965958, 21.722862], [88.979289, 21.708511], [88.987538, 21.690589], [88.983951, 21.6612], [88.998447, 21.65102], [89.011061, 21.655153], [89.020248, 21.635757], [89.032362, 21.62685], [89.031311, 21.611546], [89.022761, 21.604747], [88.996839, 21.603573], [88.998717, 21.611719], [88.990238, 21.639153], [88.977442, 21.648217], [88.963742, 21.649419], [88.94882, 21.678115], [88.946869, 21.700925], [88.917383, 21.717055], [88.926124, 21.742627], [88.918069, 21.759603], [88.944132, 21.756243]]]}}, {"type": "Feature", "properties": {}, "geometry": {"type": "Polygon", "coordinates": [[[88.609368, 21.782011], [88.62113, 21.768876], [88.624042, 21.735064], [88.605971, 21.703507], [88.593736, 21.715612], [88.615469, 21.726352], [88.618583, 21.737869], [88.586218, 21.752849], [88.583445, 21.768536], [88.588104, 21.780157], [88.609368, 21.782011]]]}}, {"type": "Feature", "properties": {}, "geometry": {"type": "Polygon", "coordinates": [[[89.026044, 21.822801], [89.016279, 21.813654], [89.011237, 21.817549], [88.994928, 21.815941], [88.978625, 21.78694], [88.967136, 21.776812], [88.939494, 21.78434], [88.946556, 21.801321], [88.966644, 21.79938], [88.971816, 21.804894], [88.971132, 21.823939], [88.953897, 21.826387], [88.946645, 21.836101], [88.957255, 21.857217], [88.973722, 21.864918], [88.965416, 21.885445], [88.96877, 21.891159], [88.997289, 21.888035], [89.028699, 21.867624], [89.031784, 21.856138], [89.026027, 21.84812], [89.0296, 21.832986], [89.026044, 21.822801]]]}}, {"type": "Feature", "properties": {}, "geometry": {"type": "Polygon", "coordinates": [[[88.556946, 21.764098], [88.553109, 21.759312], [88.564414, 21.753333], [88.568145, 21.740339], [88.564969, 21.732899], [88.555185, 21.731443], [88.566902, 21.728079], [88.568953, 21.718441], [88.581402, 21.71042], [88.581982, 21.699982], [88.604431, 21.675487], [88.589915, 21.657265], [88.584156, 21.655933], [88.575255, 21.680545], [88.579321, 21.689144], [88.563741, 21.694895], [88.560032, 21.66286], [88.542626, 21.637337], [88.531688, 21.643186], [88.524016, 21.654755], [88.522953, 21.688931], [88.515768, 21.702953], [88.515629, 21.72536], [88.509939, 21.730841], [88.513293, 21.737694], [88.50638, 21.73927], [88.502955, 21.754384], [88.514487, 21.762037], [88.504393, 21.766809], [88.509537, 21.779614], [88.542166, 21.806734], [88.55562, 21.802634], [88.567528, 21.789455], [88.566979, 21.781034], [88.555308, 21.769659], [88.556946, 21.764098]]]}}, {"type": "Feature", "properties": {}, "geometry": {"type": "Polygon", "coordinates": [[[88.798144, 21.748553], [88.78628, 21.751737], [88.782198, 21.763404], [88.794009, 21.789895], [88.816963, 21.818665], [88.825469, 21.803954], [88.817387, 21.786404], [88.818454, 21.771908], [88.825083, 21.76434], [88.798144, 21.748553]]]}}, {"type": "Feature", "properties": {}, "geometry": {"type": "Polygon", "coordinates": [[[89.016167, 21.778578], [89.024729, 21.756387], [89.058777, 21.72506], [89.072027, 21.702329], [89.066784, 21.690275], [89.074657, 21.687526], [89.092921, 21.661258], [89.090598, 21.63865], [89.071835, 21.620162], [89.059483, 21.615219], [89.026608, 21.63909], [89.025082, 21.652468], [89.032328, 21.658858], [89.016874, 21.660799], [89.021404, 21.688009], [89.011641, 21.705379], [89.01243, 21.714], [88.977026, 21.728842], [88.98091, 21.746686], [88.967581, 21.746651], [88.956117, 21.759506], [88.960678, 21.769933], [88.979316, 21.779705], [89.00286, 21.77747], [89.003568, 21.782039], [88.993019, 21.789494], [89.001236, 21.811414], [89.013798, 21.809593], [89.016167, 21.778578]]]}}, {"type": "Feature", "properties": {}, "geometry": {"type": "Polygon", "coordinates": [[[88.18769, 21.829896], [88.180032, 21.832668], [88.162819, 21.860896], [88.163722, 21.867021], [88.19228, 21.837933], [88.192891, 21.832376], [88.18769, 21.829896]]]}}, {"type": "Feature", "properties": {}, "geometry": {"type": "Polygon", "coordinates": [[[88.604466, 21.795196], [88.585813, 21.796415], [88.572672, 21.811937], [88.578856, 21.837788], [88.586738, 21.847525], [88.598888, 21.841001], [88.602028, 21.831724], [88.613639, 21.823363], [88.601769, 21.813777], [88.61143, 21.801096], [88.604466, 21.795196]]]}}, {"type": "Feature", "properties": {}, "geometry": {"type": "Polygon", "coordinates": [[[88.165837, 21.833728], [88.173856, 21.807861], [88.171843, 21.794296], [88.177942, 21.797828], [88.183227, 21.786951], [88.177606, 21.776457], [88.171512, 21.788892], [88.170509, 21.759512], [88.175428, 21.738069], [88.141932, 21.682367], [88.1474, 21.639209], [88.141494, 21.626531], [88.146405, 21.612152], [88.117802, 21.612301], [88.089744, 21.628939], [88.082932, 21.630941], [88.079212, 21.62632], [88.052489, 21.636933], [88.036795, 21.649488], [88.03219, 21.669341], [88.049152, 21.687736], [88.054788, 21.707998], [88.050272, 21.711572], [88.04995, 21.72621], [88.065487, 21.747324], [88.07483, 21.778716], [88.081366, 21.783966], [88.089221, 21.810796], [88.109055, 21.850715], [88.122669, 21.868126], [88.139098, 21.878617], [88.148981, 21.855854], [88.165837, 21.833728]]]}}, {"type": "Feature", "properties": {}, "geometry": {"type": "Polygon", "coordinates": [[[88.131945, 21.894473], [88.089654, 21.925523], [88.09252, 21.932422], [88.112918, 21.938209], [88.124233, 21.947954], [88.148694, 21.922077], [88.131945, 21.894473]]]}}, {"type": "Feature", "properties": {}, "geometry": {"type": "Polygon", "coordinates": [[[88.85944, 21.851381], [88.871845, 21.848791], [88.875059, 21.800159], [88.890329, 21.779588], [88.887718, 21.750286], [88.89509, 21.744664], [88.91561, 21.742961], [88.906813, 21.727531], [88.87597, 21.745401], [88.872232, 21.764508], [88.85892, 21.776839], [88.831311, 21.780711], [88.837187, 21.79694], [88.834815, 21.845291], [88.85006, 21.861522], [88.85944, 21.851381]]]}}, {"type": "Feature", "properties": {}, "geometry": {"type": "Polygon", "coordinates": [[[88.5732, 21.880854], [88.574846, 21.856799], [88.557941, 21.828625], [88.552154, 21.833633], [88.558692, 21.853871], [88.55297, 21.875972], [88.5732, 21.880854]]]}}, {"type": "Feature", "properties": {}, "geometry": {"type": "Polygon", "coordinates": [[[88.115306, 21.897306], [88.122852, 21.885292], [88.124262, 21.891804], [88.132296, 21.885935], [88.116213, 21.87938], [88.105651, 21.866133], [88.09544, 21.885618], [88.107011, 21.897125], [88.095316, 21.887298], [88.08865, 21.904486], [88.082728, 21.908358], [88.083851, 21.913839], [88.092443, 21.920593], [88.115306, 21.897306]]]}}, {"type": "Feature", "properties": {}, "geometry": {"type": "Polygon", "coordinates": [[[88.632151, 21.866161], [88.649531, 21.86379], [88.639428, 21.786703], [88.616966, 21.79424], [88.60809, 21.812559], [88.617246, 21.825949], [88.606112, 21.832903], [88.603205, 21.843487], [88.592583, 21.851485], [88.615468, 21.894084], [88.621335, 21.891495], [88.632151, 21.866161]]]}}, {"type": "Feature", "properties": {}, "geometry": {"type": "Polygon", "coordinates": [[[88.487588, 21.898446], [88.481641, 21.902275], [88.495626, 21.907911], [88.487588, 21.898446]]]}}, {"type": "Feature", "properties": {}, "geometry": {"type": "Polygon", "coordinates": [[[88.726249, 21.895855], [88.742477, 21.894646], [88.754511, 21.877426], [88.772213, 21.867236], [88.786438, 21.877039], [88.784391, 21.862738], [88.801031, 21.877898], [88.825683, 21.86017], [88.807828, 21.807441], [88.791399, 21.790578], [88.786079, 21.793339], [88.790298, 21.783238], [88.778091, 21.761612], [88.784249, 21.746249], [88.782078, 21.734449], [88.771874, 21.730291], [88.750793, 21.734184], [88.761296, 21.760526], [88.747289, 21.767311], [88.75978, 21.780612], [88.76707, 21.800794], [88.742067, 21.767844], [88.75369, 21.757157], [88.746613, 21.746682], [88.745968, 21.73059], [88.771675, 21.71948], [88.75488, 21.708619], [88.755483, 21.692136], [88.770742, 21.691486], [88.795429, 21.703395], [88.80448, 21.698893], [88.803096, 21.665522], [88.794042, 21.653418], [88.767044, 21.662799], [88.752304, 21.661878], [88.748759, 21.655986], [88.741426, 21.655731], [88.707367, 21.683087], [88.689131, 21.740091], [88.68927, 21.7512], [88.706043, 21.779875], [88.707201, 21.803339], [88.71674, 21.800913], [88.704429, 21.807445], [88.69578, 21.822719], [88.692519, 21.839252], [88.69771, 21.844134], [88.694105, 21.851598], [88.713755, 21.899338], [88.726249, 21.895855]]]}}, {"type": "Feature", "properties": {}, "geometry": {"type": "Polygon", "coordinates": [[[88.827667, 21.863171], [88.802586, 21.878226], [88.812202, 21.897043], [88.826011, 21.892968], [88.833384, 21.885483], [88.834683, 21.874046], [88.827667, 21.863171]]]}}, {"type": "Feature", "properties": {}, "geometry": {"type": "Polygon", "coordinates": [[[88.66114, 21.910918], [88.666027, 21.910284], [88.666292, 21.904254], [88.649387, 21.87206], [88.631998, 21.869873], [88.622291, 21.902691], [88.63446, 21.917401], [88.66114, 21.910918]]]}}, {"type": "Feature", "properties": {}, "geometry": {"type": "Polygon", "coordinates": [[[88.732689, 21.916262], [88.751892, 21.923831], [88.782473, 21.915541], [88.795381, 21.916456], [88.808798, 21.89999], [88.805295, 21.885605], [88.789642, 21.871404], [88.783808, 21.877853], [88.771985, 21.868854], [88.75567, 21.878007], [88.743933, 21.895533], [88.717897, 21.900619], [88.713538, 21.910775], [88.71725, 21.924919], [88.721806, 21.926158], [88.732689, 21.916262]]]}}, {"type": "Feature", "properties": {}, "geometry": {"type": "Polygon", "coordinates": [[[88.94603, 21.90615], [88.96762, 21.898114], [88.962756, 21.887146], [88.969793, 21.866789], [88.948805, 21.85236], [88.941958, 21.835245], [88.947115, 21.825657], [88.966501, 21.820286], [88.968268, 21.814033], [88.962284, 21.803902], [88.943911, 21.807043], [88.932073, 21.790508], [88.937292, 21.779952], [88.953794, 21.774737], [88.952088, 21.769496], [88.91635, 21.765526], [88.903709, 21.751639], [88.897288, 21.751008], [88.892608, 21.755061], [88.895612, 21.78757], [88.885824, 21.78978], [88.880106, 21.80052], [88.879798, 21.80727], [88.885566, 21.810193], [88.878364, 21.818369], [88.880406, 21.829301], [88.874927, 21.833539], [88.873777, 21.850136], [88.85498, 21.856407], [88.841695, 21.896525], [88.820326, 21.913676], [88.817145, 21.924871], [88.850258, 21.908731], [88.87069, 21.915029], [88.882909, 21.909553], [88.910304, 21.925138], [88.94603, 21.90615]]]}}, {"type": "Feature", "properties": {}, "geometry": {"type": "Polygon", "coordinates": [[[88.740893, 21.975394], [88.752255, 21.97048], [88.749785, 21.952673], [88.772262, 21.938729], [88.783441, 21.947757], [88.785956, 21.938683], [88.800767, 21.935752], [88.80261, 21.928691], [88.784936, 21.917412], [88.769706, 21.926098], [88.738051, 21.921076], [88.728695, 21.924249], [88.720819, 21.937577], [88.724874, 21.972465], [88.730446, 21.976929], [88.740893, 21.975394]]]}}, {"type": "Feature", "properties": {}, "geometry": {"type": "Polygon", "coordinates": [[[88.101037, 21.970883], [88.090228, 21.977159], [88.099078, 21.998519], [88.116627, 22.015614], [88.136985, 22.017176], [88.13719, 22.009], [88.122402, 21.977329], [88.101037, 21.970883]]]}}, {"type": "Feature", "properties": {}, "geometry": {"type": "Polygon", "coordinates": [[[88.779545, 21.980082], [88.780765, 21.968048], [88.796132, 21.965684], [88.837597, 21.973334], [88.836255, 21.940042], [88.843451, 21.933324], [88.860352, 21.930443], [88.863484, 21.920185], [88.848234, 21.917513], [88.820121, 21.937629], [88.789633, 21.939199], [88.785319, 21.952043], [88.769157, 21.94249], [88.754827, 21.953606], [88.756629, 21.970501], [88.750967, 21.980063], [88.770382, 21.984393], [88.779545, 21.980082]]]}}, {"type": "Feature", "properties": {}, "geometry": {"type": "Polygon", "coordinates": [[[68.684571, 23.152189], [68.684393, 23.151884], [68.68321, 23.152387], [68.683662, 23.15225], [68.684571, 23.152189]]]}}, {"type": "Feature", "properties": {}, "geometry": {"type": "Polygon", "coordinates": [[[68.621019, 23.205636], [68.621001, 23.205629], [68.62097, 23.205702], [68.621019, 23.205636]]]}}, {"type": "Feature", "properties": {}, "geometry": {"type": "Polygon", "coordinates": [[[68.733039, 23.831565], [68.734603, 23.83153], [68.733798, 23.831487], [68.733039, 23.831565]]]}}, {"type": "Feature", "properties": {}, "geometry": {"type": "Polygon", "coordinates": [[[71.145817, 20.761369], [71.145765, 20.757468], [71.127599, 20.757612], [71.121835, 20.753644], [71.090218, 20.756943], [71.077692, 20.747705], [71.080625, 20.738784], [71.049839, 20.730909], [71.024189, 20.738919], [71.006667, 20.737705], [70.999611, 20.741986], [70.995236, 20.738755], [70.988192, 20.744515], [70.966791, 20.733805], [70.944386, 20.739325], [70.919524, 20.736436], [70.920144, 20.742183], [70.916395, 20.741563], [70.888819, 20.732476], [70.875308, 20.722902], [70.870805, 20.708655], [70.874102, 20.704732], [70.843649, 20.706225], [70.83438, 20.698639], [70.83856, 20.689822], [70.827483, 20.689894], [70.765491, 20.721364], [70.744344, 20.720411], [70.706403, 20.736584], [70.666359, 20.761867], [70.656504, 20.759109], [70.634803, 20.768251], [70.612261, 20.77129], [70.609253, 20.77695], [70.586235, 20.781836], [70.575293, 20.791029], [70.563765, 20.793298], [70.547, 20.806431], [70.539681, 20.802332], [70.489533, 20.828288], [70.487632, 20.833786], [70.446822, 20.847734], [70.39229, 20.894614], [70.381931, 20.899379], [70.372849, 20.89644], [70.357517, 20.905678], [70.346916, 20.915552], [70.351746, 20.924392], [70.344691, 20.916058], [70.320472, 20.927859], [70.225124, 20.999978], [70.096251, 21.109903], [69.983632, 21.225798], [69.988294, 21.236117], [70.002643, 21.244291], [70.002656, 21.254895], [70.02884, 21.274786], [70.002367, 21.255561], [70.002352, 21.244957], [69.981564, 21.228622], [69.775823, 21.459657], [69.784389, 21.452803], [69.803706, 21.451791], [69.801349, 21.45855], [69.805092, 21.464599], [69.797896, 21.458698], [69.784487, 21.457215], [69.755217, 21.484646], [69.773227, 21.461557], [69.707196, 21.534242], [69.722194, 21.539909], [69.70374, 21.54206], [69.704693, 21.537349], [69.684985, 21.553392], [69.60229, 21.637551], [69.591211, 21.639297], [69.598083, 21.649123], [69.584707, 21.645333], [69.591409, 21.641388], [69.589063, 21.63717], [69.569872, 21.648936], [69.477171, 21.735078], [69.446612, 21.757191], [69.442936, 21.761731], [69.450187, 21.762581], [69.445505, 21.767329], [69.442366, 21.762255], [69.432745, 21.767293], [69.371529, 21.830309], [69.329266, 21.855837], [69.317396, 21.866585], [69.319712, 21.871244], [69.315935, 21.868313], [69.283649, 21.893612], [69.216541, 21.957483], [68.981188, 22.21227], [68.965845, 22.234054], [68.970779, 22.236889], [68.972803, 22.232526], [68.973747, 22.236515], [68.958207, 22.238072], [68.953634, 22.24518], [68.951798, 22.271696], [68.936649, 22.304071], [68.941778, 22.331222], [68.955679, 22.337627], [68.957368, 22.368242], [68.977121, 22.403524], [68.983253, 22.398236], [68.989995, 22.40231], [68.99674, 22.39769], [68.999986, 22.400719], [68.999828, 22.406433], [68.978476, 22.403706], [68.984467, 22.413409], [69.012443, 22.444339], [69.055119, 22.466414], [69.068102, 22.481361], [69.078768, 22.479648], [69.083609, 22.474563], [69.073708, 22.453703], [69.065968, 22.453005], [69.049561, 22.437653], [69.045823, 22.443607], [69.05214, 22.445227], [69.04689, 22.44795], [69.038027, 22.44282], [69.04681, 22.423173], [69.035478, 22.390244], [69.040015, 22.388537], [69.039665, 22.393844], [69.043523, 22.390583], [69.048995, 22.397868], [69.053817, 22.39685], [69.053307, 22.388581], [69.055885, 22.393085], [69.062706, 22.390896], [69.05756, 22.387241], [69.06196, 22.387527], [69.060819, 22.383307], [69.064953, 22.389318], [69.070073, 22.385269], [69.081834, 22.388178], [69.085985, 22.393353], [69.09744, 22.393459], [69.103387, 22.399008], [69.099577, 22.408212], [69.110477, 22.409921], [69.127963, 22.395084], [69.128257, 22.386597], [69.121158, 22.375615], [69.127368, 22.378716], [69.130283, 22.395067], [69.138491, 22.40158], [69.141581, 22.39803], [69.151539, 22.399783], [69.151097, 22.404687], [69.160359, 22.412092], [69.156887, 22.405578], [69.168837, 22.407459], [69.167944, 22.410747], [69.182456, 22.419592], [69.17333, 22.420662], [69.175813, 22.422935], [69.194815, 22.421819], [69.187413, 22.413266], [69.189767, 22.410438], [69.190988, 22.413933], [69.19662, 22.403698], [69.191798, 22.410025], [69.187668, 22.4025], [69.200912, 22.401332], [69.197516, 22.387811], [69.189707, 22.388652], [69.167937, 22.373493], [69.169474, 22.368654], [69.180921, 22.370633], [69.169053, 22.354137], [69.177391, 22.356123], [69.175385, 22.347859], [69.163343, 22.348589], [69.164082, 22.343504], [69.169419, 22.342529], [69.169251, 22.333463], [69.156787, 22.315963], [69.160721, 22.284225], [69.155912, 22.262763], [69.148464, 22.257533], [69.153932, 22.248706], [69.14835, 22.236358], [69.13378, 22.222619], [69.139419, 22.210953], [69.136391, 22.195523], [69.156433, 22.195219], [69.167151, 22.20397], [69.168477, 22.214789], [69.178522, 22.212813], [69.179141, 22.228115], [69.19006, 22.234829], [69.184635, 22.240179], [69.190287, 22.243617], [69.19518, 22.225307], [69.211486, 22.219437], [69.212807, 22.210326], [69.237576, 22.222683], [69.233462, 22.249978], [69.240505, 22.25835], [69.244525, 22.256204], [69.254544, 22.267428], [69.292163, 22.275315], [69.295622, 22.281054], [69.292947, 22.286893], [69.312186, 22.286921], [69.321972, 22.29198], [69.324232, 22.302817], [69.331452, 22.301282], [69.340005, 22.312655], [69.332712, 22.327808], [69.351737, 22.326823], [69.363701, 22.317163], [69.379124, 22.321156], [69.392275, 22.316152], [69.422913, 22.316181], [69.443389, 22.330551], [69.46517, 22.32853], [69.490655, 22.33695], [69.490246, 22.352672], [69.499469, 22.366302], [69.515857, 22.373033], [69.534762, 22.370853], [69.540429, 22.377186], [69.560245, 22.367136], [69.561312, 22.355818], [69.579569, 22.367333], [69.582952, 22.361123], [69.591387, 22.359636], [69.597646, 22.346136], [69.607234, 22.346809], [69.60939, 22.352524], [69.617339, 22.345394], [69.615211, 22.364638], [69.621124, 22.371806], [69.62315, 22.364846], [69.63544, 22.358161], [69.655353, 22.359543], [69.655927, 22.375566], [69.663532, 22.388295], [69.660984, 22.396295], [69.666871, 22.393087], [69.669725, 22.397173], [69.694222, 22.395004], [69.702148, 22.398669], [69.700622, 22.411493], [69.695583, 22.412876], [69.705391, 22.4337], [69.694611, 22.442668], [69.696134, 22.452506], [69.712872, 22.474669], [69.730681, 22.484532], [69.736623, 22.484455], [69.732993, 22.482358], [69.73445, 22.470189], [69.743658, 22.458919], [69.741901, 22.448646], [69.734772, 22.449201], [69.741624, 22.446366], [69.732816, 22.44281], [69.742988, 22.441889], [69.747643, 22.433107], [69.739606, 22.432152], [69.750072, 22.429169], [69.753694, 22.416617], [69.751014, 22.459718], [69.764518, 22.47548], [69.780264, 22.468582], [69.785061, 22.458729], [69.781375, 22.444906], [69.771091, 22.450438], [69.772052, 22.446159], [69.765397, 22.446743], [69.779203, 22.441312], [69.774088, 22.433771], [69.788527, 22.43458], [69.7867, 22.422687], [69.779296, 22.416372], [69.791985, 22.430918], [69.793951, 22.423695], [69.805486, 22.423622], [69.809924, 22.431398], [69.820808, 22.432454], [69.814777, 22.433912], [69.805587, 22.448242], [69.803451, 22.463158], [69.82416, 22.473086], [69.844722, 22.47215], [69.863957, 22.46348], [69.870603, 22.427881], [69.864348, 22.463755], [69.87112, 22.471196], [69.882282, 22.476415], [69.886843, 22.470222], [69.899101, 22.468387], [69.910606, 22.45289], [69.899632, 22.46911], [69.88735, 22.4708], [69.883267, 22.476527], [69.897101, 22.479233], [69.913502, 22.451684], [69.912942, 22.456018], [69.919086, 22.456437], [69.91319, 22.464383], [69.920534, 22.460904], [69.926337, 22.464445], [69.912344, 22.467502], [69.889558, 22.495279], [69.906134, 22.496021], [69.933162, 22.486947], [69.905399, 22.498205], [69.932252, 22.514748], [69.934777, 22.500923], [69.936441, 22.508344], [69.938855, 22.500276], [69.936126, 22.509075], [69.942419, 22.512309], [69.948962, 22.504348], [69.943884, 22.499982], [69.948733, 22.507522], [69.956237, 22.499981], [69.957389, 22.504635], [69.961104, 22.499981], [69.959621, 22.503574], [69.964307, 22.499981], [69.96412, 22.504228], [69.971052, 22.500045], [69.955956, 22.506802], [69.967119, 22.509946], [69.976345, 22.503496], [69.970323, 22.511234], [69.960084, 22.509697], [69.969424, 22.519574], [69.973105, 22.514723], [69.971316, 22.521139], [69.953743, 22.50935], [69.950846, 22.516865], [69.956762, 22.517248], [69.948077, 22.520318], [69.94667, 22.528204], [69.953107, 22.529577], [69.95238, 22.524946], [69.959284, 22.522958], [69.952882, 22.525718], [69.954304, 22.529652], [69.962511, 22.526477], [69.955305, 22.52994], [69.964103, 22.53014], [69.960427, 22.535047], [69.97003, 22.539256], [69.974897, 22.531774], [69.971896, 22.540053], [69.98453, 22.541424], [69.97706, 22.52715], [69.983663, 22.519935], [69.979804, 22.516629], [69.982354, 22.513226], [69.9869, 22.517043], [69.982343, 22.523872], [69.990497, 22.520078], [69.991529, 22.524055], [69.983777, 22.525185], [69.989919, 22.526657], [69.987437, 22.530139], [69.978615, 22.525393], [69.986298, 22.541103], [69.97547, 22.542819], [70.019014, 22.546493], [70.039359, 22.566505], [70.057008, 22.556663], [70.070202, 22.559116], [70.081798, 22.553433], [70.12523, 22.552935], [70.134232, 22.57432], [70.141721, 22.577272], [70.151541, 22.570481], [70.155609, 22.572942], [70.154099, 22.581372], [70.163857, 22.58357], [70.154121, 22.584701], [70.157201, 22.594412], [70.167725, 22.593978], [70.171249, 22.599191], [70.174666, 22.593538], [70.181265, 22.594409], [70.176584, 22.604581], [70.190284, 22.610438], [70.185935, 22.61778], [70.194921, 22.62084], [70.191576, 22.626987], [70.208223, 22.639199], [70.19312, 22.639127], [70.193767, 22.643285], [70.209942, 22.654395], [70.209371, 22.658696], [70.217132, 22.658496], [70.218152, 22.663467], [70.219791, 22.659175], [70.219072, 22.663803], [70.223391, 22.661036], [70.218022, 22.665406], [70.22307, 22.673217], [70.212423, 22.678067], [70.222341, 22.685943], [70.21623, 22.689975], [70.224924, 22.710023], [70.217472, 22.712561], [70.218839, 22.718145], [70.235631, 22.728401], [70.248758, 22.747128], [70.263353, 22.754637], [70.265964, 22.749982], [70.265853, 22.757608], [70.292432, 22.766108], [70.30126, 22.798436], [70.374701, 22.907244], [70.397098, 22.918375], [70.398649, 22.904016], [70.397479, 22.918616], [70.409178, 22.926023], [70.407518, 22.909126], [70.391697, 22.892248], [70.408323, 22.909214], [70.410765, 22.926664], [70.414528, 22.913238], [70.400043, 22.889218], [70.406328, 22.893219], [70.41505, 22.913584], [70.41126, 22.927046], [70.419208, 22.918692], [70.411946, 22.892535], [70.391819, 22.883289], [70.407959, 22.887909], [70.39468, 22.875219], [70.382902, 22.87165], [70.394992, 22.874829], [70.407856, 22.886938], [70.40693, 22.882796], [70.417206, 22.901676], [70.420169, 22.918356], [70.426506, 22.904515], [70.415998, 22.877868], [70.394912, 22.861792], [70.401827, 22.863969], [70.388277, 22.849799], [70.412317, 22.87219], [70.404479, 22.859476], [70.40795, 22.862644], [70.415526, 22.856519], [70.404768, 22.852157], [70.413959, 22.846204], [70.397059, 22.845823], [70.411358, 22.846501], [70.419729, 22.841054], [70.40739, 22.842919], [70.417547, 22.840261], [70.427096, 22.84216], [70.414619, 22.834382], [70.391311, 22.839641], [70.413936, 22.834122], [70.409195, 22.830154], [70.396386, 22.833603], [70.409739, 22.82987], [70.40236, 22.828061], [70.410286, 22.825064], [70.407032, 22.82173], [70.396521, 22.821965], [70.406962, 22.82113], [70.403976, 22.816175], [70.377173, 22.81804], [70.40376, 22.815395], [70.382837, 22.795186], [70.391659, 22.800029], [70.388502, 22.802842], [70.393928, 22.808373], [70.407242, 22.813266], [70.414698, 22.827682], [70.422998, 22.82888], [70.421176, 22.818793], [70.423717, 22.829193], [70.428167, 22.830489], [70.430127, 22.825283], [70.428745, 22.830479], [70.449388, 22.84362], [70.453272, 22.841982], [70.451575, 22.834695], [70.453648, 22.841738], [70.456181, 22.835972], [70.452739, 22.844495], [70.464662, 22.860846], [70.468133, 22.8513], [70.462035, 22.840391], [70.468824, 22.851518], [70.464833, 22.85681], [70.468752, 22.86783], [70.476897, 22.863219], [70.469143, 22.868879], [70.472373, 22.882537], [70.482997, 22.878898], [70.472698, 22.883467], [70.477178, 22.906067], [70.480411, 22.896917], [70.485436, 22.901016], [70.489619, 22.895427], [70.490626, 22.880417], [70.490122, 22.89543], [70.486138, 22.895905], [70.486252, 22.901376], [70.480295, 22.897689], [70.479731, 22.907866], [70.484711, 22.912995], [70.497051, 22.900875], [70.493948, 22.896644], [70.49981, 22.903826], [70.493547, 22.903655], [70.483551, 22.914085], [70.48325, 22.932385], [70.49021, 22.926993], [70.482961, 22.935528], [70.498211, 22.914274], [70.488157, 22.934437], [70.496645, 22.933372], [70.499076, 22.922772], [70.496666, 22.934236], [70.519285, 22.935086], [70.479952, 22.937612], [70.432327, 22.967576], [70.462239, 22.966507], [70.478856, 22.975373], [70.512041, 22.960654], [70.537495, 22.965261], [70.541301, 22.960089], [70.546862, 22.997378], [70.561345, 23.029507], [70.571853, 23.037651], [70.587165, 23.031077], [70.601792, 23.034759], [70.593364, 23.055484], [70.596754, 23.061444], [70.628957, 23.062972], [70.638185, 23.081671], [70.691843, 23.11961], [70.683375, 23.119182], [70.701774, 23.140477], [70.734885, 23.154476], [70.717731, 23.186884], [70.739311, 23.186593], [70.747907, 23.218102], [70.740387, 23.223483], [70.727196, 23.220936], [70.724911, 23.217309], [70.731308, 23.209282], [70.726862, 23.206055], [70.706865, 23.214995], [70.689019, 23.212161], [70.66596, 23.228264], [70.64899, 23.220095], [70.637142, 23.18752], [70.630914, 23.184028], [70.505082, 23.176305], [70.486033, 23.191164], [70.475912, 23.190314], [70.47547, 23.196622], [70.423765, 23.206621], [70.431145, 23.215557], [70.425864, 23.212088], [70.424589, 23.21666], [70.417438, 23.21051], [70.407375, 23.217851], [70.38918, 23.214003], [70.38735, 23.218032], [70.385024, 23.214572], [70.371491, 23.219258], [70.339708, 23.210664], [70.331806, 23.215682], [70.319989, 23.2117], [70.31224, 23.215522], [70.302144, 23.208423], [70.297801, 23.210153], [70.301305, 23.20488], [70.294046, 23.20768], [70.299891, 23.204223], [70.296692, 23.200594], [70.302651, 23.199613], [70.301192, 23.193871], [70.308632, 23.192453], [70.308811, 23.181476], [70.264817, 23.161804], [70.258022, 23.168966], [70.240311, 23.168385], [70.242376, 23.174124], [70.238175, 23.168838], [70.242618, 23.164638], [70.227817, 23.160217], [70.233641, 23.155897], [70.23374, 23.162688], [70.245256, 23.163607], [70.244192, 23.149047], [70.237498, 23.138026], [70.219818, 23.146107], [70.215741, 23.141931], [70.224532, 23.139838], [70.228063, 23.127839], [70.215769, 23.129347], [70.207396, 23.11542], [70.208916, 23.108411], [70.198317, 23.10446], [70.184883, 23.086245], [70.190488, 23.085804], [70.180618, 23.076855], [70.188514, 23.073885], [70.183006, 23.066694], [70.175501, 23.070165], [70.16894, 23.065181], [70.172158, 23.058955], [70.164927, 23.06739], [70.16815, 23.063224], [70.16471, 23.053826], [70.149282, 23.036979], [70.159015, 23.034886], [70.148191, 23.034799], [70.150107, 23.031226], [70.139012, 23.026418], [70.13295, 23.011002], [70.118295, 22.99696], [70.107736, 22.977941], [70.09342, 22.97165], [70.080517, 22.975691], [70.085021, 22.96897], [70.063505, 22.963548], [70.063956, 22.959383], [70.06009, 22.963781], [70.062959, 22.955141], [70.053319, 22.950721], [70.036289, 22.952431], [70.040981, 22.947632], [70.055943, 22.94846], [70.051722, 22.944284], [70.059178, 22.949041], [70.051223, 22.941025], [70.05701, 22.942452], [70.055527, 22.937984], [70.06395, 22.946201], [70.067233, 22.941893], [70.072801, 22.943314], [70.062459, 22.938761], [70.069681, 22.936062], [70.061353, 22.932684], [70.071662, 22.935246], [70.069148, 22.928085], [70.073959, 22.934127], [70.084968, 22.932797], [70.079538, 22.926825], [70.080209, 22.919978], [70.07077, 22.924646], [70.072217, 22.921422], [70.065112, 22.919135], [70.053142, 22.920922], [70.017886, 22.910448], [70.014234, 22.913564], [70.010666, 22.907467], [70.007968, 22.913087], [70.008996, 22.906245], [70.004516, 22.908396], [70.007285, 22.905366], [69.993037, 22.911522], [69.999355, 22.906506], [69.95902, 22.899261], [69.962229, 22.893569], [69.958687, 22.898606], [69.927034, 22.896006], [69.930459, 22.894041], [69.911928, 22.886488], [69.910252, 22.878543], [69.898728, 22.871241], [69.890636, 22.875512], [69.887782, 22.871085], [69.877632, 22.874142], [69.878798, 22.871068], [69.856253, 22.8687], [69.812331, 22.849949], [69.800652, 22.851038], [69.768595, 22.826382], [69.735693, 22.816724], [69.730255, 22.820963], [69.731962, 22.816425], [69.71989, 22.808873], [69.712801, 22.805891], [69.712105, 22.810796], [69.705591, 22.809168], [69.70798, 22.805841], [69.704544, 22.804463], [69.689507, 22.806728], [69.682387, 22.799943], [69.647406, 22.796166], [69.647191, 22.808906], [69.63688, 22.805137], [69.634264, 22.811739], [69.625216, 22.808485], [69.618261, 22.812233], [69.605896, 22.802929], [69.598835, 22.811922], [69.588522, 22.811677], [69.587732, 22.815468], [69.584026, 22.812361], [69.575607, 22.817705], [69.575949, 22.810365], [69.570991, 22.809609], [69.569356, 22.815844], [69.556859, 22.807303], [69.546157, 22.808874], [69.536989, 22.804036], [69.534376, 22.80856], [69.530807, 22.799861], [69.505324, 22.808875], [69.50466, 22.798936], [69.494269, 22.796887], [69.482831, 22.805665], [69.483202, 22.799024], [69.477333, 22.795496], [69.467903, 22.798318], [69.457323, 22.814254], [69.452004, 22.808294], [69.448913, 22.811786], [69.447974, 22.808184], [69.434608, 22.808186], [69.424522, 22.813065], [69.421737, 22.809025], [69.41835, 22.812773], [69.418619, 22.808106], [69.469965, 22.776426], [69.494561, 22.779979], [69.471746, 22.773725], [69.445296, 22.779748], [69.434425, 22.788017], [69.443677, 22.780065], [69.381205, 22.818751], [69.349413, 22.820089], [69.321566, 22.832114], [69.301673, 22.833372], [69.304632, 22.837732], [69.297416, 22.830985], [69.267893, 22.825173], [69.23139, 22.835035], [69.231093, 22.840734], [69.244991, 22.840211], [69.231256, 22.841845], [69.228199, 22.84882], [69.222166, 22.836157], [69.201262, 22.837446], [69.203216, 22.841634], [69.195816, 22.838], [69.194166, 22.851832], [69.18117, 22.857744], [69.174773, 22.856059], [69.171599, 22.861122], [69.165648, 22.859588], [69.17492, 22.851411], [69.130452, 22.874312], [69.121257, 22.881729], [69.127061, 22.885966], [69.120946, 22.885331], [69.117618, 22.891169], [69.124996, 22.893541], [69.111364, 22.89158], [69.108745, 22.900369], [69.107799, 22.890521], [69.085202, 22.90499], [69.089083, 22.906797], [69.077312, 22.910508], [69.082823, 22.910586], [69.07924, 22.921235], [69.068793, 22.918526], [69.06864, 22.926733], [69.063012, 22.918215], [69.006766, 22.948445], [69.004549, 22.952556], [69.022607, 22.944553], [69.021034, 22.950018], [69.01498, 22.947243], [69.01018, 22.953426], [69.006739, 22.950895], [69.002885, 22.958323], [69.000259, 22.955182], [69.00542, 22.947682], [68.955373, 22.973717], [68.93155, 22.987942], [68.946368, 23.013691], [68.955812, 23.013279], [68.957582, 23.026703], [68.963488, 23.025359], [68.970063, 23.047981], [68.966789, 23.046925], [68.961186, 23.057154], [68.963318, 23.062315], [68.921048, 23.087669], [68.914908, 23.079472], [68.896174, 23.080349], [68.888228, 23.074794], [68.887245, 23.066658], [68.87484, 23.054256], [68.883321, 23.050143], [68.884088, 23.039004], [68.862732, 23.031755], [68.836705, 23.046341], [68.83592, 23.050671], [68.847003, 23.048414], [68.843492, 23.0538], [68.837102, 23.05207], [68.841772, 23.058551], [68.83418, 23.056584], [68.83475, 23.050525], [68.824559, 23.062375], [68.826994, 23.057502], [68.821194, 23.057209], [68.817913, 23.061877], [68.82073, 23.068195], [68.81602, 23.062768], [68.815135, 23.077006], [68.8097, 23.074273], [68.811723, 23.061375], [68.803228, 23.064846], [68.811783, 23.058756], [68.783717, 23.073471], [68.759408, 23.079767], [68.727935, 23.107453], [68.631449, 23.17194], [68.632112, 23.177566], [68.65322, 23.159211], [68.639474, 23.179012], [68.651865, 23.183526], [68.651113, 23.188219], [68.63741, 23.188251], [68.629693, 23.182503], [68.580111, 23.228394], [68.577322, 23.236733], [68.580863, 23.243226], [68.59133, 23.243695], [68.601956, 23.235837], [68.604008, 23.243695], [68.62426, 23.255026], [68.619978, 23.259571], [68.616736, 23.286137], [68.631485, 23.299254], [68.610957, 23.289766], [68.610156, 23.281905], [68.616372, 23.273316], [68.613126, 23.257472], [68.605516, 23.249867], [68.600107, 23.251144], [68.609624, 23.265587], [68.593725, 23.252196], [68.568696, 23.260106], [68.551167, 23.258023], [68.530141, 23.269288], [68.530683, 23.287531], [68.541843, 23.303667], [68.557246, 23.31492], [68.576476, 23.301528], [68.565311, 23.317362], [68.581454, 23.308938], [68.576979, 23.318391], [68.579904, 23.326564], [68.609683, 23.321145], [68.619564, 23.330064], [68.606933, 23.324306], [68.587081, 23.335361], [68.557601, 23.336541], [68.555724, 23.34955], [68.561753, 23.365402], [68.567259, 23.371997], [68.580257, 23.370949], [68.578017, 23.374266], [68.560968, 23.372759], [68.551522, 23.354405], [68.513501, 23.364468], [68.517941, 23.378965], [68.509962, 23.368697], [68.499328, 23.367781], [68.497494, 23.380232], [68.503209, 23.380326], [68.51758, 23.407825], [68.525476, 23.409431], [68.547565, 23.40064], [68.529873, 23.410662], [68.533883, 23.414897], [68.524108, 23.416634], [68.521196, 23.428891], [68.50637, 23.413119], [68.491762, 23.413295], [68.494901, 23.452064], [68.488949, 23.469711], [68.492902, 23.475967], [68.481737, 23.474084], [68.488436, 23.453372], [68.485317, 23.396712], [68.467794, 23.393812], [68.447642, 23.406786], [68.446769, 23.418375], [68.455331, 23.42886], [68.451861, 23.438253], [68.454535, 23.447444], [68.449194, 23.446869], [68.446339, 23.439711], [68.438054, 23.439874], [68.432402, 23.424922], [68.410499, 23.43626], [68.415008, 23.442708], [68.424974, 23.443635], [68.415896, 23.456089], [68.417131, 23.462854], [68.444212, 23.469093], [68.437851, 23.473076], [68.440231, 23.478006], [68.428126, 23.474115], [68.423346, 23.479343], [68.444087, 23.500379], [68.461186, 23.500814], [68.46686, 23.509041], [68.480746, 23.515578], [68.466454, 23.515917], [68.456441, 23.509671], [68.443039, 23.52881], [68.447627, 23.5372], [68.440438, 23.533816], [68.433281, 23.536964], [68.439554, 23.511166], [68.420565, 23.490196], [68.413709, 23.488322], [68.410639, 23.498046], [68.408987, 23.484869], [68.399635, 23.485125], [68.396458, 23.503058], [68.404158, 23.523627], [68.408089, 23.585191], [68.401934, 23.595358], [68.400349, 23.613064], [68.413447, 23.634362], [68.428417, 23.639462], [68.455561, 23.626957], [68.46345, 23.618319], [68.469719, 23.618286], [68.471959, 23.626], [68.477081, 23.62705], [68.482007, 23.617643], [68.487835, 23.644612], [68.477796, 23.643314], [68.470906, 23.628582], [68.461679, 23.629144], [68.444919, 23.641908], [68.45181, 23.6588], [68.508035, 23.672187], [68.525296, 23.689661], [68.542465, 23.696378], [68.55479, 23.719602], [68.600515, 23.741879], [68.606005, 23.7501], [68.619261, 23.750208], [68.618588, 23.757858], [68.625649, 23.760474], [68.625981, 23.770289], [68.656675, 23.812832], [68.673378, 23.811871], [68.697333, 23.822335], [68.708146, 23.817634], [68.707702, 23.824091], [68.7431, 23.839132], [68.759316, 23.840664], [68.768036, 23.860435], [68.791314, 23.873363], [68.801921, 23.871931], [68.809838, 23.880335], [68.779017, 23.882175], [68.770399, 23.87409], [68.762669, 23.882217], [68.751814, 23.882785], [68.740143, 23.870995], [68.737514, 23.85776], [68.72428, 23.848462], [68.719304, 23.848219], [68.716286, 23.854952], [68.710447, 23.845117], [68.692572, 23.839574], [68.630857, 23.836755], [68.597372, 23.808753], [68.593614, 23.812342], [68.600401, 23.824284], [68.593685, 23.828884], [68.587007, 23.80921], [68.592747, 23.800491], [68.581935, 23.77136], [68.527784, 23.750414], [68.517202, 23.751202], [68.516051, 23.744782], [68.509085, 23.741443], [68.47046, 23.733078], [68.46774, 23.737613], [68.46201, 23.731036], [68.453495, 23.736976], [68.445336, 23.736249], [68.43198, 23.728326], [68.418206, 23.73374], [68.429787, 23.761819], [68.426577, 23.762134], [68.412903, 23.73543], [68.4272, 23.724657], [68.389802, 23.688897], [68.372867, 23.654826], [68.352781, 23.640739], [68.343432, 23.624944], [68.350348, 23.618245], [68.33469, 23.601976], [68.339278, 23.593513], [68.321503, 23.579422], [68.311833, 23.580995], [68.303195, 23.598294], [68.304012, 23.578859], [68.29538, 23.585003], [68.294063, 23.597025], [68.283081, 23.588312], [68.269156, 23.596813], [68.263905, 23.58854], [68.232925, 23.591683], [68.229944, 23.596558], [68.183493, 23.594668], [68.123816, 23.61286], [68.126565, 23.619892], [68.153646, 23.626689], [68.171265, 23.643647], [68.176586, 23.639506], [68.189983, 23.640406], [68.175651, 23.64647], [68.182267, 23.664229], [68.198065, 23.674972], [68.210156, 23.667214], [68.224856, 23.643929], [68.239023, 23.641296], [68.24246, 23.631489], [68.244401, 23.644746], [68.261618, 23.634896], [68.261422, 23.623844], [68.267446, 23.615201], [68.262579, 23.594953], [68.270395, 23.609082], [68.26551, 23.634919], [68.279787, 23.627739], [68.301449, 23.62804], [68.312193, 23.621239], [68.303102, 23.631848], [68.280844, 23.631849], [68.259847, 23.64154], [68.259562, 23.646251], [68.307309, 23.650049], [68.32162, 23.640102], [68.330006, 23.643636], [68.348283, 23.635568], [68.346054, 23.641313], [68.330866, 23.647249], [68.321296, 23.643764], [68.311995, 23.652581], [68.23257, 23.646265], [68.221074, 23.65639], [68.223241, 23.660369], [68.258438, 23.66774], [68.259483, 23.673962], [68.277045, 23.683147], [68.30614, 23.679238], [68.308405, 23.684705], [68.297843, 23.68199], [68.282068, 23.686074], [68.291374, 23.697587], [68.283235, 23.69501], [68.287496, 23.70584], [68.310205, 23.724044], [68.33011, 23.728973], [68.31263, 23.72792], [68.28939, 23.714568], [68.27264, 23.689579], [68.253859, 23.718822], [68.23539, 23.731017], [68.252323, 23.718067], [68.266984, 23.692329], [68.258231, 23.682799], [68.231212, 23.669551], [68.213112, 23.677781], [68.21373, 23.687071], [68.201822, 23.690185], [68.185608, 23.71601], [68.184013, 23.73255], [68.205585, 23.783946], [68.199623, 23.810409], [68.199019, 23.847527], [68.21092, 23.877597], [68.250396, 23.895762], [68.280004, 23.930736], [68.31906, 23.92518], [68.330695, 23.927436], [68.336324, 23.934084], [68.337243, 23.956931], [68.342658, 23.969164], [68.361583, 23.989449], [68.375841, 23.990713], [68.387113, 23.968348], [68.393823, 23.966209], [68.401711, 23.970061], [68.752844, 23.971758], [68.769281, 24.265472], [68.764528, 24.295851], [68.808002, 24.313485], [68.828924, 24.314651], [68.843429, 24.277519], [68.847222, 24.238772], [68.856779, 24.213946], [68.866081, 24.212214], [68.879918, 24.216474], [68.906741, 24.279823], [68.945225, 24.302497], [68.967232, 24.272159], [68.984781, 24.22765], [69.003291, 24.223085], [69.021024, 24.228389], [69.094852, 24.274425], [69.194066, 24.236383], [69.312795, 24.281481], [69.378591, 24.269267], [69.444655, 24.280417], [69.492685, 24.267749], [69.55875, 24.280364], [69.594276, 24.292398], [69.73149, 24.171047], [70.025335, 24.171083], [70.038755, 24.176255], [70.066954, 24.199448], [70.109917, 24.29501], [70.139304, 24.302915], [70.16597, 24.303419], [70.214297, 24.321361], [70.253855, 24.32538], [70.284806, 24.34074], [70.326809, 24.352073], [70.368533, 24.350874], [70.391838, 24.360437], [70.411627, 24.375445], [70.548655, 24.411906], [70.561216, 24.420767], [70.573123, 24.422315], [70.602369, 24.40819], [70.580324, 24.363158], [70.562012, 24.354044], [70.58182, 24.304246], [70.579133, 24.295391], [70.584492, 24.29039], [70.584911, 24.27797], [70.571232, 24.251601], [70.582923, 24.244074], [70.586048, 24.246884], [70.645547, 24.224456], [70.713964, 24.215653], [70.805316, 24.220819], [70.836188, 24.231507], [70.851604, 24.244872], [70.876519, 24.245737], [70.90664, 24.259278], [70.908586, 24.26333], [70.882234, 24.273318], [70.875131, 24.28073], [70.873888, 24.294989], [70.882017, 24.300308], [70.878048, 24.301895], [70.924152, 24.326382], [70.947063, 24.348551], [70.985925, 24.365208], [71.003417, 24.350893], [71.02022, 24.347264], [71.042125, 24.35086], [71.057819, 24.362265], [71.084205, 24.394498], [71.106774, 24.396381], [71.119613, 24.402427], [71.125721, 24.420142], [71.103116, 24.435766], [71.066491, 24.436965], [71.037343, 24.432031], [71.00868, 24.444839], [70.998484, 24.444401], [70.996012, 24.475006], [71.004895, 24.523178], [70.987399, 24.543547], [70.99263, 24.563981], [70.986357, 24.59555], [71.008835, 24.635381], [71.049756, 24.648626], [71.074573, 24.661996], [71.09617, 24.688711], [71.065297, 24.717467], [71.026478, 24.808855], [70.937625, 24.938564], [70.911217, 25.03085], [70.888668, 25.148179], [70.751579, 25.277821], [70.736793, 25.332563], [70.664812, 25.396888], [70.672008, 25.420254], [70.671377, 25.460938], [70.678451, 25.525202], [70.667134, 25.531344], [70.673931, 25.675848], [70.660072, 25.702158], [70.647258, 25.712612], [70.608781, 25.714958], [70.530153, 25.683486], [70.448598, 25.681962], [70.387, 25.673837], [70.358556, 25.680117], [70.26865, 25.713606], [70.247239, 25.761611], [70.222406, 25.793114], [70.197107, 25.815486], [70.174452, 25.828372], [70.099761, 25.938269], [70.083385, 26.083295], [70.141243, 26.155927], [70.168209, 26.218106], [70.175045, 26.251534], [70.163507, 26.294937], [70.18536, 26.37434], [70.176899, 26.424015], [70.184618, 26.48165], [70.174174, 26.551449], [70.117194, 26.586886], [70.056231, 26.600574], [69.934661, 26.58154], [69.886765, 26.578876], [69.823117, 26.589035], [69.791894, 26.598317], [69.719703, 26.654701], [69.510307, 26.743509], [69.484423, 26.804841], [69.497868, 26.868354], [69.51331, 27.009989], [69.586413, 27.182652], [69.642664, 27.223368], [69.702709, 27.284322], [69.760134, 27.32104], [69.862482, 27.401813], [69.890923, 27.433508], [69.933889, 27.497836], [70.025897, 27.562926], [70.132394, 27.805961], [70.197648, 27.867228], [70.227009, 27.901376], [70.296183, 27.936021], [70.37219, 28.011838], [70.439469, 28.020245], [70.505818, 28.037044], [70.554313, 28.026326], [70.589458, 28.010445], [70.598538, 27.993156], [70.677397, 27.921852], [70.68437, 27.828192], [70.732406, 27.760339], [70.739766, 27.741928], [70.759314, 27.721272], [70.871837, 27.705604], [70.906116, 27.709598], [70.9512, 27.728855], [70.963197, 27.729383], [70.982684, 27.742239], [71.205533, 27.835423], [71.383061, 27.872636], [71.666431, 27.877762], [71.898342, 27.961216], [71.927359, 28.121746], [72.004288, 28.218662], [72.132241, 28.313104], [72.206128, 28.394275], [72.299235, 28.66976], [72.3907, 28.770363], [72.403768, 28.783002], [72.479393, 28.81209], [72.733083, 28.948094], [72.94581, 29.027887], [73.004355, 29.15296], [73.084426, 29.236271], [73.282095, 29.572038], [73.396923, 29.946003], [73.597, 30.018983], [73.806558, 30.068035], [73.827813, 30.09234], [73.972276, 30.197859], [73.963936, 30.257224], [73.956532, 30.276077], [73.930865, 30.320074], [73.902651, 30.349085], [73.879774, 30.359728], [73.884048, 30.367002], [73.914134, 30.382717], [73.922212, 30.398097], [73.936708, 30.402166], [73.94865, 30.416752], [73.964696, 30.42457], [73.973786, 30.44383], [73.949667, 30.437031], [73.926256, 30.438936], [73.937296, 30.445075], [73.937539, 30.452237], [73.927747, 30.465907], [73.931742, 30.467199], [73.934397, 30.490148], [73.947716, 30.483901], [73.945828, 30.468277], [73.950125, 30.46009], [73.964127, 30.456482], [73.969707, 30.475284], [73.963656, 30.484858], [73.981989, 30.504024], [73.992686, 30.514269], [74.019987, 30.514176], [74.01108, 30.521106], [74.012025, 30.533598], [74.02384, 30.526075], [74.031008, 30.526933], [74.037953, 30.531612], [74.039218, 30.542623], [74.050009, 30.537166], [74.057304, 30.518695], [74.072278, 30.522915], [74.090946, 30.549427], [74.079992, 30.548476], [74.073418, 30.554683], [74.102126, 30.579238], [74.095305, 30.601216], [74.101497, 30.603337], [74.102268, 30.609631], [74.096035, 30.611613], [74.105111, 30.619276], [74.118063, 30.607912], [74.121286, 30.622602], [74.126858, 30.624142], [74.12736, 30.634802], [74.137698, 30.627487], [74.147818, 30.631066], [74.163354, 30.648423], [74.193319, 30.66518], [74.219235, 30.693613], [74.232656, 30.724562], [74.2609, 30.723113], [74.266963, 30.726223], [74.268437, 30.734406], [74.271245, 30.732212], [74.274829, 30.737122], [74.281527, 30.730897], [74.286458, 30.735702], [74.274478, 30.744271], [74.273689, 30.753469], [74.260171, 30.773101], [74.264824, 30.777098], [74.274421, 30.773487], [74.301965, 30.779375], [74.306815, 30.789203], [74.294873, 30.794513], [74.319826, 30.827409], [74.320383, 30.846632], [74.340553, 30.849107], [74.338766, 30.852676], [74.348137, 30.854914], [74.363354, 30.847257], [74.368523, 30.851852], [74.364522, 30.857387], [74.382087, 30.86044], [74.360764, 30.873709], [74.365903, 30.892938], [74.382938, 30.89552], [74.397288, 30.909394], [74.422716, 30.907784], [74.424413, 30.916035], [74.411054, 30.919643], [74.410333, 30.923495], [74.423528, 30.920733], [74.428745, 30.931231], [74.413863, 30.929654], [74.416403, 30.94034], [74.439542, 30.942195], [74.44206, 30.951739], [74.455261, 30.951404], [74.451468, 30.9559], [74.466406, 30.956874], [74.457258, 30.964645], [74.479684, 30.97429], [74.481359, 30.970757], [74.491895, 30.974438], [74.497887, 30.964335], [74.503468, 30.964798], [74.516151, 30.979478], [74.546157, 30.992422], [74.539669, 31.008845], [74.542476, 31.017374], [74.547966, 31.03246], [74.558714, 31.037413], [74.561435, 31.048658], [74.568232, 31.054695], [74.574413, 31.05679], [74.590085, 31.049961], [74.596798, 31.037668], [74.613004, 31.044793], [74.671159, 31.053633], [74.695928, 31.074165], [74.690637, 31.0815], [74.702317, 31.09236], [74.689101, 31.128026], [74.666952, 31.124323], [74.658966, 31.133977], [74.63623, 31.118265], [74.630875, 31.132716], [74.603048, 31.133607], [74.596491, 31.12759], [74.610036, 31.111733], [74.610665, 31.099302], [74.599434, 31.093066], [74.600807, 31.088003], [74.589091, 31.092487], [74.588812, 31.087823], [74.573815, 31.085764], [74.571266, 31.081428], [74.551494, 31.086391], [74.548353, 31.121933], [74.510361, 31.131907], [74.515224, 31.152131], [74.510984, 31.158069], [74.510756, 31.181164], [74.519518, 31.183857], [74.525961, 31.211772], [74.517005, 31.227925], [74.532729, 31.249697], [74.520601, 31.268928], [74.542024, 31.30378], [74.526332, 31.311978], [74.534824, 31.313472], [74.537372, 31.330742], [74.54886, 31.334831], [74.545929, 31.340761], [74.552952, 31.356057], [74.551651, 31.364358], [74.58348, 31.379045], [74.587246, 31.398128], [74.602458, 31.420515], [74.608931, 31.423666], [74.619254, 31.420023], [74.62243, 31.430128], [74.63138, 31.425477], [74.633604, 31.418725], [74.643219, 31.41605], [74.654608, 31.426014], [74.638593, 31.444384], [74.651279, 31.451994], [74.652136, 31.457307], [74.636098, 31.477598], [74.627544, 31.476908], [74.629288, 31.483858], [74.636477, 31.484768], [74.625182, 31.485969], [74.622438, 31.481916], [74.609765, 31.499876], [74.5947, 31.501555], [74.593661, 31.496447], [74.587282, 31.496297], [74.575211, 31.501172], [74.581151, 31.49899], [74.587127, 31.50402], [74.580024, 31.507265], [74.584034, 31.506955], [74.580161, 31.511139], [74.58433, 31.520928], [74.612896, 31.527346], [74.614447, 31.551092], [74.618648, 31.551625], [74.606792, 31.562967], [74.615598, 31.568989], [74.592277, 31.574117], [74.574997, 31.597425], [74.578501, 31.599633], [74.5753, 31.603791], [74.555314, 31.607846], [74.546335, 31.633075], [74.546656, 31.645671], [74.537299, 31.653284], [74.540242, 31.660089], [74.528693, 31.666612], [74.534958, 31.677604], [74.501901, 31.695794], [74.499322, 31.709467], [74.486594, 31.715005], [74.490621, 31.723781], [74.503071, 31.728535], [74.503702, 31.740483], [74.547431, 31.749353], [74.559405, 31.757886], [74.561789, 31.76331], [74.554885, 31.766948], [74.551403, 31.778981], [74.555612, 31.791358], [74.567117, 31.796406], [74.557904, 31.804775], [74.573072, 31.816003], [74.572125, 31.838827], [74.583316, 31.851896], [74.590712, 31.848554], [74.597206, 31.867388], [74.606632, 31.868534], [74.60786, 31.890392], [74.629356, 31.88213], [74.636307, 31.884228], [74.65089, 31.902188], [74.657633, 31.901888], [74.660399, 31.913546], [74.668343, 31.91788], [74.666703, 31.92274], [74.67432, 31.918618], [74.677198, 31.926144], [74.698162, 31.926366], [74.706477, 31.92111], [74.719237, 31.923695], [74.714048, 31.932313], [74.720163, 31.941434], [74.730881, 31.940966], [74.734298, 31.945153], [74.743206, 31.939593], [74.75657, 31.943706], [74.755591, 31.95576], [74.768421, 31.947679], [74.781478, 31.955712], [74.802374, 31.957848], [74.806158, 31.962855], [74.819098, 31.958755], [74.831359, 31.980856], [74.828871, 31.998622], [74.838967, 32.008448], [74.853196, 32.013566], [74.848351, 32.020481], [74.86562, 32.023226], [74.865564, 32.030445], [74.86897, 32.02204], [74.879976, 32.032045], [74.868919, 32.041616], [74.879548, 32.053803], [74.904766, 32.050227], [74.927956, 32.066465], [74.973904, 32.053483], [74.978056, 32.048001], [74.971592, 32.042623], [75.002763, 32.043616], [75.004777, 32.037581], [75.012362, 32.035751], [75.02157, 32.048593], [75.033904, 32.050671], [75.040696, 32.042682], [75.050557, 32.052798], [75.062006, 32.055278], [75.068009, 32.062388], [75.064129, 32.065599], [75.068699, 32.067197], [75.073003, 32.059688], [75.084029, 32.06004], [75.091581, 32.06584], [75.091204, 32.071845], [75.104893, 32.058575], [75.106674, 32.069587], [75.120839, 32.075375], [75.122903, 32.081388], [75.157672, 32.081759], [75.174241, 32.067474], [75.17928, 32.076234], [75.198495, 32.082677], [75.19789, 32.098612], [75.204049, 32.096674], [75.205681, 32.102568], [75.202455, 32.120243], [75.215824, 32.12111], [75.21773, 32.103413], [75.223702, 32.098168], [75.226957, 32.10679], [75.234724, 32.103907], [75.229234, 32.093304], [75.240278, 32.091071], [75.245728, 32.100071], [75.262174, 32.102101], [75.266452, 32.107485], [75.262729, 32.111858], [75.278883, 32.117316], [75.283447, 32.131894], [75.277261, 32.13698], [75.285352, 32.1515], [75.299399, 32.153321], [75.30678, 32.169013], [75.322418, 32.179504], [75.316363, 32.181054], [75.318438, 32.187448], [75.310328, 32.19461], [75.320115, 32.204119], [75.316379, 32.208043], [75.331375, 32.219584], [75.357389, 32.218069], [75.372432, 32.226059], [75.370836, 32.257568], [75.374342, 32.265893], [75.381853, 32.26896], [75.371473, 32.279614], [75.343708, 32.278558], [75.350236, 32.289864], [75.320494, 32.297396], [75.334987, 32.31091], [75.330067, 32.312561], [75.337849, 32.319732], [75.327769, 32.326122], [75.322668, 32.343533], [75.302157, 32.344291], [75.298871, 32.353521], [75.2883, 32.354487], [75.289746, 32.369848], [75.284954, 32.371969], [75.272902, 32.375126], [75.258127, 32.371418], [75.255942, 32.389271], [75.241549, 32.385188], [75.215014, 32.401284], [75.207558, 32.394692], [75.193953, 32.400475], [75.192446, 32.410126], [75.199154, 32.411233], [75.199577, 32.420423], [75.189763, 32.425812], [75.163853, 32.422642], [75.160122, 32.418643], [75.15266, 32.421087], [75.131419, 32.40887], [75.12663, 32.420286], [75.133225, 32.427809], [75.118595, 32.444346], [75.119271, 32.454223], [75.107766, 32.460578], [75.107939, 32.471975], [75.101351, 32.4777], [75.085536, 32.468766], [75.02802, 32.497092], [75.016814, 32.479468], [75.019299, 32.466168], [74.991872, 32.451466], [74.983239, 32.450893], [74.968577, 32.459341], [74.95121, 32.447494], [74.936195, 32.467539], [74.937933, 32.471303], [74.919281, 32.46426], [74.906595, 32.472942], [74.897454, 32.468444], [74.879249, 32.476724], [74.883893, 32.488752], [74.877279, 32.492975], [74.865284, 32.486349], [74.858636, 32.492853], [74.847075, 32.489185], [74.818751, 32.497919], [74.812816, 32.479643], [74.800495, 32.482328], [74.794771, 32.476409], [74.754626, 32.482083], [74.751548, 32.478301], [74.728343, 32.480774], [74.727456, 32.475821], [74.714494, 32.476865], [74.710181, 32.492623], [74.687915, 32.48688], [74.682098, 32.493593], [74.685653, 32.50665], [74.682567, 32.509709], [74.690732, 32.523486], [74.690607, 32.532967], [74.66288, 32.544527], [74.662739, 32.553833], [74.674488, 32.554438], [74.673833, 32.567982], [74.652538, 32.56297], [74.654685, 32.580839], [74.648892, 32.587988], [74.658768, 32.596851], [74.64184, 32.600553], [74.639043, 32.614648], [74.654943, 32.615212], [74.655097, 32.636958], [74.670381, 32.638956], [74.67126, 32.645225], [74.680719, 32.65253], [74.688865, 32.651922], [74.695266, 32.661319], [74.695262, 32.665442], [74.68239, 32.672266], [74.666952, 32.675278], [74.653495, 32.696691], [74.663709, 32.723958], [74.655911, 32.727966], [74.674905, 32.755996], [74.678419, 32.772564], [74.703949, 32.816998], [74.704771, 32.841954], [74.6835, 32.836767], [74.667877, 32.82505], [74.655621, 32.832101], [74.640519, 32.81895], [74.634624, 32.80663], [74.658355, 32.78766], [74.654011, 32.780872], [74.639666, 32.782067], [74.632291, 32.776403], [74.630354, 32.768435], [74.638351, 32.758629], [74.634256, 32.749546], [74.619194, 32.760689], [74.596046, 32.756464], [74.589911, 32.750645], [74.582387, 32.752793], [74.57684, 32.747907], [74.576231, 32.756622], [74.562889, 32.760125], [74.554249, 32.758382], [74.547025, 32.751828], [74.54822, 32.746854], [74.543341, 32.752545], [74.531849, 32.744371], [74.511589, 32.745507], [74.510016, 32.751026], [74.515243, 32.755843], [74.511617, 32.764538], [74.486073, 32.764452], [74.475962, 32.775409], [74.464578, 32.775906], [74.459407, 32.787748], [74.444463, 32.783514], [74.415259, 32.784565], [74.402927, 32.767388], [74.394233, 32.772126], [74.391001, 32.763169], [74.355046, 32.767004], [74.351329, 32.774646], [74.333668, 32.780358], [74.327225, 32.790592], [74.314477, 32.796844], [74.315139, 32.804791], [74.308274, 32.80759], [74.312829, 32.822183], [74.303395, 32.829846], [74.267727, 32.832237], [74.263427, 32.842097], [74.219639, 32.848824], [74.219845, 32.862318], [74.214156, 32.862686], [74.211262, 32.873439], [74.194253, 32.873925], [74.190719, 32.882955], [74.178801, 32.889502], [74.165631, 32.886901], [74.090466, 32.907999], [74.06895, 32.909561], [74.059681, 32.92009], [74.058161, 32.934543], [74.024462, 32.929754], [73.999679, 32.935406], [74.006182, 32.954913], [73.998338, 32.962037], [73.972368, 32.967212], [73.964642, 32.987129], [73.941444, 32.982435], [73.924984, 32.988381], [73.908262, 33.001438], [73.880533, 32.997471], [73.869438, 33.002809], [73.825661, 33.004017], [73.825968, 32.977245], [73.809308, 32.967581], [73.790429, 32.966815], [73.789942, 32.977631], [73.798314, 32.988948], [73.794509, 33.003597], [73.749104, 33.033626], [73.749858, 33.058005], [73.742829, 33.066159], [73.685386, 33.087469], [73.672841, 33.082248], [73.637736, 33.084651], [73.631857, 33.095304], [73.631322, 33.117558], [73.63929, 33.128137], [73.631199, 33.139522], [73.636296, 33.142006], [73.648685, 33.137478], [73.64989, 33.156582], [73.66448, 33.161352], [73.661904, 33.173305], [73.666422, 33.181868], [73.662638, 33.191706], [73.668009, 33.201858], [73.647619, 33.222829], [73.642664, 33.219254], [73.63951, 33.205027], [73.633547, 33.207642], [73.63173, 33.223174], [73.637802, 33.225706], [73.637561, 33.230415], [73.621784, 33.235995], [73.619409, 33.246131], [73.613195, 33.248213], [73.615205, 33.257973], [73.606512, 33.273719], [73.605524, 33.285419], [73.61417, 33.292898], [73.59564, 33.302842], [73.589294, 33.323543], [73.599354, 33.329514], [73.598026, 33.337524], [73.593556, 33.340071], [73.578417, 33.328629], [73.570486, 33.342983], [73.583766, 33.355681], [73.571876, 33.356656], [73.565152, 33.366257], [73.573315, 33.39183], [73.581087, 33.395555], [73.581907, 33.403234], [73.588498, 33.405742], [73.590874, 33.413233], [73.603158, 33.419088], [73.601731, 33.422949], [73.586706, 33.422811], [73.595938, 33.4294], [73.596062, 33.438989], [73.609364, 33.438203], [73.615921, 33.447707], [73.63189, 33.4476], [73.630529, 33.460053], [73.619953, 33.46252], [73.618666, 33.476169], [73.610466, 33.470934], [73.610942, 33.482306], [73.604244, 33.4858], [73.602065, 33.496689], [73.605396, 33.50034], [73.618681, 33.495356], [73.611445, 33.513065], [73.64177, 33.528513], [73.624412, 33.540874], [73.628704, 33.571064], [73.621913, 33.580758], [73.604981, 33.5887], [73.611901, 33.603785], [73.598538, 33.600176], [73.588268, 33.615418], [73.567153, 33.617742], [73.577741, 33.638063], [73.567456, 33.668492], [73.597148, 33.699767], [73.603134, 33.715093], [73.594644, 33.751239], [73.574824, 33.763298], [73.55992, 33.781335], [73.574703, 33.822456], [73.577949, 33.847494], [73.587161, 33.86068], [73.587787, 33.874441], [73.593331, 33.878794], [73.593543, 33.889776], [73.584434, 33.904962], [73.547607, 33.93694], [73.527781, 33.988152], [73.516417, 33.998876], [73.517887, 34.021804], [73.511354, 34.03261], [73.507795, 34.064862], [73.499672, 34.074578], [73.501292, 34.096608], [73.494431, 34.124686], [73.497191, 34.13246], [73.490931, 34.139674], [73.492745, 34.201578], [73.498537, 34.211222], [73.482021, 34.23087], [73.472831, 34.252308], [73.475941, 34.267749], [73.484481, 34.274644], [73.480834, 34.289426], [73.475501, 34.291338], [73.471992, 34.283806], [73.456707, 34.27646], [73.460405, 34.28914], [73.445547, 34.303134], [73.444515, 34.321381], [73.425072, 34.33725], [73.429941, 34.346303], [73.407858, 34.350286], [73.396094, 34.371613], [73.409149, 34.377588], [73.427735, 34.426043], [73.421798, 34.463748], [73.435165, 34.484857], [73.437265, 34.506545], [73.430805, 34.521336], [73.440867, 34.527855], [73.446297, 34.539618], [73.443471, 34.555623], [73.453836, 34.57107], [73.470209, 34.568482], [73.493238, 34.57476], [73.532175, 34.57099], [73.556129, 34.589842], [73.572277, 34.583674], [73.611147, 34.584827], [73.625187, 34.575588], [73.633007, 34.562621], [73.650261, 34.56197], [73.659797, 34.579753], [73.653753, 34.600534], [73.694998, 34.650058], [73.663509, 34.663229], [73.659051, 34.673103], [73.668312, 34.688371], [73.678964, 34.693583], [73.684579, 34.707538], [73.704626, 34.722012], [73.72994, 34.772228], [73.7371, 34.772541], [73.772304, 34.796114], [73.783726, 34.791395], [73.800779, 34.794733], [73.821774, 34.792104], [73.83771, 34.813161], [73.856661, 34.808516], [73.894989, 34.818976], [73.90491, 34.812842], [73.919371, 34.811653], [73.930466, 34.832395], [73.960995, 34.838565], [73.967433, 34.863832], [73.99272, 34.865923], [73.999091, 34.868856], [74.000505, 34.875238], [74.020431, 34.872469], [74.029913, 34.876287], [74.030796, 34.883038], [74.041965, 34.891036], [74.03472, 34.901505], [74.037198, 34.919234], [74.071168, 34.935487], [74.060955, 34.967739], [74.063289, 34.983286], [74.059322, 34.992681], [74.065552, 34.9978], [74.089606, 35.001785], [74.109745, 35.01608], [74.098219, 35.032183], [74.066735, 35.046275], [74.073582, 35.054608], [74.071165, 35.058496], [74.079894, 35.068122], [74.081912, 35.079443], [74.101428, 35.099147], [74.132386, 35.102934], [74.13367, 35.110054], [74.105859, 35.125728], [74.113642, 35.137697], [74.11227, 35.148533], [74.095812, 35.140746], [74.072131, 35.15318], [74.063412, 35.147052], [74.033812, 35.146868], [74.016557, 35.163227], [74.00476, 35.167731], [74.002826, 35.183653], [74.000297, 35.179992], [73.9777, 35.180648], [73.956842, 35.168051], [73.924547, 35.203903], [73.896966, 35.211697], [73.861187, 35.20715], [73.845372, 35.22464], [73.808325, 35.239502], [73.770506, 35.236008], [73.733523, 35.208535], [73.707982, 35.222489], [73.71906, 35.242478], [73.724973, 35.273054], [73.69484, 35.318411], [73.695437, 35.369076], [73.727021, 35.418994], [73.792036, 35.454225], [73.778503, 35.5229], [73.729612, 35.529498], [73.721254, 35.549225], [73.673428, 35.544657], [73.658836, 35.547634], [73.628386, 35.569051], [73.609273, 35.558161], [73.561595, 35.546394], [73.527922, 35.567308], [73.501503, 35.557575], [73.477358, 35.571907], [73.398121, 35.557088], [73.36348, 35.597229], [73.299728, 35.611177], [73.268676, 35.624392], [73.212613, 35.668923], [73.19432, 35.67372], [73.157665, 35.700071], [73.132913, 35.710783], [73.126414, 35.721021], [73.126498, 35.776232], [73.137207, 35.819192], [73.148662, 35.831189], [73.105871, 35.857512], [73.08388, 35.877468], [73.068148, 35.877709], [73.058036, 35.862697], [73.028822, 35.847064], [72.987075, 35.859816], [72.958264, 35.847222], [72.91844, 35.839063], [72.892445, 35.844546], [72.891124, 35.873743], [72.872781, 35.874749], [72.839315, 35.867134], [72.819155, 35.881726], [72.808205, 35.859102], [72.789139, 35.857707], [72.784286, 35.84146], [72.775189, 35.84147], [72.761436, 35.83231], [72.726577, 35.853058], [72.684381, 35.822531], [72.64967, 35.838905], [72.628137, 35.857864], [72.618799, 35.853363], [72.609939, 35.861565], [72.585098, 35.859378], [72.558233, 35.89767], [72.543028, 35.894496], [72.531605, 35.903103], [72.518471, 35.905488], [72.513075, 35.938679], [72.526352, 35.950295], [72.534884, 35.950644], [72.542409, 35.969541], [72.53867, 35.985126], [72.548825, 35.982359], [72.559961, 35.986963], [72.55932, 35.993585], [72.580855, 36.013308], [72.584593, 36.025085], [72.568757, 36.044628], [72.535738, 36.047297], [72.516678, 36.06734], [72.520809, 36.098312], [72.527613, 36.110229], [72.540375, 36.1277], [72.561703, 36.139896], [72.550717, 36.150021], [72.54913, 36.16465], [72.535919, 36.173311], [72.550501, 36.198543], [72.547312, 36.205412], [72.573944, 36.223809], [72.572735, 36.239134], [72.584655, 36.256897], [72.61168, 36.269492], [72.623958, 36.268818], [72.644458, 36.258413], [72.662193, 36.258137], [72.680016, 36.243344], [72.684831, 36.243888], [72.674163, 36.262229], [72.680558, 36.271039], [72.711232, 36.276257], [72.714065, 36.284745], [72.719746, 36.284983], [72.731134, 36.298268], [72.759175, 36.298584], [72.773899, 36.315933], [72.803345, 36.330815], [72.808612, 36.351011], [72.816079, 36.356441], [72.840092, 36.367333], [72.853664, 36.366354], [72.850963, 36.37239], [72.864066, 36.378903], [72.875542, 36.394566], [72.870087, 36.407487], [72.875831, 36.41694], [72.859667, 36.435566], [72.886578, 36.444347], [72.908147, 36.460928], [72.923607, 36.453535], [72.946059, 36.466221], [72.973445, 36.453845], [72.979357, 36.457326], [72.987915, 36.469275], [72.987484, 36.472841], [72.974227, 36.475379], [72.974746, 36.494341], [72.982758, 36.501488], [72.977911, 36.511531], [73.051943, 36.532972], [73.052499, 36.54869], [73.061944, 36.561198], [73.078015, 36.569183], [73.079498, 36.585602], [73.097164, 36.606], [73.096292, 36.613533], [73.074103, 36.628789], [73.079843, 36.638809], [73.080427, 36.669985], [73.07071, 36.679836], [73.067643, 36.700628], [73.095218, 36.683364], [73.116438, 36.684201], [73.162542, 36.707591], [73.170669, 36.724036], [73.186555, 36.710308], [73.186688, 36.701192], [73.201394, 36.695535], [73.228802, 36.701493], [73.238012, 36.711526], [73.246114, 36.705388], [73.294117, 36.704232], [73.303943, 36.706277], [73.310789, 36.714325], [73.347829, 36.716405], [73.351573, 36.73501], [73.394418, 36.730071], [73.42144, 36.742989], [73.43388, 36.731001], [73.446711, 36.728924], [73.461969, 36.735056], [73.479308, 36.719466], [73.497631, 36.713141], [73.509836, 36.721936], [73.519895, 36.710297], [73.549818, 36.716075], [73.554333, 36.709568], [73.579299, 36.722386], [73.589992, 36.694529], [73.621579, 36.690346], [73.634813, 36.698169], [73.689267, 36.687574], [73.709851, 36.712339], [73.727065, 36.713291], [73.774782, 36.702095], [73.784457, 36.714561], [73.795549, 36.718847], [73.848657, 36.702374], [73.866973, 36.700793], [73.876706, 36.704693], [73.873637, 36.720599], [73.885291, 36.729902], [73.883355, 36.745291], [73.867986, 36.766323], [73.836984, 36.795139], [73.814788, 36.789021], [73.801511, 36.794221], [73.796358, 36.802487], [73.797571, 36.818204], [73.758834, 36.81616], [73.74909, 36.827373], [73.738657, 36.826], [73.725295, 36.835081], [73.705507, 36.837817], [73.706185, 36.857959], [73.667005, 36.880886], [73.665286, 36.891826], [73.671091, 36.911704], [73.697237, 36.914312], [73.728723, 36.897996], [73.75132, 36.909692], [73.765543, 36.905198], [73.773579, 36.896306], [73.7941, 36.900163], [73.800718, 36.887501], [73.810166, 36.888587], [73.82044, 36.903097], [73.859259, 36.897324], [73.870495, 36.894212], [73.893018, 36.875466], [73.90675, 36.883832], [73.9149, 36.882988], [73.961497, 36.839272], [73.981954, 36.829582], [74.008374, 36.833779], [74.027777, 36.826118], [74.046519, 36.810827], [74.085514, 36.841513], [74.116312, 36.835734], [74.133457, 36.847909], [74.144197, 36.89093], [74.155748, 36.910513], [74.221093, 36.90272], [74.248968, 36.893611], [74.314819, 36.927338], [74.350801, 36.960075], [74.375686, 36.973384], [74.388662, 36.973472], [74.408179, 36.981561], [74.419867, 36.994508], [74.451117, 36.998249], [74.520308, 36.995838], [74.534308, 36.983241], [74.542548, 36.96136], [74.564099, 36.957903], [74.580416, 37.021017], [74.577904, 37.045804], [74.568119, 37.051766], [74.589406, 37.059168], [74.641383, 37.066], [74.681168, 37.086719], [74.707388, 37.087294], [74.715908, 37.053658], [74.747134, 37.020119], [74.751642, 37.020109], [74.76019, 37.035977], [74.769052, 37.041228], [74.804771, 37.034988], [74.829198, 37.039033], [74.838899, 37.035849], [74.833087, 37.011176], [74.83757, 36.997813], [74.848678, 36.991791], [74.879897, 36.95747], [74.898569, 36.933906], [74.901527, 36.921891], [74.910058, 36.916412], [74.917722, 36.91996], [74.923395, 36.934534], [74.982175, 36.97123], [74.995148, 36.974749], [75.015951, 36.992665], [75.075769, 36.961216], [75.107047, 36.963053], [75.161507, 36.999761], [75.173702, 37.001228], [75.187452, 37.022039], [75.220357, 37.051628], [75.264917, 37.062397], [75.349939, 37.065536], [75.355553, 37.060903], [75.361546, 37.020636], [75.360165, 37.00147], [75.352236, 36.997232], [75.352321, 36.991237], [75.367407, 36.975007], [75.396957, 36.983255], [75.414044, 36.976714], [75.41925, 36.966848], [75.418128, 36.950069], [75.399377, 36.934876], [75.406615, 36.923013], [75.405707, 36.908406], [75.42783, 36.906935], [75.440808, 36.89775], [75.461556, 36.829453], [75.607297, 36.779046], [75.663318, 36.716704], [75.730697, 36.623345], [75.781112, 36.583172], [75.814226, 36.566575], [75.8484, 36.562246], [75.872119, 36.544678], [75.927936, 36.520752], [75.997029, 36.500114], [76.042544, 36.495788], [76.08349, 36.484318], [76.177575, 36.397598], [76.198971, 36.394365], [76.250774, 36.357364], [76.282418, 36.355266], [76.35527, 36.367643], [76.407036, 36.326548], [76.424342, 36.319819], [76.436373, 36.321753], [76.436536, 36.303199], [76.45407, 36.275549], [76.450948, 36.268737], [76.438248, 36.261728], [76.472825, 36.235095], [76.479039, 36.222732], [76.55478, 36.197584], [76.567865, 36.177926], [76.616319, 36.172799], [76.635847, 36.188369], [76.647431, 36.190956], [76.653614, 36.178923], [76.711088, 36.135118], [76.712831, 36.117931], [76.728278, 36.087155], [76.752393, 36.073087], [76.781688, 36.066878], [76.810356, 36.053222], [76.813593, 36.026598], [76.783991, 36.014567], [76.756342, 35.990463], [76.758797, 35.982205], [76.73099, 35.960381], [76.754226, 35.929501], [76.788424, 35.899582], [76.79785, 35.862394], [76.813451, 35.849171], [76.84099, 35.839865], [76.854623, 35.840114], [76.874218, 35.821773], [76.899311, 35.810006], [76.921141, 35.792624], [76.932843, 35.788389], [76.971482, 35.787959], [77.001903, 35.776221], [77.059109, 35.783564], [77.09382, 35.800052], [77.112332, 35.801666], [77.135388, 35.794347], [77.133975, 35.783764], [77.146695, 35.781117], [77.149268, 35.769605], [77.172844, 35.765413], [77.169368, 35.745805], [77.176503, 35.735006], [77.207026, 35.734078], [77.226953, 35.728419], [77.227862, 35.71486], [77.235778, 35.709956], [77.269572, 35.708215], [77.284197, 35.719742], [77.319066, 35.696935], [77.326858, 35.702182], [77.334588, 35.720147], [77.368069, 35.716863], [77.38019, 35.700816], [77.381704, 35.690586], [77.3944, 35.690019], [77.401539, 35.683101], [77.403412, 35.661959], [77.428918, 35.660726], [77.437657, 35.654875], [77.442504, 35.620005], [77.434142, 35.609056], [77.465294, 35.593753], [77.470889, 35.566673], [77.461777, 35.547638], [77.48421, 35.531547], [77.47121, 35.52162], [77.45355, 35.525516], [77.434584, 35.51621], [77.409756, 35.528781], [77.399225, 35.54489], [77.383269, 35.550228], [77.355746, 35.546722], [77.321031, 35.533956], [77.346398, 35.517368], [77.351251, 35.495831], [77.372224, 35.493064], [77.38293, 35.475651], [77.390571, 35.47161], [77.415673, 35.472226], [77.442063, 35.460625], [77.507755, 35.483915], [77.530717, 35.48294], [77.543624, 35.47683], [77.570067, 35.482787], [77.586073, 35.474224], [77.602038, 35.474447], [77.622239, 35.466413], [77.628189, 35.466495], [77.648993, 35.485663], [77.671561, 35.468156], [77.693034, 35.476045], [77.719932, 35.474028], [77.729989, 35.479387], [77.722541, 35.510994], [77.73666, 35.524123], [77.764461, 35.4986], [77.778058, 35.493789], [77.796755, 35.495572], [77.821665, 35.514413], [77.869667, 35.478796], [77.887325, 35.481744], [77.907197, 35.466786], [77.913969, 35.4696], [77.924397, 35.495139], [77.928761, 35.494716], [77.983159, 35.456172], [77.987088, 35.463938], [77.966537, 35.476879], [77.963704, 35.497507], [77.939244, 35.509328], [77.934618, 35.516279], [77.93821, 35.526533], [77.971066, 35.565982], [77.970939, 35.581413], [77.958704, 35.59943], [77.960505, 35.604436], [77.999055, 35.585659], [78.046451, 35.587504], [78.084668, 35.553187], [78.102444, 35.556297], [78.120344, 35.551853], [78.134132, 35.540347], [78.146951, 35.539622], [78.152199, 35.549931], [78.162061, 35.552518], [78.158283, 35.582368], [78.173201, 35.599467], [78.167468, 35.627673], [78.196716, 35.624744], [78.194816, 35.636375], [78.204587, 35.645323], [78.209469, 35.662849], [78.258344, 35.642506], [78.269446, 35.655285], [78.282824, 35.660134], [78.277672, 35.675986], [78.278001, 35.715913], [78.294772, 35.721246], [78.34148, 35.716644], [78.400189, 35.730828], [78.41703, 35.760991], [78.427494, 35.764933], [78.427639, 35.774056], [78.435135, 35.778191], [78.455262, 35.775844], [78.47818, 35.766376], [78.512847, 35.765578], [78.526854, 35.756466], [78.573698, 35.784774], [78.583428, 35.783206], [78.597898, 35.802116], [78.619313, 35.804925], [78.646815, 35.81778], [78.675028, 35.85151], [78.710522, 35.851339], [78.723652, 35.859896], [78.759575, 35.85774], [78.781378, 35.863498], [78.794157, 35.854688], [78.827422, 35.848215], [78.933594, 35.86615], [78.967848, 35.884264], [79.025832, 35.851363], [79.053727, 35.841068], [79.156109, 35.832019], [79.191339, 35.858123], [79.220204, 35.888782], [79.219286, 35.899752], [79.203091, 35.925398], [79.213438, 35.953563], [79.261736, 35.984289], [79.406834, 35.985532], [79.427069, 35.90365], [79.435132, 35.892702], [79.53636, 35.874483], [79.593347, 35.847186], [79.715607, 35.814498], [79.748089, 35.791562], [79.892125, 35.771812], [79.951049, 35.818498], [79.97295, 35.825707], [80.008096, 35.828331], [80.035543, 35.807746], [80.055671, 35.783043], [80.082203, 35.726775], [80.103703, 35.707562], [80.122916, 35.663646], [80.236477, 35.632367], [80.307152, 35.589481], [80.321562, 35.553456], [80.325336, 35.509539], [80.342148, 35.461506], [80.291372, 35.427539], [80.286569, 35.403865], [80.294118, 35.381564], [80.291716, 35.359262], [80.268387, 35.29476], [80.237511, 35.24501], [80.22962, 35.200408], [80.18605, 35.148256], [80.183991, 35.133503], [80.195657, 35.059737], [80.188795, 35.040867], [80.187423, 35.011703], [80.158262, 34.939653], [80.116407, 34.862455], [80.074209, 34.824714], [80.068376, 34.79658], [80.067691, 34.719726], [80.063231, 34.706689], [80.038873, 34.688504], [79.948861, 34.666438], [79.889376, 34.678658], [79.864193, 34.676426], [79.828868, 34.648504], [79.820499, 34.632853], [79.799442, 34.626188], [79.775369, 34.610661], [79.773598, 34.603426], [79.782717, 34.595025], [79.792038, 34.572895], [79.765112, 34.562527], [79.759453, 34.537571], [79.808722, 34.519769], [79.816947, 34.507376], [79.81091, 34.490537], [79.813422, 34.480942], [79.799164, 34.476495], [79.788485, 34.465703], [79.66278, 34.468306], [79.653129, 34.476261], [79.626204, 34.476204], [79.597107, 34.485735], [79.577168, 34.476384], [79.513757, 34.460267], [79.531151, 34.435358], [79.529844, 34.405815], [79.567841, 34.394986], [79.558103, 34.378565], [79.564564, 34.317864], [79.594273, 34.27494], [79.596268, 34.26401], [79.589275, 34.228081], [79.568537, 34.206304], [79.557163, 34.20317], [79.547596, 34.193094], [79.515013, 34.200543], [79.497632, 34.188519], [79.48786, 34.145178], [79.495224, 34.128198], [79.490103, 34.120199], [79.461077, 34.092313], [79.420628, 34.077689], [79.413433, 34.059327], [79.413675, 34.04661], [79.439723, 34.02348], [79.43409, 34.01296], [79.413344, 34.006086], [79.374699, 34.02621], [79.29792, 34.0336], [79.270232, 34.029785], [79.260775, 34.036547], [79.228397, 34.043649], [79.202653, 34.041312], [79.176235, 34.059227], [79.155661, 34.054246], [79.143553, 34.057734], [79.146439, 34.027432], [79.136734, 34.018656], [79.107298, 34.012292], [79.077272, 34.01361], [79.011123, 34.043999], [78.912099, 34.01008], [78.90283, 33.98736], [78.891194, 33.974412], [78.905705, 33.952955], [78.920006, 33.943184], [78.926576, 33.925748], [78.946033, 33.901753], [78.955643, 33.883793], [78.953788, 33.873827], [78.962389, 33.875424], [78.965966, 33.843962], [78.976968, 33.822245], [78.995678, 33.812581], [79.00475, 33.772319], [79.014771, 33.7674], [79.031547, 33.768478], [79.046603, 33.754124], [79.056973, 33.758529], [79.053518, 33.749817], [79.028181, 33.749253], [79.031909, 33.744928], [79.024572, 33.739278], [79.01174, 33.708639], [79.014121, 33.684676], [79.033038, 33.6688], [79.067458, 33.663805], [79.093514, 33.633936], [79.086769, 33.61721], [79.077183, 33.621085], [79.028581, 33.619409], [79.006885, 33.607922], [78.977597, 33.608368], [78.961744, 33.615675], [78.939396, 33.613479], [78.931671, 33.619586], [78.907888, 33.620147], [78.905185, 33.604547], [78.893359, 33.590059], [78.888221, 33.573844], [78.9142, 33.562377], [78.919032, 33.537552], [78.927831, 33.533826], [78.94405, 33.511976], [78.931839, 33.479878], [78.928429, 33.439268], [78.936551, 33.417291], [78.932576, 33.410542], [78.94208, 33.395042], [78.939012, 33.38607], [78.955561, 33.371939], [78.95211, 33.36465], [78.956366, 33.3529], [78.965283, 33.339098], [78.980605, 33.327872], [79.016766, 33.324706], [79.085417, 33.288669], [79.114975, 33.283678], [79.167162, 33.289286], [79.23347, 33.28922], [79.30309, 33.266637], [79.352313, 33.274654], [79.437341, 33.251501], [79.434795, 33.214106], [79.426989, 33.185847], [79.362149, 33.092501], [79.364067, 33.073044], [79.376891, 33.048091], [79.376059, 33.033964], [79.361862, 33.019405], [79.314622, 33.007142], [79.333908, 32.996317], [79.3447, 32.983275], [79.366709, 32.982921], [79.365438, 32.960724], [79.375014, 32.954934], [79.392793, 32.958254], [79.432574, 32.925239], [79.47136, 32.867231], [79.486308, 32.861956], [79.541163, 32.782599], [79.562441, 32.769341], [79.582453, 32.771556], [79.604513, 32.732567], [79.56166, 32.687391], [79.55217, 32.66957], [79.534697, 32.662916], [79.521976, 32.634522], [79.478008, 32.589282], [79.445641, 32.571663], [79.423881, 32.526988], [79.400612, 32.522876], [79.375877, 32.531498], [79.369673, 32.544666], [79.368885, 32.56821], [79.332223, 32.580075], [79.31605, 32.592981], [79.304157, 32.592314], [79.290837, 32.581633], [79.289942, 32.563604], [79.262329, 32.534358], [79.249611, 32.525648], [79.230368, 32.527662], [79.220595, 32.508255], [79.184703, 32.479447], [79.128407, 32.477504], [79.11489, 32.470447], [79.112396, 32.462701], [79.126478, 32.446676], [79.128633, 32.426783], [79.119368, 32.413989], [79.104508, 32.409803], [79.09725, 32.375826], [79.063548, 32.386341], [79.011936, 32.383069], [78.99642, 32.377412], [78.976605, 32.344712], [78.962746, 32.337462], [78.937439, 32.371519], [78.917146, 32.376514], [78.893255, 32.389746], [78.84048, 32.428851], [78.837711, 32.438764], [78.81077, 32.438673], [78.805744, 32.443002], [78.799031, 32.467627], [78.779668, 32.492533], [78.768458, 32.528692], [78.770907, 32.538556], [78.757061, 32.5607], [78.75802, 32.572707], [78.777305, 32.590665], [78.780154, 32.603854], [78.766117, 32.629775], [78.740141, 32.655506], [78.751645, 32.687969], [78.749819, 32.697931], [78.743732, 32.697512], [78.725653, 32.675146], [78.702825, 32.659497], [78.646451, 32.654079], [78.63848, 32.647098], [78.622513, 32.614066], [78.603881, 32.600061], [78.597597, 32.599248], [78.571131, 32.617059], [78.558935, 32.619965], [78.537558, 32.610882], [78.515751, 32.610293], [78.489457, 32.584827], [78.453739, 32.584583], [78.419721, 32.562031], [78.41438, 32.536423], [78.397452, 32.525741], [78.411872, 32.521591], [78.421827, 32.506261], [78.452466, 32.50398], [78.465987, 32.481231], [78.453148, 32.46753], [78.452809, 32.456411], [78.483376, 32.438683], [78.489301, 32.420192], [78.515182, 32.423529], [78.532187, 32.415923], [78.512728, 32.392979], [78.507646, 32.372455], [78.494261, 32.363504], [78.478157, 32.342022], [78.480592, 32.279906], [78.471264, 32.260811], [78.451569, 32.239493], [78.498654, 32.238101], [78.553067, 32.248026], [78.570676, 32.241838], [78.60453, 32.215198], [78.6096, 32.20456], [78.606167, 32.169929], [78.590477, 32.150575], [78.608926, 32.135578], [78.615088, 32.111414], [78.655213, 32.109071], [78.667147, 32.099187], [78.67485, 32.070857], [78.69424, 32.060063], [78.717665, 32.028769], [78.733202, 32.018836], [78.745575, 32.002188], [78.76412, 32.001015], [78.778347, 31.994358], [78.770939, 31.973481], [78.777962, 31.964862], [78.766326, 31.961129], [78.762408, 31.948782], [78.767661, 31.943697], [78.768026, 31.930593], [78.74348, 31.902026], [78.745885, 31.892977], [78.739719, 31.88613], [78.748184, 31.871903], [78.742379, 31.863678], [78.743107, 31.838253], [78.720602, 31.826349], [78.704373, 31.810943], [78.704754, 31.775555], [78.724218, 31.757566], [78.728967, 31.73394], [78.741468, 31.71895], [78.751754, 31.694771], [78.750622, 31.681647], [78.766139, 31.675355], [78.797079, 31.683176], [78.798142, 31.657545], [78.803101, 31.645845], [78.839742, 31.623818], [78.846115, 31.60828], [78.840329, 31.598771], [78.830449, 31.595545], [78.821157, 31.579499], [78.808037, 31.578024], [78.804671, 31.568826], [78.780944, 31.556815], [78.773798, 31.545911], [78.760166, 31.549755], [78.755858, 31.543015], [78.731866, 31.535236], [78.720991, 31.507233], [78.725495, 31.484182], [78.76325, 31.485488], [78.775434, 31.469713], [78.809698, 31.447622], [78.806639, 31.41267], [78.790586, 31.401517], [78.790534, 31.396044], [78.830851, 31.383202], [78.848333, 31.367272], [78.854175, 31.34533], [78.842997, 31.325], [78.854073, 31.322433], [78.872169, 31.307688], [78.881414, 31.296074], [78.893488, 31.26541], [78.920781, 31.253914], [78.927981, 31.256333], [78.929986, 31.281892], [78.938738, 31.301381], [78.939368, 31.326472], [78.951071, 31.33722], [79.010832, 31.357083], [79.023737, 31.396366], [79.051511, 31.419792], [79.05247, 31.446936], [79.061738, 31.461347], [79.070457, 31.460105], [79.090002, 31.444994], [79.127423, 31.434859], [79.143567, 31.425466], [79.173746, 31.395465], [79.199283, 31.35653], [79.246475, 31.330039], [79.239213, 31.314207], [79.265773, 31.293213], [79.271856, 31.283186], [79.252393, 31.266004], [79.251866, 31.243017], [79.280171, 31.234955], [79.292623, 31.221218], [79.303165, 31.190374], [79.300955, 31.167807], [79.317481, 31.136721], [79.332525, 31.127346], [79.398803, 31.107786], [79.407727, 31.076991], [79.424568, 31.071074], [79.42476, 31.030492], [79.445596, 31.028047], [79.491606, 31.033545], [79.519035, 31.026706], [79.55654, 30.960738], [79.598605, 30.93819], [79.654392, 30.962232], [79.670777, 30.979257], [79.703295, 30.972712], [79.729571, 30.980309], [79.75729, 30.997972], [79.769361, 30.988551], [79.808459, 30.97633], [79.864339, 30.969778], [79.884448, 30.943047], [79.890256, 30.918637], [79.910387, 30.915068], [79.929096, 30.882433], [79.962153, 30.89002], [79.969661, 30.882446], [79.992499, 30.876939], [80.042034, 30.835816], [80.056018, 30.841506], [80.057466, 30.829405], [80.07675, 30.815499], [80.089007, 30.794077], [80.110908, 30.779295], [80.122422, 30.777356], [80.143537, 30.789755], [80.157372, 30.788728], [80.1542, 30.799735], [80.158149, 30.805885], [80.177771, 30.804055], [80.203219, 30.776515], [80.200098, 30.764719], [80.214909, 30.749062], [80.239664, 30.762059], [80.241066, 30.750763], [80.250511, 30.737137], [80.247622, 30.71781], [80.236874, 30.707471], [80.236422, 30.690384], [80.199712, 30.683047], [80.197164, 30.661978], [80.221169, 30.641816], [80.221823, 30.633342], [80.211671, 30.62242], [80.217089, 30.608363], [80.228802, 30.603495], [80.22683, 30.578945], [80.248909, 30.5687], [80.25776, 30.558836], [80.261707, 30.565059], [80.277026, 30.56583], [80.283067, 30.572193], [80.318859, 30.559379], [80.360612, 30.527349], [80.385592, 30.51505], [80.415579, 30.525335], [80.419477, 30.515183], [80.447692, 30.49765], [80.498331, 30.484173], [80.517104, 30.473176], [80.539078, 30.449197], [80.547605, 30.448589], [80.551424, 30.460892], [80.569849, 30.466624], [80.580204, 30.480932], [80.598009, 30.478766], [80.652024, 30.444291], [80.678075, 30.437447], [80.713523, 30.408169], [80.751969, 30.393504], [80.783585, 30.357849], [80.787331, 30.342613], [80.821571, 30.315558], [80.862721, 30.299473], [81.005545, 30.263092], [81.012429, 30.254947], [81.033208, 30.24639], [81.025909, 30.226951], [81.030439, 30.225759], [81.029437, 30.219552], [81.044858, 30.211444], [81.044094, 30.205832], [81.031056, 30.19638], [80.994698, 30.191365], [80.960047, 30.178992], [80.944423, 30.178688], [80.918281, 30.189834], [80.919719, 30.214196], [80.902733, 30.215381], [80.881973, 30.183696], [80.867764, 30.173866], [80.876831, 30.134386], [80.874146, 30.125583], [80.844723, 30.116227], [80.841887, 30.111171], [80.846015, 30.104385], [80.839766, 30.098712], [80.820713, 30.099693], [80.805614, 30.089989], [80.77954, 30.056806], [80.761032, 30.049517], [80.755889, 30.039851], [80.757722, 30.024199], [80.746771, 30.00578], [80.737396, 29.999427], [80.718965, 30.000579], [80.674548, 29.957215], [80.648786, 29.955734], [80.629567, 29.965426], [80.601848, 29.958127], [80.57411, 29.924038], [80.569706, 29.908745], [80.572385, 29.894889], [80.556777, 29.870358], [80.561266, 29.866445], [80.551383, 29.856362], [80.553122, 29.851336], [80.538727, 29.847498], [80.535663, 29.838899], [80.52195, 29.827432], [80.506677, 29.82302], [80.492609, 29.801731], [80.493857, 29.795805], [80.479988, 29.795393], [80.464325, 29.802379], [80.443473, 29.799258], [80.435028, 29.805974], [80.428672, 29.797847], [80.412698, 29.79165], [80.406947, 29.794741], [80.407245, 29.784087], [80.396269, 29.765284], [80.397373, 29.758908], [80.385768, 29.759057], [80.385274, 29.750457], [80.365866, 29.748415], [80.364315, 29.740145], [80.369605, 29.734001], [80.365636, 29.726378], [80.375872, 29.720045], [80.372075, 29.715488], [80.384863, 29.685468], [80.38417, 29.67509], [80.390399, 29.664506], [80.415848, 29.652578], [80.414321, 29.643513], [80.420258, 29.638333], [80.420875, 29.629851], [80.410983, 29.62543], [80.405979, 29.613296], [80.407939, 29.595972], [80.391007, 29.581158], [80.388053, 29.571465], [80.379106, 29.571576], [80.378486, 29.561053], [80.363068, 29.563934], [80.363584, 29.556362], [80.34247, 29.552773], [80.345627, 29.548605], [80.341523, 29.540544], [80.357882, 29.532767], [80.348627, 29.524358], [80.34967, 29.519208], [80.341708, 29.510284], [80.332126, 29.512937], [80.329202, 29.505751], [80.314222, 29.499431], [80.313062, 29.484815], [80.298732, 29.490608], [80.293519, 29.479581], [80.286935, 29.476977], [80.301784, 29.452776], [80.280831, 29.451599], [80.275673, 29.458517], [80.269069, 29.455539], [80.274367, 29.450123], [80.257311, 29.451738], [80.24224, 29.442876], [80.247634, 29.435591], [80.242151, 29.411376], [80.275117, 29.393009], [80.27309, 29.386208], [80.279159, 29.378839], [80.27158, 29.37378], [80.271374, 29.364689], [80.279956, 29.359068], [80.280058, 29.347023], [80.295761, 29.324526], [80.309194, 29.322527], [80.316881, 29.315249], [80.318392, 29.302326], [80.304162, 29.284684], [80.300189, 29.241639], [80.290575, 29.231667], [80.297376, 29.204926], [80.292984, 29.196998], [80.28595, 29.195846], [80.27567, 29.206659], [80.26039, 29.206913], [80.257398, 29.217978], [80.248797, 29.221228], [80.240538, 29.202543], [80.258735, 29.187025], [80.258249, 29.164773], [80.272052, 29.141296], [80.255342, 29.137349], [80.233044, 29.118487], [80.209693, 29.121974], [80.203089, 29.129688], [80.18319, 29.137185], [80.142868, 29.099523], [80.129415, 29.062721], [80.137185, 29.060469], [80.126369, 29.031939], [80.131243, 29.030499], [80.124505, 29.013069], [80.135419, 29.007396], [80.126687, 29.006106], [80.117924, 28.981547], [80.100547, 28.986904], [80.058469, 28.916626], [80.064776, 28.837664], [80.074819, 28.824487], [80.118052, 28.82898], [80.170687, 28.782819], [80.215986, 28.755568], [80.234768, 28.759432], [80.256581, 28.754252], [80.265573, 28.743606], [80.26255, 28.732908], [80.256519, 28.729248], [80.279151, 28.709716], [80.293482, 28.711742], [80.317122, 28.700143], [80.325727, 28.666478], [80.360275, 28.645815], [80.357088, 28.64149], [80.360995, 28.635263], [80.376353, 28.628943], [80.420817, 28.639892], [80.435994, 28.636651], [80.442718, 28.628806], [80.450845, 28.62954], [80.463696, 28.616083], [80.460301, 28.614391], [80.472036, 28.591041], [80.468677, 28.58353], [80.481443, 28.585315], [80.505755, 28.568488], [80.517624, 28.55196], [80.522779, 28.552998], [80.530595, 28.572621], [80.521537, 28.576747], [80.503378, 28.665143], [80.506128, 28.67118], [80.53953, 28.690756], [80.568657, 28.688133], [80.59052, 28.680037], [80.580245, 28.661459], [80.597425, 28.656049], [80.589448, 28.648037], [80.606197, 28.652431], [80.611613, 28.639521], [80.633291, 28.637478], [80.641418, 28.643323], [80.651297, 28.634066], [80.667625, 28.642189], [80.670842, 28.627937], [80.679741, 28.621089], [80.677467, 28.604446], [80.695787, 28.603476], [80.690446, 28.587596], [80.714533, 28.568405], [80.724403, 28.575293], [80.738463, 28.566388], [80.7383, 28.574827], [80.768601, 28.565907], [80.769711, 28.549947], [80.7896, 28.543388], [80.784608, 28.529361], [80.789134, 28.524474], [80.815446, 28.520709], [80.844537, 28.495754], [80.855631, 28.49756], [80.865949, 28.489584], [80.861522, 28.504394], [80.875435, 28.510708], [80.896094, 28.507019], [80.90874, 28.49811], [80.901493, 28.486343], [80.905556, 28.466367], [80.915415, 28.457637], [80.914148, 28.468428], [80.919543, 28.464225], [80.917217, 28.460045], [80.930518, 28.457775], [80.942568, 28.46889], [80.945549, 28.46626], [80.932021, 28.458891], [80.95143, 28.455781], [80.951727, 28.44764], [80.964161, 28.449617], [80.966995, 28.457154], [80.980167, 28.455242], [80.964643, 28.444838], [80.967867, 28.443032], [80.964969, 28.437914], [80.978834, 28.434152], [80.977646, 28.442422], [80.988949, 28.441536], [80.998887, 28.453059], [81.016757, 28.451289], [81.012609, 28.43782], [81.019283, 28.431467], [81.029424, 28.438795], [81.034203, 28.428179], [81.017532, 28.415473], [81.033834, 28.398898], [81.035673, 28.413577], [81.046987, 28.410426], [81.079739, 28.38506], [81.210597, 28.360833], [81.234482, 28.324739], [81.232639, 28.289148], [81.286014, 28.228717], [81.320944, 28.197554], [81.318442, 28.182515], [81.324663, 28.175287], [81.321347, 28.168886], [81.302004, 28.164763], [81.31206, 28.155898], [81.320384, 28.160284], [81.328059, 28.148082], [81.318257, 28.145193], [81.318031, 28.133672], [81.334774, 28.140286], [81.371076, 28.143492], [81.37758, 28.156624], [81.367018, 28.163093], [81.373515, 28.177301], [81.417686, 28.173744], [81.446684, 28.161016], [81.449934, 28.140851], [81.484005, 28.118566], [81.478276, 28.082713], [81.547425, 28.049303], [81.618067, 28.009456], [81.623983, 28.001635], [81.643756, 27.993618], [81.698441, 27.988191], [81.80494, 27.90332], [81.821135, 27.903624], [81.834093, 27.897229], [81.884958, 27.856951], [81.900117, 27.853576], [81.92585, 27.859831], [81.925229, 27.875328], [81.968324, 27.929121], [82.069961, 27.923646], [82.091091, 27.894545], [82.113921, 27.878224], [82.121382, 27.865846], [82.14847, 27.858369], [82.154008, 27.866808], [82.208307, 27.843579], [82.230438, 27.821135], [82.252711, 27.810352], [82.303457, 27.772833], [82.367716, 27.742919], [82.382728, 27.72076], [82.401724, 27.703723], [82.44867, 27.679315], [82.473308, 27.676673], [82.48204, 27.68316], [82.489888, 27.681652], [82.516609, 27.690558], [82.541282, 27.685699], [82.585095, 27.699051], [82.594079, 27.697373], [82.605193, 27.706068], [82.618869, 27.702331], [82.627346, 27.711437], [82.638068, 27.709114], [82.655241, 27.713457], [82.664318, 27.722639], [82.6658, 27.715943], [82.680895, 27.713906], [82.699126, 27.721952], [82.705089, 27.716627], [82.707653, 27.722916], [82.706075, 27.701697], [82.71834, 27.687361], [82.712968, 27.670848], [82.715575, 27.667634], [82.711501, 27.66529], [82.720222, 27.661823], [82.720186, 27.657535], [82.725558, 27.658574], [82.732106, 27.649142], [82.728866, 27.645793], [82.736602, 27.643453], [82.736669, 27.625961], [82.731123, 27.623851], [82.736517, 27.622424], [82.735115, 27.609933], [82.755767, 27.587799], [82.747421, 27.572521], [82.750849, 27.564912], [82.743516, 27.560292], [82.74695, 27.555559], [82.738282, 27.551872], [82.737765, 27.546556], [82.741975, 27.54606], [82.741957, 27.531655], [82.747162, 27.531294], [82.749648, 27.522568], [82.7419, 27.520733], [82.743169, 27.516516], [82.736787, 27.517891], [82.735547, 27.502352], [82.80144, 27.496398], [82.83251, 27.501939], [82.865846, 27.498558], [82.929295, 27.501169], [82.954092, 27.467733], [83.034574, 27.448723], [83.165716, 27.45746], [83.187948, 27.454316], [83.218831, 27.41622], [83.272152, 27.383349], [83.265374, 27.365402], [83.272427, 27.352628], [83.291628, 27.334925], [83.317588, 27.330164], [83.317839, 27.337416], [83.337168, 27.332633], [83.359234, 27.343262], [83.357892, 27.350718], [83.373762, 27.357215], [83.374636, 27.369997], [83.387682, 27.375618], [83.38451, 27.390167], [83.402316, 27.400876], [83.409342, 27.412806], [83.38391, 27.436277], [83.383508, 27.442242], [83.397615, 27.448247], [83.401739, 27.457539], [83.402425, 27.466186], [83.388263, 27.470778], [83.392227, 27.475915], [83.388175, 27.479755], [83.614265, 27.469437], [83.831783, 27.370388], [83.863782, 27.346786], [83.881612, 27.367695], [83.883261, 27.378278], [83.862112, 27.392863], [83.856623, 27.404309], [83.832583, 27.425551], [83.846983, 27.445856], [83.878304, 27.435451], [83.91165, 27.440726], [83.93245, 27.450144], [83.940932, 27.448446], [83.947079, 27.440751], [83.967314, 27.446098], [83.978085, 27.439689], [83.996687, 27.44605], [83.998378, 27.441053], [84.005282, 27.442458], [84.026927, 27.433541], [84.027416, 27.439676], [84.051563, 27.442632], [84.061156, 27.452713], [84.059085, 27.461574], [84.069692, 27.480798], [84.094838, 27.489019], [84.097697, 27.517093], [84.108709, 27.521777], [84.124188, 27.510842], [84.145857, 27.518658], [84.151373, 27.516673], [84.150214, 27.500899], [84.144562, 27.496404], [84.14913, 27.485908], [84.162872, 27.484158], [84.171, 27.475414], [84.1795, 27.475788], [84.186897, 27.470093], [84.194979, 27.47354], [84.205425, 27.470427], [84.209465, 27.465606], [84.204218, 27.459464], [84.208927, 27.4426], [84.220713, 27.441175], [84.220634, 27.448107], [84.230834, 27.456285], [84.254261, 27.45405], [84.260087, 27.445575], [84.258517, 27.439195], [84.273052, 27.428456], [84.278339, 27.415808], [84.276915, 27.395755], [84.283106, 27.396525], [84.292382, 27.384812], [84.300494, 27.390656], [84.333107, 27.377265], [84.364291, 27.373188], [84.373606, 27.3766], [84.391885, 27.367988], [84.440443, 27.37048], [84.44688, 27.363508], [84.470342, 27.354711], [84.476357, 27.362316], [84.51384, 27.352674], [84.566388, 27.347249], [84.60643, 27.335668], [84.621893, 27.336927], [84.651255, 27.292353], [84.691144, 27.214822], [84.684698, 27.212846], [84.687177, 27.208902], [84.680261, 27.20014], [84.683506, 27.196249], [84.679689, 27.18517], [84.685717, 27.181049], [84.675651, 27.171237], [84.681161, 27.16889], [84.677107, 27.162627], [84.686777, 27.158367], [84.680493, 27.151755], [84.683844, 27.143548], [84.677592, 27.133164], [84.676841, 27.115187], [84.669769, 27.109555], [84.67486, 27.108863], [84.67449, 27.095906], [84.664378, 27.094592], [84.670318, 27.091048], [84.654644, 27.083882], [84.658451, 27.079861], [84.64616, 27.075647], [84.643394, 27.046144], [84.75674, 27.002846], [84.773421, 27.017736], [84.782737, 27.014112], [84.784798, 27.007581], [84.788993, 27.008912], [84.786184, 26.998521], [84.793561, 26.995838], [84.797253, 27.004223], [84.800466, 27.000881], [84.80806, 27.007621], [84.808535, 27.018064], [84.825402, 27.020913], [84.855047, 27.007688], [84.84962, 26.997703], [84.857775, 26.997625], [84.855709, 26.986387], [84.858791, 26.989169], [84.888015, 26.977621], [84.891576, 26.969675], [84.896557, 26.973064], [84.96258, 26.960526], [84.978508, 26.940086], [84.975169, 26.939258], [84.976909, 26.932276], [84.970334, 26.928953], [84.968064, 26.916145], [85.000063, 26.911877], [85.002268, 26.903727], [84.995422, 26.906462], [84.992835, 26.903003], [85.004956, 26.894737], [85.061197, 26.886585], [85.05619, 26.881061], [85.049326, 26.884563], [85.05339, 26.880587], [85.044421, 26.879173], [85.042667, 26.874132], [85.038691, 26.87749], [85.030858, 26.874364], [85.03206, 26.866988], [85.026682, 26.862409], [85.030809, 26.858527], [85.02397, 26.854377], [85.057508, 26.84905], [85.058011, 26.855855], [85.063314, 26.858181], [85.064125, 26.849535], [85.078216, 26.858658], [85.08388, 26.853533], [85.089873, 26.859655], [85.086464, 26.866806], [85.105385, 26.871696], [85.134972, 26.867728], [85.139953, 26.871121], [85.190842, 26.869824], [85.191213, 26.830816], [85.176736, 26.809622], [85.182477, 26.80072], [85.18058, 26.795584], [85.192925, 26.790399], [85.1915, 26.782068], [85.197261, 26.76967], [85.211032, 26.758428], [85.239994, 26.761958], [85.260557, 26.755383], [85.307104, 26.751936], [85.334511, 26.741668], [85.355387, 26.760134], [85.375109, 26.760911], [85.384437, 26.774265], [85.398123, 26.778857], [85.407738, 26.791346], [85.426182, 26.786082], [85.432669, 26.790087], [85.451914, 26.781377], [85.477901, 26.792883], [85.479183, 26.802147], [85.495643, 26.797033], [85.497698, 26.811901], [85.507132, 26.816682], [85.519713, 26.814554], [85.543288, 26.838382], [85.553648, 26.834518], [85.557825, 26.844308], [85.565983, 26.841102], [85.575557, 26.860993], [85.578265, 26.856751], [85.583872, 26.858131], [85.585665, 26.847359], [85.607079, 26.857532], [85.623893, 26.873783], [85.634554, 26.872212], [85.642423, 26.853269], [85.681033, 26.843217], [85.721131, 26.820358], [85.734479, 26.795872], [85.728723, 26.749842], [85.733981, 26.737133], [85.728046, 26.729808], [85.723319, 26.699823], [85.723629, 26.674249], [85.73671, 26.664164], [85.732247, 26.653862], [85.748597, 26.63885], [85.769824, 26.62987], [85.801768, 26.62427], [85.803595, 26.61496], [85.817739, 26.6028], [85.830619, 26.601623], [85.831195, 26.611541], [85.851265, 26.608657], [85.858085, 26.589883], [85.848591, 26.576982], [85.851419, 26.56849], [85.856778, 26.572258], [85.858651, 26.56894], [85.879743, 26.584121], [85.887847, 26.583193], [85.891992, 26.594712], [85.900721, 26.595028], [85.900547, 26.600466], [85.912888, 26.604484], [85.913855, 26.608837], [85.92708, 26.609794], [85.929104, 26.616815], [85.948179, 26.613962], [85.946429, 26.621837], [85.955638, 26.630861], [85.953342, 26.643658], [85.960122, 26.651011], [85.975812, 26.658451], [86.011616, 26.655171], [86.012108, 26.659863], [86.02758, 26.666787], [86.069802, 26.65734], [86.074049, 26.649744], [86.119576, 26.630062], [86.138764, 26.628849], [86.141054, 26.616799], [86.13633, 26.606336], [86.171445, 26.617043], [86.19224, 26.614841], [86.1963, 26.593943], [86.205475, 26.596646], [86.217677, 26.58848], [86.234364, 26.590695], [86.234777, 26.598127], [86.249222, 26.609002], [86.252688, 26.617108], [86.293044, 26.613106], [86.307854, 26.619963], [86.33289, 26.619137], [86.344836, 26.616913], [86.339075, 26.608934], [86.341497, 26.605937], [86.397104, 26.593322], [86.395219, 26.585062], [86.455938, 26.567971], [86.498634, 26.542096], [86.515508, 26.53922], [86.523354, 26.543608], [86.541549, 26.538723], [86.570251, 26.496563], [86.621089, 26.484152], [86.629596, 26.477629], [86.626937, 26.467026], [86.63345, 26.464318], [86.693225, 26.451198], [86.700311, 26.43724], [86.720268, 26.434857], [86.731398, 26.422616], [86.747222, 26.428177], [86.74397, 26.435611], [86.764093, 26.45155], [86.766496, 26.459441], [86.833769, 26.439098], [86.846889, 26.441949], [86.845861, 26.448303], [86.855917, 26.448648], [86.861414, 26.457946], [86.873372, 26.45405], [86.89423, 26.461927], [86.891676, 26.486189], [86.929995, 26.489684], [86.932159, 26.516954], [86.959525, 26.520394], [86.961344, 26.524041], [86.975307, 26.520054], [86.97941, 26.525146], [86.990879, 26.52308], [87.01536, 26.532044], [87.04247, 26.568306], [87.044674, 26.587234], [87.071822, 26.585814], [87.07282, 26.541955], [87.080502, 26.521401], [87.091651, 26.450292], [87.139309, 26.414795], [87.162562, 26.403895], [87.189202, 26.405338], [87.185794, 26.414209], [87.212422, 26.413047], [87.211091, 26.409193], [87.219126, 26.402835], [87.228824, 26.413586], [87.261052, 26.40927], [87.266256, 26.405647], [87.266015, 26.373875], [87.289549, 26.37372], [87.301593, 26.36612], [87.312534, 26.371569], [87.341093, 26.347519], [87.358405, 26.361054], [87.353521, 26.372022], [87.356388, 26.387927], [87.368893, 26.407938], [87.37619, 26.407024], [87.388552, 26.419096], [87.42786, 26.422372], [87.463772, 26.439509], [87.516545, 26.430789], [87.547704, 26.418375], [87.553014, 26.405663], [87.587964, 26.392348], [87.587244, 26.381884], [87.604772, 26.38087], [87.612291, 26.390099], [87.651868, 26.393451], [87.650203, 26.405957], [87.678128, 26.415835], [87.677558, 26.435456], [87.692306, 26.435662], [87.698298, 26.428343], [87.711073, 26.427476], [87.722301, 26.419504], [87.723081, 26.412527], [87.73394, 26.407611], [87.739317, 26.417593], [87.748439, 26.417952], [87.753878, 26.407973], [87.76476, 26.409882], [87.767388, 26.418148], [87.77617, 26.42183], [87.772981, 26.420217], [87.776058, 26.425187], [87.770467, 26.427519], [87.775417, 26.42696], [87.772651, 26.429965], [87.777908, 26.435664], [87.773011, 26.435993], [87.777906, 26.442233], [87.774015, 26.450357], [87.788319, 26.460745], [87.789515, 26.469431], [87.829732, 26.45002], [87.828328, 26.440004], [87.848828, 26.436463], [87.851027, 26.445282], [87.861425, 26.448882], [87.858433, 26.463902], [87.88598, 26.476413], [87.888294, 26.48676], [87.900207, 26.477282], [87.909808, 26.457563], [87.898739, 26.44871], [87.925143, 26.444839], [87.924534, 26.43847], [87.91599, 26.431833], [87.925827, 26.428063], [87.926942, 26.417801], [87.96598, 26.397194], [87.99192, 26.392563], [87.992638, 26.369388], [88.00674, 26.360961], [88.030708, 26.364906], [88.027683, 26.371021], [88.031791, 26.378036], [88.027417, 26.381604], [88.034638, 26.391936], [88.047696, 26.401019], [88.05576, 26.400422], [88.060055, 26.409496], [88.071403, 26.408068], [88.069694, 26.413611], [88.095573, 26.438849], [88.097088, 26.452047], [88.092189, 26.463263], [88.103065, 26.465561], [88.097874, 26.472495], [88.10708, 26.475695], [88.100271, 26.480209], [88.105549, 26.489079], [88.098616, 26.505893], [88.09028, 26.507235], [88.096362, 26.511297], [88.095127, 26.51637], [88.103027, 26.518215], [88.103716, 26.536024], [88.098022, 26.537838], [88.111601, 26.545053], [88.105479, 26.550752], [88.105651, 26.561089], [88.113646, 26.558666], [88.112668, 26.571741], [88.119258, 26.568272], [88.117907, 26.574578], [88.12375, 26.572603], [88.125287, 26.577777], [88.130532, 26.573864], [88.130027, 26.601131], [88.139324, 26.606638], [88.142208, 26.625648], [88.160399, 26.636359], [88.167178, 26.699229], [88.181748, 26.71951], [88.187236, 26.748233], [88.187942, 26.771844], [88.177266, 26.804718], [88.179094, 26.81616], [88.172351, 26.825771], [88.173753, 26.834214], [88.167823, 26.837624], [88.167711, 26.849712], [88.174904, 26.853049], [88.174085, 26.865299], [88.15715, 26.885297], [88.13648, 26.89855], [88.144843, 26.922522], [88.120315, 26.950681], [88.124578, 26.971832], [88.134658, 26.986025], [88.117242, 26.98752], [88.098809, 27.004182], [88.092257, 27.004565], [88.07777, 27.035404], [88.059586, 27.029407], [88.037874, 27.03632], [88.016147, 27.073658], [88.0211, 27.087785], [88.002733, 27.104578], [87.991351, 27.105076], [87.986988, 27.119034], [87.991427, 27.130752], [88.007425, 27.143132], [88.011596, 27.166258], [88.019404, 27.171178], [88.012577, 27.177929], [88.016258, 27.196393], [88.011805, 27.20352], [88.01572, 27.210717], [88.012482, 27.216074], [88.018985, 27.224969], [88.01938, 27.23573], [88.031019, 27.249877], [88.032104, 27.286351], [88.044513, 27.293047], [88.041584, 27.304044], [88.052395, 27.324183], [88.067062, 27.335734], [88.05769, 27.356216], [88.04898, 27.360174], [88.041713, 27.372729], [88.046913, 27.405943], [88.055614, 27.418264], [88.074241, 27.426847], [88.075193, 27.433216], [88.067939, 27.438373], [88.072553, 27.445785], [88.064467, 27.453647], [88.066988, 27.457864], [88.044269, 27.47819], [88.04425, 27.495946], [88.061964, 27.512159], [88.058499, 27.520392], [88.066345, 27.527344], [88.058798, 27.534906], [88.068912, 27.546195], [88.069113, 27.554824], [88.081189, 27.565124], [88.075523, 27.571651], [88.081807, 27.584029], [88.090319, 27.595647], [88.113972, 27.610272], [88.12038, 27.645249], [88.144659, 27.664946], [88.15433, 27.691873], [88.147756, 27.702875], [88.155557, 27.717382], [88.15639, 27.73619], [88.158652, 27.740628], [88.178551, 27.746226], [88.182309, 27.775708], [88.197268, 27.791351], [88.187463, 27.8011], [88.185679, 27.810587], [88.173582, 27.820236], [88.202346, 27.83715], [88.196558, 27.853745], [88.179189, 27.856407], [88.165014, 27.868223], [88.133342, 27.882074], [88.138198, 27.889592], [88.120271, 27.915767], [88.138637, 27.937931], [88.132596, 27.94915], [88.145969, 27.964354], [88.184623, 27.943036], [88.206937, 27.941109], [88.209778, 27.962264], [88.225147, 27.960608], [88.237229, 27.970718], [88.250076, 27.941102], [88.260339, 27.947096], [88.265231, 27.956719], [88.27638, 27.955622], [88.287615, 27.96749], [88.306802, 27.966486], [88.315278, 27.977552], [88.330539, 27.972799], [88.331802, 27.981581], [88.347382, 27.988835], [88.374397, 27.98944], [88.379555, 27.982047], [88.396885, 27.977745], [88.407826, 27.982068], [88.414405, 27.999695], [88.468199, 28.016526], [88.479904, 28.043525], [88.489074, 28.045185], [88.494677, 28.054393], [88.508011, 28.042247], [88.519358, 28.044014], [88.521766, 28.036301], [88.547884, 28.035801], [88.55481, 28.073573], [88.551201, 28.08237], [88.565988, 28.091419], [88.58361, 28.084129], [88.590013, 28.090007], [88.600471, 28.089894], [88.606377, 28.099647], [88.618377, 28.099675], [88.616451, 28.118002], [88.607429, 28.124151], [88.608812, 28.129395], [88.631945, 28.122367], [88.645325, 28.099907], [88.664865, 28.087182], [88.670225, 28.074325], [88.678387, 28.072407], [88.686191, 28.080017], [88.757172, 28.078492], [88.774615, 28.06519], [88.77762, 28.057099], [88.794589, 28.051631], [88.805018, 28.033053], [88.816264, 28.024277], [88.837356, 28.017669], [88.843499, 27.992655], [88.842527, 27.952359], [88.836304, 27.929152], [88.860243, 27.928457], [88.86697, 27.919622], [88.871408, 27.900636], [88.881912, 27.889019], [88.87699, 27.87741], [88.887072, 27.856499], [88.882411, 27.851942], [88.880123, 27.829905], [88.856368, 27.815923], [88.860312, 27.801889], [88.85379, 27.75567], [88.868246, 27.742223], [88.863021, 27.739839], [88.855126, 27.715006], [88.838633, 27.704684], [88.847357, 27.69702], [88.841546, 27.681173], [88.851945, 27.671702], [88.830083, 27.644864], [88.817055, 27.644306], [88.813752, 27.640099], [88.805724, 27.623409], [88.81163, 27.618474], [88.8104, 27.599263], [88.790498, 27.584627], [88.793072, 27.575058], [88.766141, 27.566379], [88.77433, 27.55457], [88.778859, 27.531717], [88.793507, 27.52983], [88.794464, 27.524635], [88.78335, 27.499759], [88.787001, 27.488415], [88.776766, 27.467452], [88.782263, 27.449899], [88.794576, 27.445677], [88.791242, 27.437507], [88.79504, 27.428296], [88.809002, 27.42366], [88.803806, 27.414629], [88.805637, 27.406492], [88.821322, 27.39908], [88.821119, 27.39277], [88.830683, 27.388806], [88.837614, 27.378132], [88.860452, 27.387136], [88.865394, 27.365322], [88.881072, 27.359618], [88.882129, 27.344022], [88.906137, 27.327237], [88.915916, 27.329791], [88.91926, 27.320619], [88.908773, 27.303957], [88.913565, 27.290091], [88.903289, 27.272586], [88.879109, 27.261139], [88.866586, 27.264632], [88.831428, 27.262185], [88.803096, 27.247836], [88.803268, 27.219998], [88.787958, 27.184115], [88.764608, 27.177017], [88.757191, 27.165387], [88.7604, 27.152702], [88.746059, 27.14426], [88.77374, 27.135267], [88.802033, 27.139495], [88.811696, 27.126867], [88.839859, 27.116358], [88.842479, 27.111153], [88.870047, 27.109812], [88.875641, 27.089645], [88.875027, 27.070401], [88.881172, 27.061997], [88.876356, 27.045041], [88.881031, 27.037714], [88.87028, 26.995746], [88.874484, 26.982566], [88.871105, 26.962524], [88.877139, 26.944365], [88.921684, 26.993927], [88.952475, 26.968407], [88.953612, 26.94734], [88.943924, 26.934147], [88.980346, 26.917186], [89.021572, 26.940686], [89.029986, 26.923122], [89.040764, 26.92295], [89.050896, 26.91597], [89.048858, 26.899114], [89.069447, 26.903688], [89.095699, 26.891673], [89.09251, 26.872598], [89.106249, 26.860352], [89.100694, 26.842526], [89.134483, 26.807639], [89.176295, 26.819141], [89.193515, 26.810783], [89.230431, 26.818343], [89.262395, 26.813778], [89.274648, 26.828662], [89.278552, 26.826575], [89.318495, 26.85132], [89.323123, 26.851115], [89.32681, 26.84323], [89.378982, 26.862178], [89.389771, 26.841854], [89.422851, 26.836038], [89.439479, 26.840335], [89.45035, 26.83081], [89.450067, 26.817987], [89.469526, 26.802693], [89.494635, 26.80317], [89.512218, 26.814319], [89.533874, 26.814734], [89.548431, 26.809216], [89.560169, 26.81286], [89.565901, 26.799353], [89.613961, 26.786046], [89.620915, 26.777506], [89.631823, 26.783055], [89.649869, 26.776739], [89.653268, 26.766881], [89.643888, 26.760341], [89.643522, 26.748541], [89.622417, 26.738946], [89.617448, 26.729307], [89.623779, 26.718449], [89.631102, 26.718828], [89.635133, 26.725007], [89.649952, 26.717338], [89.657874, 26.718653], [89.671755, 26.73981], [89.6899, 26.73308], [89.700275, 26.737343], [89.71791, 26.729758], [89.724084, 26.722288], [89.752805, 26.735313], [89.758678, 26.728829], [89.754844, 26.717487], [89.771372, 26.701004], [89.812349, 26.71063], [89.863094, 26.70057], [89.864491, 26.730024], [89.858948, 26.734918], [89.862917, 26.737067], [89.898419, 26.724275], [89.967064, 26.723471], [90.008243, 26.732153], [90.049565, 26.730368], [90.13988, 26.753619], [90.194523, 26.773271], [90.187669, 26.806812], [90.20077, 26.83529], [90.225199, 26.854757], [90.2305, 26.858907], [90.248781, 26.859039], [90.300298, 26.84822], [90.347786, 26.875295], [90.357243, 26.900709], [90.417484, 26.904529], [90.546613, 26.81664], [90.634443, 26.79381], [90.646574, 26.77658], [90.675979, 26.784095], [90.693258, 26.77064], [90.717278, 26.768268], [90.742359, 26.774831], [90.816426, 26.775984], [90.956499, 26.78777], [90.956923, 26.781621], [90.991874, 26.790642], [91.05406, 26.780985], [91.097563, 26.821993], [91.145854, 26.810873], [91.236887, 26.812003], [91.277089, 26.800313], [91.296629, 26.786968], [91.337248, 26.780861], [91.376006, 26.795228], [91.407647, 26.839603], [91.445555, 26.812225], [91.495107, 26.791206], [91.592424, 26.805191], [91.625524, 26.820866], [91.689797, 26.806451], [91.704588, 26.812954], [91.720623, 26.811742], [91.824147, 26.864043], [91.859112, 26.913339], [91.891736, 26.919063], [91.964205, 26.882527], [91.983501, 26.858192], [92.017133, 26.850007], [92.056725, 26.847385], [92.102652, 26.867168], [92.101918, 26.881058], [92.116747, 26.897488], [92.115157, 26.934207], [92.118613, 26.942279], [92.11355, 26.950495], [92.120983, 26.96036], [92.118114, 26.974373], [92.104758, 26.979911], [92.108247, 26.989791], [92.103546, 27.003977], [92.095075, 27.012305], [92.078415, 27.017361], [92.081746, 27.040816], [92.056156, 27.051425], [92.044124, 27.051362], [92.030517, 27.080957], [92.030168, 27.0998], [92.023134, 27.109552], [92.035641, 27.139616], [92.026722, 27.168279], [92.037086, 27.179298], [92.058378, 27.190309], [92.072571, 27.233106], [92.059202, 27.251797], [92.037748, 27.257444], [92.045273, 27.269047], [92.073792, 27.278481], [92.086901, 27.269274], [92.119949, 27.271797], [92.124576, 27.278018], [92.122816, 27.287356], [92.088121, 27.305128], [92.064584, 27.326979], [92.062521, 27.342211], [92.048241, 27.363132], [92.05847, 27.399707], [92.043694, 27.414811], [92.042535, 27.435229], [92.026802, 27.440117], [92.022166, 27.44802], [92.02339, 27.461971], [92.01631, 27.480772], [92.007017, 27.476589], [91.994678, 27.478487], [91.989079, 27.467519], [91.978883, 27.463338], [91.972823, 27.467216], [91.95337, 27.460032], [91.943644, 27.459736], [91.923119, 27.474045], [91.897888, 27.471216], [91.887678, 27.476174], [91.871596, 27.470802], [91.864379, 27.482886], [91.848605, 27.486456], [91.841592, 27.476827], [91.825254, 27.467853], [91.813653, 27.474377], [91.798152, 27.47429], [91.766972, 27.464755], [91.76808, 27.47374], [91.762981, 27.47498], [91.732742, 27.469353], [91.714623, 27.474539], [91.71775, 27.485104], [91.713563, 27.49348], [91.695059, 27.505328], [91.652452, 27.483041], [91.64496, 27.502005], [91.624031, 27.514148], [91.612293, 27.543692], [91.59508, 27.541214], [91.582151, 27.556765], [91.583425, 27.565454], [91.566032, 27.583898], [91.570178, 27.594487], [91.584374, 27.608223], [91.562178, 27.631853], [91.573074, 27.660691], [91.593778, 27.670054], [91.59619, 27.679777], [91.604252, 27.683468], [91.60722, 27.690812], [91.628548, 27.699427], [91.626847, 27.715804], [91.631916, 27.716794], [91.637383, 27.730441], [91.634628, 27.744997], [91.641901, 27.752277], [91.645068, 27.769449], [91.637846, 27.780276], [91.635076, 27.802945], [91.614645, 27.82185], [91.600361, 27.822693], [91.581027, 27.811993], [91.566667, 27.817937], [91.567032, 27.825947], [91.554022, 27.846302], [91.55627, 27.856206], [91.569888, 27.848014], [91.576422, 27.864366], [91.591633, 27.854339], [91.597126, 27.858063], [91.607334, 27.851996], [91.667963, 27.852747], [91.698761, 27.814651], [91.733719, 27.800103], [91.769588, 27.79602], [91.80281, 27.803994], [91.81273, 27.799356], [91.823535, 27.80829], [91.830192, 27.786004], [91.845857, 27.776859], [91.8516, 27.753398], [91.86094, 27.736399], [91.872023, 27.731491], [91.873727, 27.724277], [91.882505, 27.722377], [91.902964, 27.729717], [91.923727, 27.717255], [91.948343, 27.732669], [91.954225, 27.745777], [91.965841, 27.745429], [91.968949, 27.754495], [91.989757, 27.768995], [92.003353, 27.770897], [92.025616, 27.761294], [92.049187, 27.758239], [92.151329, 27.831577], [92.221214, 27.864041], [92.245792, 27.867971], [92.267926, 27.863704], [92.277511, 27.852756], [92.28791, 27.812589], [92.310365, 27.778405], [92.382457, 27.794641], [92.384285, 27.813085], [92.388604, 27.815298], [92.415654, 27.819372], [92.441419, 27.806411], [92.456015, 27.808906], [92.499852, 27.845539], [92.520527, 27.843174], [92.53598, 27.825547], [92.555663, 27.817424], [92.616465, 27.887669], [92.668387, 27.902107], [92.738246, 27.987618], [92.740428, 27.996918], [92.719872, 28.016794], [92.70858, 28.040384], [92.691098, 28.055012], [92.663017, 28.068079], [92.687259, 28.129135], [92.759873, 28.169469], [92.786037, 28.187798], [92.800512, 28.204541], [92.81374, 28.210446], [92.817459, 28.209664], [92.820105, 28.183965], [92.833508, 28.175788], [92.897672, 28.208451], [92.921078, 28.239125], [92.9637, 28.261254], [92.976657, 28.25791], [92.993681, 28.23632], [92.999579, 28.235597], [93.029826, 28.269061], [93.023494, 28.298072], [93.028795, 28.309778], [93.094889, 28.307946], [93.114723, 28.315686], [93.131333, 28.330181], [93.175622, 28.3199], [93.19671, 28.320192], [93.221535, 28.327504], [93.228963, 28.406227], [93.220628, 28.416057], [93.188596, 28.431941], [93.184718, 28.441518], [93.21521, 28.457136], [93.234737, 28.479551], [93.279663, 28.506575], [93.294005, 28.55153], [93.307922, 28.569596], [93.302722, 28.593467], [93.317136, 28.605962], [93.331017, 28.608405], [93.33462, 28.634302], [93.338971, 28.638024], [93.362396, 28.637982], [93.419711, 28.652751], [93.45131, 28.674001], [93.475638, 28.652114], [93.483406, 28.677175], [93.494852, 28.683417], [93.521605, 28.673817], [93.530171, 28.658667], [93.575641, 28.654557], [93.641772, 28.657439], [93.686283, 28.675495], [93.734444, 28.685773], [93.748311, 28.684216], [93.777101, 28.666101], [93.843735, 28.707443], [93.85774, 28.704663], [93.902945, 28.6762], [93.930068, 28.670103], [93.963054, 28.712415], [93.969742, 28.749935], [93.996151, 28.77238], [93.996009, 28.791625], [93.986046, 28.80488], [93.99566, 28.819902], [93.996219, 28.842929], [94.028183, 28.853943], [94.045377, 28.87791], [94.15109, 28.95919], [94.167421, 29.001486], [94.218129, 29.081567], [94.296444, 29.14741], [94.337724, 29.146989], [94.365914, 29.155855], [94.378854, 29.188748], [94.404571, 29.20189], [94.433459, 29.225482], [94.471818, 29.219006], [94.54757, 29.221962], [94.575106, 29.250238], [94.581528, 29.275456], [94.599837, 29.28623], [94.611983, 29.300447], [94.626411, 29.321264], [94.627961, 29.339327], [94.633968, 29.345851], [94.68834, 29.324242], [94.750495, 29.270458], [94.798952, 29.216204], [94.794137, 29.189792], [94.804958, 29.166779], [94.816621, 29.165699], [94.848192, 29.177446], [94.894592, 29.174704], [94.908265, 29.177885], [94.91149, 29.163826], [94.918913, 29.158548], [94.964416, 29.159538], [94.992947, 29.141271], [95.023887, 29.130582], [95.01493, 29.146494], [94.982081, 29.169756], [94.990104, 29.171887], [95.039942, 29.150221], [95.094637, 29.141528], [95.124476, 29.114625], [95.153943, 29.113013], [95.188384, 29.104533], [95.248432, 29.108548], [95.252517, 29.08004], [95.247201, 29.069635], [95.262307, 29.053346], [95.299059, 29.060055], [95.36302, 29.038085], [95.41598, 29.032096], [95.433891, 29.039314], [95.447326, 29.031328], [95.487854, 29.080504], [95.489633, 29.128513], [95.494308, 29.139859], [95.501056, 29.140975], [95.531254, 29.128211], [95.541702, 29.129358], [95.544979, 29.175744], [95.533514, 29.211859], [95.584597, 29.215247], [95.586293, 29.249], [95.592519, 29.257439], [95.631694, 29.247226], [95.683124, 29.279553], [95.697628, 29.30094], [95.718048, 29.300116], [95.730157, 29.307971], [95.779239, 29.358294], [95.785085, 29.355752], [95.791818, 29.339162], [95.79843, 29.339099], [95.810345, 29.343626], [95.825099, 29.357997], [95.842629, 29.354691], [95.872838, 29.393089], [95.95464, 29.38398], [95.980697, 29.409107], [95.993996, 29.414663], [95.997096, 29.409389], [96.011864, 29.41661], [96.047964, 29.454354], [96.085377, 29.459277], [96.1031, 29.446806], [96.12673, 29.410705], [96.149704, 29.399218], [96.182196, 29.349004], [96.186791, 29.330625], [96.182525, 29.314871], [96.185807, 29.304697], [96.214032, 29.258421], [96.227187, 29.245905], [96.301255, 29.242159], [96.316537, 29.256348], [96.354737, 29.267489], [96.360585, 29.281227], [96.37295, 29.283488], [96.383894, 29.275082], [96.395382, 29.24664], [96.36961, 29.20603], [96.364948, 29.189112], [96.351445, 29.172159], [96.324477, 29.162693], [96.24424, 29.152448], [96.2217, 29.136255], [96.184874, 29.089267], [96.121697, 29.070851], [96.154081, 29.038468], [96.177257, 28.992116], [96.177576, 28.963542], [96.171861, 28.95751], [96.151543, 28.952747], [96.14329, 28.928935], [96.163926, 28.904489], [96.166466, 28.892107], [96.173133, 28.89179], [96.235992, 28.926715], [96.282659, 28.981641], [96.34582, 29.021427], [96.36692, 29.027068], [96.442267, 29.029919], [96.488555, 29.055847], [96.522181, 29.066771], [96.523472, 29.062561], [96.480284, 28.997466], [96.473106, 28.977283], [96.488448, 28.952192], [96.518737, 28.958025], [96.517094, 28.939987], [96.530516, 28.922561], [96.535529, 28.904647], [96.533272, 28.875119], [96.571725, 28.821108], [96.606292, 28.784341], [96.613607, 28.766451], [96.603079, 28.730574], [96.586278, 28.708809], [96.567548, 28.699069], [96.51443, 28.689232], [96.492087, 28.674286], [96.466975, 28.670907], [96.486895, 28.631865], [96.481801, 28.61907], [96.452897, 28.603304], [96.421506, 28.573378], [96.398507, 28.5695], [96.393987, 28.54699], [96.340916, 28.540359], [96.318497, 28.5186], [96.325177, 28.506221], [96.355157, 28.48614], [96.356856, 28.468697], [96.251966, 28.393949], [96.289418, 28.388747], [96.301567, 28.36887], [96.361791, 28.374362], [96.366705, 28.351009], [96.379156, 28.344011], [96.391454, 28.326556], [96.415725, 28.333428], [96.422481, 28.370537], [96.442641, 28.396191], [96.456675, 28.405751], [96.500305, 28.401898], [96.569848, 28.445786], [96.650429, 28.449999], [96.683359, 28.429402], [96.723338, 28.418936], [96.739144, 28.409515], [96.753532, 28.393032], [96.759162, 28.370944], [96.769962, 28.36096], [96.836903, 28.356721], [96.887819, 28.378243], [96.906606, 28.363723], [96.918054, 28.342774], [96.946471, 28.33239], [96.990011, 28.304459], [97.025821, 28.321163], [97.048616, 28.341572], [97.079071, 28.351629], [97.113469, 28.344516], [97.13767, 28.332647], [97.172775, 28.286247], [97.187716, 28.284218], [97.216892, 28.289488], [97.233629, 28.271607], [97.247856, 28.265566], [97.260794, 28.269056], [97.289986, 28.265599], [97.35096, 28.227755], [97.375149, 28.220472], [97.395934, 28.190007], [97.393821, 28.184794], [97.371873, 28.191562], [97.358011, 28.189135], [97.349392, 28.171429], [97.326126, 28.150017], [97.325745, 28.139576], [97.342986, 28.11454], [97.333723, 28.102076], [97.309784, 28.085638], [97.306987, 28.07437], [97.309233, 28.065138], [97.323267, 28.056792], [97.374294, 28.062764], [97.369798, 28.045965], [97.375214, 28.035292], [97.40742, 28.018674], [97.401141, 28.006701], [97.384415, 28.000099], [97.385888, 27.987073], [97.373799, 27.976025], [97.366339, 27.975711], [97.364058, 27.968119], [97.365808, 27.960834], [97.377955, 27.949946], [97.369898, 27.939475], [97.374765, 27.927009], [97.371831, 27.911046], [97.38218, 27.893137], [97.361794, 27.873611], [97.342278, 27.886216], [97.322068, 27.888537], [97.317276, 27.903457], [97.310599, 27.90511], [97.301937, 27.916236], [97.29156, 27.91348], [97.287084, 27.907101], [97.279635, 27.910346], [97.265153, 27.901618], [97.248527, 27.899134], [97.230374, 27.875649], [97.185806, 27.841798], [97.185079, 27.830805], [97.170396, 27.829517], [97.169325, 27.815219], [97.156289, 27.80615], [97.140894, 27.804668], [97.125667, 27.786115], [97.116417, 27.784784], [97.113913, 27.776877], [97.100479, 27.765424], [97.097727, 27.757104], [97.101053, 27.750619], [97.089297, 27.733932], [97.065018, 27.749034], [97.048316, 27.73972], [97.031967, 27.748529], [97.031163, 27.741973], [97.019012, 27.738296], [97.017959, 27.727141], [96.987109, 27.686045], [96.982049, 27.671388], [96.984526, 27.66581], [96.934195, 27.660234], [96.921466, 27.632125], [96.912808, 27.62771], [96.904219, 27.613664], [96.89418, 27.615506], [96.889727, 27.606667], [96.891197, 27.579697], [96.909912, 27.577813], [96.908304, 27.542916], [96.918959, 27.537986], [96.929922, 27.515486], [96.930141, 27.509785], [96.910634, 27.486496], [96.903, 27.452738], [96.932743, 27.430428], [96.934371, 27.415825], [96.96052, 27.404055], [96.967589, 27.380651], [96.962235, 27.372954], [96.978745, 27.356505], [96.981063, 27.345362], [96.990605, 27.343749], [96.998474, 27.318753], [97.009197, 27.310396], [97.015372, 27.313027], [97.02857, 27.307264], [97.041432, 27.281732], [97.054586, 27.27488], [97.055059, 27.265359], [97.071404, 27.254278], [97.072535, 27.245396], [97.086409, 27.237535], [97.091065, 27.224911], [97.088952, 27.211988], [97.120343, 27.188466], [97.122964, 27.172807], [97.135267, 27.163566], [97.145473, 27.163463], [97.149401, 27.148134], [97.162274, 27.140446], [97.160146, 27.121424], [97.14834, 27.115667], [97.136752, 27.08961], [97.122975, 27.09415], [97.117711, 27.102583], [97.099338, 27.106902], [97.093366, 27.101998], [97.095276, 27.094452], [97.074964, 27.097255], [97.070177, 27.088263], [97.062014, 27.089978], [97.06067, 27.097197], [97.03216, 27.116719], [97.034362, 27.123117], [97.028814, 27.129952], [97.024941, 27.127798], [97.007178, 27.138553], [96.992534, 27.140431], [96.984813, 27.15443], [96.955275, 27.164331], [96.931885, 27.161485], [96.900498, 27.168785], [96.874328, 27.180542], [96.85706, 27.192277], [96.858713, 27.202771], [96.854627, 27.210003], [96.885356, 27.225994], [96.887886, 27.23562], [96.881568, 27.238273], [96.888019, 27.246912], [96.885036, 27.259304], [96.863029, 27.259487], [96.847081, 27.2712], [96.848193, 27.290137], [96.822615, 27.308233], [96.796741, 27.345655], [96.766937, 27.357039], [96.751624, 27.352471], [96.745648, 27.358215], [96.729201, 27.359577], [96.704409, 27.372091], [96.702157, 27.359693], [96.697548, 27.357678], [96.675422, 27.361437], [96.672672, 27.356947], [96.661163, 27.364236], [96.647273, 27.359006], [96.6245, 27.366685], [96.605572, 27.365479], [96.591518, 27.348168], [96.596255, 27.3334], [96.588376, 27.33546], [96.564493, 27.318333], [96.55112, 27.318029], [96.551043, 27.312937], [96.542636, 27.308627], [96.5432, 27.302023], [96.531592, 27.296407], [96.524093, 27.286142], [96.51795, 27.285444], [96.508339, 27.298825], [96.490475, 27.302448], [96.488043, 27.296097], [96.461986, 27.306113], [96.451072, 27.301244], [96.440722, 27.306316], [96.421721, 27.30155], [96.408102, 27.287504], [96.402552, 27.292948], [96.386697, 27.284345], [96.374835, 27.284939], [96.369483, 27.28992], [96.366916, 27.286691], [96.352621, 27.294775], [96.346115, 27.285284], [96.340918, 27.284881], [96.307505, 27.294116], [96.274527, 27.2833], [96.271274, 27.27143], [96.228304, 27.278644], [96.209228, 27.26099], [96.193961, 27.261487], [96.185637, 27.249227], [96.155825, 27.248432], [96.121251, 27.231513], [96.09085, 27.223272], [96.0768, 27.207758], [96.063943, 27.205682], [96.05469, 27.196114], [96.023147, 27.180092], [96.010626, 27.142533], [95.998476, 27.135009], [95.985181, 27.112699], [95.968749, 27.099912], [95.946181, 27.051857], [95.910633, 27.036638], [95.904354, 27.038891], [95.895101, 27.026411], [95.878628, 27.022634], [95.875624, 27.014391], [95.870082, 27.01264], [95.842934, 27.014027], [95.830053, 27.007609], [95.802057, 27.014647], [95.796451, 26.997698], [95.783544, 26.99066], [95.781171, 26.977752], [95.767894, 26.976575], [95.758822, 26.954506], [95.754917, 26.954043], [95.760073, 26.93684], [95.747749, 26.925804], [95.74652, 26.915909], [95.751137, 26.90904], [95.74488, 26.897641], [95.734435, 26.893956], [95.722954, 26.881454], [95.706373, 26.88055], [95.694773, 26.892083], [95.667339, 26.902923], [95.646442, 26.884654], [95.644725, 26.876722], [95.632047, 26.873595], [95.63406, 26.868194], [95.626796, 26.862437], [95.627218, 26.843443], [95.608324, 26.812992], [95.571163, 26.816024], [95.556937, 26.832743], [95.543159, 26.835586], [95.52489, 26.822729], [95.522879, 26.813788], [95.507098, 26.808425], [95.505084, 26.792147], [95.484092, 26.757226], [95.482677, 26.74638], [95.474119, 26.74026], [95.459016, 26.742505], [95.432302, 26.715583], [95.430493, 26.700186], [95.417528, 26.693456], [95.403278, 26.694172], [95.394688, 26.68459], [95.373107, 26.6831], [95.360623, 26.670571], [95.335571, 26.674101], [95.326659, 26.664446], [95.313691, 26.662659], [95.303908, 26.650692], [95.274957, 26.658543], [95.259524, 26.655057], [95.256987, 26.676263], [95.249114, 26.683562], [95.233924, 26.682684], [95.209421, 26.648747], [95.199964, 26.642692], [95.181045, 26.64277], [95.167117, 26.634553], [95.163943, 26.621947], [95.14941, 26.615893], [95.146872, 26.59276], [95.154502, 26.583179], [95.141355, 26.567624], [95.139386, 26.556556], [95.126176, 26.558218], [95.107679, 26.541619], [95.113269, 26.536328], [95.114456, 26.517841], [95.100134, 26.505486], [95.095997, 26.492684], [95.072395, 26.472168], [95.061786, 26.449971], [95.065479, 26.441802], [95.072878, 26.448069], [95.084331, 26.447127], [95.103805, 26.420595], [95.096476, 26.401168], [95.099671, 26.393593], [95.107605, 26.395621], [95.120422, 26.386589], [95.125558, 26.387777], [95.132176, 26.377989], [95.121302, 26.349784], [95.128489, 26.339327], [95.122973, 26.330256], [95.126157, 26.323438], [95.122451, 26.307237], [95.128553, 26.29671], [95.119835, 26.263633], [95.12736, 26.253704], [95.11471, 26.232787], [95.142537, 26.211545], [95.122081, 26.185421], [95.126707, 26.177491], [95.117095, 26.158958], [95.123434, 26.145188], [95.118934, 26.140622], [95.126527, 26.128885], [95.115622, 26.112715], [95.117838, 26.10156], [95.129482, 26.094856], [95.14164, 26.094635], [95.150717, 26.086456], [95.164875, 26.092333], [95.185478, 26.072662], [95.163739, 26.048124], [95.159378, 26.025342], [95.145026, 26.014054], [95.125962, 25.985684], [95.11704, 25.985103], [95.114273, 25.974934], [95.103103, 25.968247], [95.089399, 25.950329], [95.072873, 25.941478], [95.056628, 25.93914], [95.044058, 25.926715], [95.031236, 25.930811], [95.028933, 25.913666], [95.011575, 25.897878], [95.019357, 25.880661], [95.01136, 25.875867], [95.009058, 25.866731], [95.017762, 25.8608], [95.023118, 25.844471], [95.030415, 25.838464], [95.033471, 25.813927], [95.049906, 25.800332], [95.044096, 25.773846], [95.049017, 25.75951], [95.039887, 25.741223], [95.022959, 25.731591], [95.002738, 25.72883], [94.992155, 25.720191], [94.988883, 25.706736], [94.969836, 25.688391], [94.936079, 25.667882], [94.922892, 25.645579], [94.915073, 25.607626], [94.881644, 25.590963], [94.88134, 25.585216], [94.891127, 25.578583], [94.89861, 25.56509], [94.845905, 25.562019], [94.825463, 25.542381], [94.825283, 25.52413], [94.81225, 25.511384], [94.806186, 25.491832], [94.788386, 25.489431], [94.783922, 25.480487], [94.762522, 25.481526], [94.751597, 25.494009], [94.744886, 25.482145], [94.718379, 25.469068], [94.71015, 25.471528], [94.683433, 25.466229], [94.681276, 25.455418], [94.671105, 25.442239], [94.669876, 25.41818], [94.65973, 25.405953], [94.648907, 25.406467], [94.63488, 25.395553], [94.634577, 25.357353], [94.622477, 25.345976], [94.585118, 25.266643], [94.58956, 25.255957], [94.585461, 25.229386], [94.575466, 25.213876], [94.605984, 25.181337], [94.620795, 25.186568], [94.640033, 25.166079], [94.66405, 25.162753], [94.680204, 25.14918], [94.690035, 25.157666], [94.7155, 25.137811], [94.737007, 25.134615], [94.741086, 25.126264], [94.736425, 25.109885], [94.745328, 25.082191], [94.738031, 25.065328], [94.744913, 25.059984], [94.744148, 25.03687], [94.727881, 25.009866], [94.726812, 24.99928], [94.706061, 24.985917], [94.696841, 24.968218], [94.696914, 24.959287], [94.713585, 24.934154], [94.710834, 24.929026], [94.702227, 24.929614], [94.687536, 24.888739], [94.673893, 24.874796], [94.656252, 24.870351], [94.648379, 24.860589], [94.649798, 24.854783], [94.632539, 24.839206], [94.630201, 24.804948], [94.618525, 24.784931], [94.629724, 24.757878], [94.613108, 24.740732], [94.605508, 24.712325], [94.585272, 24.705401], [94.577599, 24.71183], [94.57777, 24.724226], [94.56546, 24.70553], [94.559453, 24.711992], [94.540192, 24.706891], [94.545043, 24.682074], [94.539138, 24.643107], [94.506641, 24.593974], [94.453611, 24.565402], [94.42361, 24.483433], [94.396034, 24.482891], [94.402402, 24.461517], [94.394707, 24.455067], [94.403513, 24.437937], [94.396955, 24.408603], [94.358363, 24.393347], [94.379836, 24.377364], [94.349445, 24.336359], [94.317597, 24.330221], [94.322607, 24.279498], [94.302115, 24.237906], [94.28862, 24.234413], [94.276729, 24.169434], [94.261809, 24.164031], [94.250667, 24.128145], [94.256018, 24.086473], [94.241787, 24.057366], [94.230936, 24.063679], [94.227455, 24.059604], [94.239876, 24.039059], [94.203076, 23.975784], [94.192573, 23.936307], [94.170178, 23.929248], [94.15577, 23.847569], [94.141994, 23.846641], [94.142756, 23.835176], [94.119505, 23.836251], [94.111064, 23.851665], [94.112407, 23.861339], [94.097921, 23.886241], [94.086147, 23.884717], [94.08177, 23.879388], [94.068004, 23.887367], [94.050913, 23.886924], [94.042173, 23.893826], [94.038948, 23.905494], [94.015717, 23.924914], [93.996673, 23.922195], [93.988455, 23.928446], [93.975471, 23.924786], [93.961107, 23.928124], [93.94459, 23.946036], [93.93086, 23.94997], [93.893742, 23.953288], [93.883826, 23.942352], [93.871661, 23.940734], [93.859112, 23.93214], [93.840065, 23.931915], [93.819495, 23.92346], [93.807498, 23.92704], [93.799781, 23.932653], [93.797935, 23.947315], [93.771914, 23.968791], [93.761607, 23.999894], [93.754385, 24.005244], [93.744409, 24.003346], [93.741644, 23.996822], [93.739994, 24.002316], [93.724027, 23.997284], [93.690732, 24.008589], [93.663245, 24.001619], [93.654407, 24.002559], [93.653858, 24.008891], [93.623237, 24.01082], [93.611806, 23.997299], [93.607999, 23.971598], [93.598894, 23.972541], [93.591668, 23.960801], [93.573352, 23.967022], [93.570804, 23.977678], [93.559951, 23.982224], [93.550174, 23.959334], [93.525081, 23.956336], [93.514976, 23.94265], [93.505057, 23.942214], [93.496177, 23.952698], [93.489805, 23.951278], [93.46351, 23.973603], [93.463729, 23.994244], [93.453164, 23.999598], [93.453092, 24.01362], [93.44079, 24.014717], [93.433071, 24.024006], [93.416946, 24.071407], [93.398986, 24.085177], [93.390054, 24.082654], [93.372932, 24.090759], [93.358093, 24.091038], [93.354489, 24.098894], [93.348292, 24.098894], [93.348824, 24.10474], [93.341943, 24.101973], [93.35406, 24.091084], [93.347158, 24.087567], [93.344532, 24.091744], [93.334966, 24.090081], [93.328548, 24.081153], [93.338523, 24.061552], [93.326155, 24.051941], [93.325937, 24.045967], [93.337866, 24.039829], [93.325898, 24.029337], [93.331819, 24.029973], [93.338963, 24.021478], [93.329604, 24.020438], [93.337396, 23.989275], [93.328378, 23.985361], [93.333921, 23.985425], [93.33277, 23.979328], [93.339437, 23.980687], [93.336874, 23.975558], [93.343279, 23.975086], [93.341027, 23.969789], [93.350705, 23.962181], [93.353682, 23.951992], [93.34837, 23.948862], [93.354386, 23.943306], [93.350763, 23.941652], [93.360256, 23.945069], [93.369265, 23.930046], [93.38094, 23.934469], [93.393257, 23.928881], [93.39085, 23.923828], [93.394007, 23.925451], [93.391744, 23.918399], [93.395382, 23.915268], [93.391531, 23.914129], [93.38475, 23.876777], [93.388946, 23.865084], [93.38514, 23.848018], [93.388559, 23.825713], [93.392429, 23.823808], [93.390125, 23.817961], [93.401883, 23.812612], [93.40341, 23.804606], [93.391752, 23.75622], [93.403898, 23.745303], [93.41119, 23.729319], [93.412467, 23.717365], [93.406483, 23.715298], [93.407526, 23.706945], [93.419837, 23.701069], [93.42566, 23.688861], [93.437063, 23.686643], [93.435998, 23.677617], [93.416501, 23.64763], [93.417138, 23.637654], [93.424578, 23.62954], [93.419941, 23.623453], [93.420524, 23.611599], [93.428553, 23.588799], [93.423228, 23.584444], [93.422071, 23.571371], [93.414668, 23.571157], [93.409815, 23.56365], [93.418536, 23.540008], [93.40875, 23.517309], [93.403804, 23.516725], [93.404582, 23.512553], [93.394722, 23.50376], [93.395986, 23.483916], [93.392498, 23.478814], [93.399313, 23.471884], [93.392206, 23.457374], [93.394757, 23.44807], [93.390546, 23.450716], [93.388013, 23.446378], [93.391078, 23.442029], [93.388312, 23.420817], [93.401647, 23.383749], [93.38649, 23.374079], [93.391195, 23.370037], [93.387631, 23.359397], [93.383986, 23.362104], [93.355854, 23.352494], [93.358278, 23.342452], [93.372879, 23.329601], [93.366918, 23.322156], [93.371574, 23.313545], [93.363832, 23.313235], [93.371624, 23.309614], [93.365085, 23.306335], [93.369927, 23.287168], [93.362615, 23.279138], [93.369163, 23.276066], [93.365708, 23.269205], [93.373643, 23.261256], [93.369472, 23.250444], [93.376636, 23.247893], [93.381269, 23.224302], [93.388613, 23.216919], [93.380595, 23.21535], [93.37545, 23.204223], [93.380268, 23.199901], [93.376964, 23.190262], [93.380636, 23.186587], [93.368645, 23.175297], [93.372552, 23.171193], [93.368234, 23.1441], [93.378333, 23.140826], [93.386677, 23.144148], [93.385612, 23.133836], [93.37744, 23.132858], [93.377588, 23.126789], [93.366088, 23.121521], [93.363125, 23.115135], [93.355504, 23.116164], [93.358274, 23.109283], [93.354018, 23.096928], [93.350524, 23.091663], [93.34452, 23.092523], [93.338978, 23.074361], [93.351838, 23.070437], [93.340594, 23.067802], [93.342938, 23.058258], [93.334125, 23.059379], [93.333305, 23.048834], [93.326881, 23.047127], [93.327662, 23.039674], [93.320187, 23.036883], [93.313626, 23.019854], [93.304272, 23.020432], [93.293438, 23.006796], [93.283057, 23.00844], [93.27498, 23.004128], [93.26992, 23.01106], [93.246791, 23.006529], [93.229251, 23.011426], [93.229785, 23.019519], [93.214978, 23.026968], [93.21694, 23.034881], [93.211039, 23.039032], [93.209573, 23.048276], [93.201422, 23.054687], [93.189, 23.051689], [93.184465, 23.059381], [93.168514, 23.046293], [93.160396, 23.047948], [93.156092, 23.043181], [93.151351, 23.053751], [93.140152, 23.0533], [93.136158, 23.0605], [93.135365, 23.048359], [93.12673, 23.043872], [93.128139, 23.030651], [93.120161, 23.002238], [93.125509, 23.00282], [93.132366, 22.990881], [93.140376, 22.990361], [93.138941, 22.981059], [93.143532, 22.974062], [93.135623, 22.970505], [93.141071, 22.958498], [93.137792, 22.951029], [93.145685, 22.944529], [93.148217, 22.924855], [93.164379, 22.910704], [93.15082, 22.90796], [93.139457, 22.913737], [93.130948, 22.905926], [93.134228, 22.891264], [93.125903, 22.869775], [93.117179, 22.863036], [93.117932, 22.842793], [93.10984, 22.833335], [93.112003, 22.827955], [93.10345, 22.824525], [93.110479, 22.818237], [93.094308, 22.806062], [93.100047, 22.763848], [93.10713, 22.749925], [93.091013, 22.704691], [93.098384, 22.69546], [93.096652, 22.686633], [93.101869, 22.683722], [93.094466, 22.680168], [93.09535, 22.673057], [93.101611, 22.660713], [93.10975, 22.655794], [93.107905, 22.636844], [93.128506, 22.623841], [93.127746, 22.617175], [93.133852, 22.614687], [93.140764, 22.592303], [93.13809, 22.582612], [93.128759, 22.578115], [93.112222, 22.557447], [93.10917, 22.537195], [93.112537, 22.532519], [93.106588, 22.52665], [93.128632, 22.5234], [93.12406, 22.508263], [93.134755, 22.491934], [93.131156, 22.467606], [93.138704, 22.454517], [93.164091, 22.450607], [93.185482, 22.42725], [93.181738, 22.418677], [93.187455, 22.403207], [93.182019, 22.394434], [93.189805, 22.382429], [93.183522, 22.372038], [93.188126, 22.364537], [93.185832, 22.339945], [93.196677, 22.328757], [93.189045, 22.322727], [93.195748, 22.314326], [93.19053, 22.309536], [93.195299, 22.301418], [93.189568, 22.300798], [93.199175, 22.29424], [93.193593, 22.288095], [93.201944, 22.263092], [93.198586, 22.255125], [93.176902, 22.245599], [93.163536, 22.249934], [93.142126, 22.24546], [93.140103, 22.234337], [93.147266, 22.229436], [93.152043, 22.217299], [93.148658, 22.211701], [93.161453, 22.196511], [93.150935, 22.176255], [93.123718, 22.173677], [93.111081, 22.204252], [93.088533, 22.19668], [93.063244, 22.20725], [93.056955, 22.201055], [93.046506, 22.202648], [93.038142, 22.195173], [93.049045, 22.169195], [93.037141, 22.144415], [93.044182, 22.143518], [93.039535, 22.138859], [93.057128, 22.121261], [93.059508, 22.101097], [93.047225, 22.098261], [93.004348, 22.103445], [93.011771, 22.088365], [93.005262, 22.080196], [93.006736, 22.071121], [93.001605, 22.067162], [92.992547, 22.038714], [92.99774, 22.035672], [92.995275, 22.030081], [93.004267, 22.017046], [93.00163, 22.006768], [93.007517, 21.982351], [92.980932, 21.980079], [92.977874, 21.997641], [92.964736, 22.010616], [92.960709, 22.025543], [92.95189, 22.029789], [92.939728, 22.013629], [92.926751, 22.015118], [92.935442, 22.005742], [92.930061, 21.996079], [92.920815, 21.992017], [92.90626, 21.940499], [92.899003, 21.956148], [92.890782, 22.011765], [92.878556, 22.014904], [92.879903, 22.022149], [92.863787, 22.026944], [92.86354, 22.062802], [92.852587, 22.066635], [92.840867, 22.059788], [92.836707, 22.072037], [92.81783, 22.07568], [92.817779, 22.087098], [92.810323, 22.095964], [92.803864, 22.098286], [92.797401, 22.094217], [92.79062, 22.105021], [92.771496, 22.109437], [92.760989, 22.125687], [92.754014, 22.124327], [92.735376, 22.134444], [92.726803, 22.149106], [92.712367, 22.147439], [92.699763, 22.155074], [92.694882, 22.153149], [92.695777, 22.137663], [92.692016, 22.139105], [92.690381, 22.072115], [92.688134, 22.103526], [92.681717, 22.103794], [92.685292, 22.041313], [92.680036, 22.011634], [92.669786, 22.009666], [92.652217, 22.016021], [92.634729, 21.98323], [92.623541, 21.983777], [92.607518, 21.974648], [92.60322, 21.977625], [92.61276, 21.990115], [92.598096, 22.008977], [92.600067, 22.028407], [92.592616, 22.037438], [92.599144, 22.042254], [92.602659, 22.061101], [92.592219, 22.065621], [92.590649, 22.080996], [92.584893, 22.082506], [92.57514, 22.116166], [92.56262, 22.128024], [92.565677, 22.134784], [92.577353, 22.136448], [92.578498, 22.143407], [92.592585, 22.138828], [92.588984, 22.13144], [92.594465, 22.125142], [92.605746, 22.123392], [92.610862, 22.138441], [92.609226, 22.164019], [92.607126, 22.172531], [92.595226, 22.17539], [92.594843, 22.2042], [92.588047, 22.215984], [92.59077, 22.255468], [92.581021, 22.269179], [92.580729, 22.276058], [92.586587, 22.280247], [92.581848, 22.28179], [92.580194, 22.302614], [92.583409, 22.30393], [92.577253, 22.311153], [92.581166, 22.321764], [92.574283, 22.331659], [92.571869, 22.358638], [92.55933, 22.381859], [92.55983, 22.395521], [92.555947, 22.398537], [92.559827, 22.401835], [92.554779, 22.405488], [92.556891, 22.409268], [92.552076, 22.408974], [92.554574, 22.416878], [92.550693, 22.422574], [92.556385, 22.425102], [92.551242, 22.427379], [92.555384, 22.429207], [92.549464, 22.443515], [92.543326, 22.493253], [92.549927, 22.497328], [92.542595, 22.498755], [92.549323, 22.501449], [92.550831, 22.509607], [92.546568, 22.50989], [92.551281, 22.513296], [92.546998, 22.516817], [92.543384, 22.514171], [92.539995, 22.540603], [92.531551, 22.545096], [92.531918, 22.552211], [92.521671, 22.559884], [92.528043, 22.565623], [92.527295, 22.572988], [92.538138, 22.5751], [92.53855, 22.585912], [92.532971, 22.587764], [92.539374, 22.589148], [92.530434, 22.603495], [92.52995, 22.60914], [92.533749, 22.607496], [92.535364, 22.611666], [92.527434, 22.620785], [92.532611, 22.627502], [92.524923, 22.640138], [92.527302, 22.650772], [92.52352, 22.656244], [92.528724, 22.665152], [92.513897, 22.707999], [92.517564, 22.715925], [92.509938, 22.728628], [92.513196, 22.732785], [92.509054, 22.731673], [92.505636, 22.739221], [92.49119, 22.741006], [92.488712, 22.746276], [92.473844, 22.746209], [92.479354, 22.752797], [92.473676, 22.759711], [92.472952, 22.782848], [92.469103, 22.782474], [92.472273, 22.795856], [92.465467, 22.802218], [92.465569, 22.809626], [92.461183, 22.807354], [92.459051, 22.818525], [92.45425, 22.818862], [92.461947, 22.830797], [92.45289, 22.842965], [92.463247, 22.841746], [92.456477, 22.85103], [92.464458, 22.854654], [92.45979, 22.858048], [92.461606, 22.861538], [92.452682, 22.862178], [92.454711, 22.869527], [92.460468, 22.870902], [92.448549, 22.876372], [92.449236, 22.895009], [92.445962, 22.897096], [92.433731, 22.885791], [92.420245, 22.909614], [92.420265, 22.918345], [92.413011, 22.913356], [92.404149, 22.917753], [92.401099, 22.911953], [92.397586, 22.929699], [92.376419, 22.928621], [92.376142, 22.935016], [92.371778, 22.936171], [92.375907, 22.936792], [92.372688, 22.939852], [92.378172, 22.952064], [92.372844, 22.958233], [92.377273, 22.959661], [92.374341, 22.970646], [92.385018, 22.986113], [92.381962, 22.988095], [92.38465, 23.009645], [92.379755, 23.012063], [92.384951, 23.027315], [92.382537, 23.033273], [92.392384, 23.056451], [92.380054, 23.086287], [92.375106, 23.084448], [92.370174, 23.096511], [92.358012, 23.10327], [92.368199, 23.127264], [92.356968, 23.13415], [92.364358, 23.156615], [92.354451, 23.178507], [92.36128, 23.182571], [92.353338, 23.185722], [92.353932, 23.219803], [92.350979, 23.233772], [92.346784, 23.235673], [92.401409, 23.236581], [92.40419, 23.240657], [92.395457, 23.248702], [92.398238, 23.256129], [92.389501, 23.259636], [92.388739, 23.266062], [92.394752, 23.2646], [92.388142, 23.281294], [92.381164, 23.285103], [92.385683, 23.306203], [92.376264, 23.312963], [92.37609, 23.319891], [92.371355, 23.317957], [92.367429, 23.322928], [92.368042, 23.31711], [92.364364, 23.322918], [92.380685, 23.35118], [92.376418, 23.35667], [92.379058, 23.361828], [92.369264, 23.367008], [92.37049, 23.373581], [92.36394, 23.366162], [92.356425, 23.372347], [92.365107, 23.379591], [92.352665, 23.380865], [92.35881, 23.390703], [92.354533, 23.389058], [92.352942, 23.399395], [92.357401, 23.410698], [92.347752, 23.412806], [92.34649, 23.433186], [92.341367, 23.435528], [92.333916, 23.428834], [92.327079, 23.448544], [92.333295, 23.455932], [92.329935, 23.45404], [92.325504, 23.459081], [92.33066, 23.459362], [92.331801, 23.466065], [92.317134, 23.471654], [92.326159, 23.478803], [92.316058, 23.486824], [92.321945, 23.490114], [92.317431, 23.494254], [92.322827, 23.501022], [92.318915, 23.503317], [92.319787, 23.512434], [92.315597, 23.512883], [92.317685, 23.517161], [92.3136, 23.515504], [92.317894, 23.526326], [92.313974, 23.533261], [92.306253, 23.53504], [92.309205, 23.552318], [92.313514, 23.554989], [92.306748, 23.564501], [92.308211, 23.577705], [92.301437, 23.592887], [92.296524, 23.588026], [92.293584, 23.595164], [92.287259, 23.596039], [92.287341, 23.616742], [92.295765, 23.621628], [92.280693, 23.630588], [92.278631, 23.62492], [92.276637, 23.63175], [92.281777, 23.638558], [92.272974, 23.64194], [92.291477, 23.681233], [92.289351, 23.701795], [92.278646, 23.709815], [92.279095, 23.716401], [92.265802, 23.724743], [92.241, 23.720714], [92.236252, 23.713187], [92.242079, 23.694929], [92.232025, 23.68475], [92.233101, 23.667552], [92.225585, 23.655101], [92.216307, 23.651937], [92.206603, 23.661004], [92.206321, 23.675187], [92.213658, 23.68495], [92.202949, 23.705702], [92.186092, 23.710978], [92.177707, 23.70756], [92.176551, 23.716408], [92.1696, 23.723187], [92.170788, 23.739226], [92.148723, 23.735635], [92.12533, 23.706526], [92.120839, 23.692727], [92.114168, 23.694247], [92.106168, 23.688659], [92.099694, 23.676709], [92.083029, 23.680053], [92.076308, 23.668039], [92.079181, 23.648452], [92.063335, 23.645015], [92.041956, 23.647925], [92.030635, 23.657866], [92.022295, 23.658077], [92.023797, 23.662734], [92.015747, 23.659804], [92.008673, 23.663501], [92.006169, 23.671122], [92.000009, 23.67127], [91.985675, 23.721839], [91.980682, 23.723376], [91.978268, 23.733084], [91.967332, 23.729439], [91.966246, 23.733621], [91.957021, 23.733991], [91.950563, 23.726066], [91.9541, 23.719379], [91.948246, 23.713973], [91.950662, 23.699582], [91.957894, 23.694406], [91.941338, 23.6936], [91.934018, 23.684555], [91.94212, 23.669362], [91.93995, 23.655158], [91.946654, 23.645983], [91.942363, 23.633798], [91.954294, 23.609556], [91.951927, 23.600436], [91.959467, 23.564049], [91.956797, 23.551272], [91.964614, 23.535253], [91.956281, 23.525707], [91.960083, 23.518451], [91.96434, 23.519158], [91.971049, 23.503019], [91.970385, 23.478283], [91.958332, 23.479406], [91.958713, 23.47288], [91.955439, 23.475672], [91.946919, 23.465933], [91.936662, 23.466602], [91.942608, 23.434977], [91.924004, 23.433664], [91.919017, 23.4395], [91.909356, 23.436547], [91.899711, 23.4406], [91.895814, 23.431801], [91.887423, 23.432893], [91.887014, 23.426921], [91.876543, 23.422322], [91.87376, 23.414037], [91.860641, 23.405166], [91.844989, 23.404685], [91.840697, 23.398873], [91.841887, 23.388263], [91.836194, 23.386443], [91.837572, 23.370616], [91.825595, 23.363106], [91.825142, 23.352343], [91.809435, 23.343953], [91.804575, 23.332273], [91.783277, 23.324429], [91.764354, 23.309262], [91.762409, 23.302936], [91.761361, 23.277055], [91.777092, 23.269232], [91.774967, 23.256688], [91.780455, 23.246965], [91.776192, 23.243166], [91.779724, 23.239293], [91.783621, 23.243269], [91.784194, 23.232545], [91.791076, 23.226792], [91.791919, 23.218142], [91.7879, 23.215112], [91.792625, 23.209249], [91.788873, 23.204442], [91.797862, 23.195684], [91.794621, 23.186686], [91.805275, 23.180512], [91.804874, 23.16805], [91.810091, 23.165073], [91.806085, 23.157328], [91.814239, 23.145095], [91.808103, 23.135501], [91.814771, 23.133324], [91.810887, 23.121654], [91.818093, 23.112043], [91.813455, 23.099201], [91.8358, 23.092986], [91.822783, 23.086591], [91.819809, 23.079814], [91.814748, 23.080576], [91.818389, 23.072742], [91.813194, 23.073523], [91.812345, 23.066251], [91.805976, 23.066968], [91.806027, 23.063028], [91.794087, 23.062284], [91.795805, 23.067296], [91.789538, 23.07167], [91.788959, 23.067202], [91.784777, 23.071493], [91.774517, 23.069616], [91.784131, 23.037929], [91.781701, 23.03391], [91.778933, 23.036482], [91.780608, 23.029092], [91.774307, 23.027079], [91.774408, 23.038482], [91.768542, 23.040935], [91.771916, 23.033027], [91.761093, 23.029859], [91.743909, 23.006435], [91.726063, 22.998888], [91.720624, 22.987424], [91.712095, 22.988915], [91.708838, 22.981856], [91.703263, 22.988253], [91.69369, 22.988291], [91.681773, 22.97725], [91.657704, 22.981734], [91.658079, 22.978108], [91.651536, 22.976716], [91.645459, 22.985022], [91.645703, 22.97655], [91.640808, 22.974889], [91.635617, 22.961078], [91.624563, 22.961566], [91.625563, 22.944114], [91.619383, 22.938361], [91.61272, 22.946993], [91.615842, 22.95147], [91.607111, 22.950038], [91.608443, 22.957209], [91.600333, 22.954268], [91.604856, 22.962176], [91.613796, 22.958371], [91.605635, 22.965306], [91.606104, 22.971909], [91.599228, 22.975935], [91.593056, 22.972627], [91.590629, 22.976895], [91.576762, 22.965219], [91.557222, 22.97846], [91.557035, 22.996601], [91.547516, 22.994184], [91.542486, 22.999457], [91.548215, 23.019235], [91.538419, 23.019192], [91.550356, 23.038409], [91.530489, 23.038308], [91.536275, 23.054515], [91.524963, 23.055348], [91.525837, 23.059971], [91.535343, 23.063314], [91.525111, 23.082808], [91.529832, 23.091662], [91.518948, 23.09415], [91.522363, 23.104001], [91.511315, 23.104188], [91.5123, 23.113215], [91.520416, 23.114434], [91.515415, 23.117631], [91.517637, 23.12542], [91.503146, 23.130491], [91.514875, 23.138558], [91.515318, 23.144988], [91.508191, 23.139647], [91.498733, 23.142471], [91.494743, 23.147076], [91.507215, 23.154236], [91.494284, 23.152211], [91.490882, 23.157604], [91.49826, 23.171646], [91.492357, 23.171937], [91.491741, 23.17756], [91.50673, 23.179921], [91.50754, 23.183684], [91.501098, 23.185274], [91.503233, 23.192078], [91.492195, 23.18881], [91.488455, 23.19213], [91.484931, 23.188208], [91.470758, 23.196419], [91.482575, 23.199066], [91.484433, 23.209182], [91.47541, 23.220354], [91.458625, 23.213284], [91.450614, 23.219412], [91.470274, 23.22763], [91.457909, 23.24599], [91.447007, 23.243716], [91.445091, 23.247003], [91.455351, 23.256491], [91.454211, 23.26037], [91.431387, 23.262445], [91.424891, 23.258017], [91.421157, 23.261769], [91.418314, 23.255387], [91.415377, 23.263336], [91.419636, 23.273259], [91.415632, 23.28275], [91.40894, 23.285193], [91.411325, 23.255664], [91.405586, 23.256589], [91.400387, 23.265709], [91.397297, 23.256247], [91.408746, 23.247615], [91.392554, 23.245892], [91.400912, 23.229113], [91.386472, 23.227555], [91.392154, 23.220016], [91.380771, 23.208427], [91.387756, 23.207889], [91.385543, 23.191843], [91.380978, 23.191585], [91.379897, 23.184512], [91.385218, 23.175213], [91.38477, 23.156153], [91.3973, 23.130139], [91.396976, 23.117677], [91.403394, 23.113722], [91.400259, 23.096422], [91.406067, 23.096924], [91.408124, 23.083456], [91.417475, 23.082877], [91.410868, 23.066235], [91.415998, 23.062644], [91.395856, 23.05604], [91.369802, 23.070366], [91.346959, 23.102302], [91.347628, 23.118785], [91.341871, 23.117795], [91.333125, 23.152846], [91.323335, 23.158013], [91.323643, 23.237446], [91.318697, 23.245489], [91.325505, 23.247143], [91.326608, 23.252286], [91.318022, 23.252892], [91.309786, 23.276374], [91.316663, 23.281895], [91.302342, 23.286341], [91.300225, 23.292451], [91.307211, 23.299777], [91.314961, 23.296609], [91.313166, 23.306302], [91.309532, 23.313852], [91.29624, 23.313398], [91.289853, 23.318524], [91.296165, 23.340892], [91.310794, 23.342383], [91.311053, 23.352663], [91.318013, 23.352971], [91.320086, 23.360088], [91.291071, 23.350657], [91.294917, 23.361189], [91.28615, 23.363024], [91.284235, 23.371084], [91.293751, 23.371248], [91.294329, 23.374678], [91.292143, 23.378113], [91.279751, 23.376598], [91.27644, 23.414712], [91.26345, 23.423724], [91.270656, 23.429802], [91.25646, 23.441548], [91.251552, 23.453644], [91.249342, 23.490171], [91.236377, 23.488994], [91.235572, 23.501788], [91.217979, 23.499505], [91.2236, 23.514023], [91.207838, 23.512048], [91.200764, 23.520024], [91.212946, 23.550414], [91.207467, 23.545357], [91.201989, 23.55006], [91.194451, 23.547178], [91.195267, 23.562014], [91.187298, 23.57753], [91.175268, 23.585508], [91.17713, 23.593198], [91.162499, 23.595044], [91.159675, 23.611291], [91.161366, 23.654314], [91.156304, 23.670717], [91.170389, 23.657539], [91.181938, 23.65638], [91.182856, 23.65966], [91.192917, 23.654441], [91.190734, 23.646949], [91.199422, 23.646579], [91.204588, 23.650404], [91.203281, 23.680108], [91.208529, 23.686401], [91.195517, 23.692145], [91.154243, 23.688393], [91.149199, 23.711525], [91.157077, 23.742018], [91.167643, 23.749639], [91.196629, 23.751093], [91.21038, 23.74914], [91.219028, 23.736426], [91.230682, 23.764921], [91.226876, 23.792252], [91.23376, 23.810825], [91.254071, 23.836984], [91.235786, 23.877534], [91.229592, 23.880719], [91.22847, 23.898631], [91.244889, 23.907004], [91.246186, 23.91308], [91.241474, 23.922667], [91.233019, 23.926957], [91.276213, 23.922525], [91.272903, 23.937642], [91.26423, 23.944219], [91.284688, 23.982099], [91.287679, 23.968006], [91.299794, 23.972119], [91.297322, 23.9763], [91.303641, 23.997905], [91.314933, 23.990409], [91.33006, 23.992466], [91.341221, 23.981985], [91.361663, 23.98626], [91.373628, 23.975228], [91.379526, 23.975326], [91.373336, 24.002645], [91.390855, 24.025777], [91.396598, 24.04962], [91.377132, 24.079842], [91.37461, 24.10777], [91.401522, 24.111498], [91.428094, 24.108451], [91.430773, 24.099925], [91.440545, 24.10251], [91.443042, 24.097239], [91.449585, 24.10147], [91.462545, 24.096065], [91.473159, 24.101721], [91.495025, 24.095527], [91.492475, 24.090876], [91.497661, 24.08728], [91.545302, 24.074199], [91.572898, 24.074732], [91.574446, 24.079982], [91.586073, 24.072601], [91.598502, 24.084482], [91.591289, 24.092611], [91.59454, 24.096533], [91.611407, 24.091685], [91.637932, 24.102922], [91.641203, 24.113079], [91.634473, 24.138106], [91.646611, 24.156616], [91.646763, 24.17862], [91.656293, 24.176151], [91.660128, 24.189535], [91.659096, 24.195366], [91.652588, 24.195931], [91.654531, 24.202518], [91.64775, 24.218489], [91.665159, 24.233529], [91.666983, 24.210517], [91.676697, 24.20061], [91.680175, 24.175605], [91.68828, 24.162085], [91.694957, 24.159534], [91.703348, 24.163539], [91.706097, 24.15428], [91.72176, 24.152479], [91.728425, 24.143235], [91.736695, 24.145864], [91.739517, 24.141485], [91.759545, 24.141711], [91.745028, 24.246974], [91.791455, 24.219769], [91.80623, 24.22068], [91.816356, 24.209938], [91.837878, 24.218745], [91.837011, 24.225563], [91.844707, 24.22577], [91.843067, 24.220219], [91.849314, 24.221181], [91.845694, 24.217469], [91.855179, 24.212386], [91.84983, 24.212753], [91.849159, 24.203662], [91.841964, 24.201341], [91.845434, 24.191367], [91.852777, 24.189776], [91.855634, 24.181436], [91.861022, 24.182857], [91.873988, 24.17447], [91.875214, 24.155104], [91.884486, 24.13873], [91.902142, 24.136877], [91.91454, 24.153613], [91.911396, 24.164024], [91.915269, 24.166568], [91.911407, 24.168198], [91.940809, 24.268095], [91.919988, 24.33746], [91.941331, 24.342546], [91.943378, 24.348907], [91.95675, 24.35666], [91.968997, 24.350151], [91.965887, 24.346833], [91.977139, 24.327417], [91.99595, 24.322054], [91.998343, 24.334063], [91.97812, 24.357391], [91.984646, 24.360857], [91.977432, 24.372841], [91.970146, 24.374387], [91.972264, 24.379531], [91.967184, 24.378915], [91.970453, 24.384521], [91.985158, 24.376657], [91.992088, 24.387582], [91.989623, 24.39015], [91.995007, 24.388081], [91.99665, 24.393707], [92.007307, 24.381427], [92.020069, 24.386544], [92.026861, 24.379636], [92.044032, 24.374872], [92.085265, 24.37559], [92.090423, 24.371619], [92.100163, 24.375852], [92.102309, 24.382949], [92.121901, 24.382242], [92.118912, 24.389996], [92.135164, 24.407164], [92.136799, 24.424959], [92.14775, 24.421038], [92.153694, 24.425574], [92.164582, 24.418877], [92.169128, 24.427766], [92.162598, 24.439897], [92.150496, 24.495223], [92.159113, 24.507174], [92.153475, 24.512015], [92.158198, 24.515167], [92.154964, 24.522969], [92.169487, 24.531752], [92.175948, 24.523482], [92.185382, 24.523014], [92.201597, 24.507443], [92.212513, 24.503674], [92.223801, 24.517452], [92.23114, 24.531205], [92.235391, 24.597552], [92.243993, 24.616521], [92.24984, 24.647955], [92.247083, 24.654744], [92.257121, 24.673176], [92.254415, 24.678029], [92.296031, 24.736456], [92.27916, 24.745297], [92.290132, 24.759714], [92.281801, 24.775321], [92.288918, 24.784485], [92.273123, 24.800192], [92.276289, 24.815437], [92.273078, 24.827442], [92.24908, 24.829749], [92.254974, 24.838446], [92.241461, 24.842022], [92.239806, 24.857696], [92.234932, 24.861387], [92.238209, 24.868157], [92.246271, 24.867487], [92.248104, 24.885493], [92.236656, 24.891954], [92.232873, 24.900146], [92.248367, 24.908867], [92.282063, 24.905854], [92.286645, 24.912018], [92.299425, 24.91572], [92.30626, 24.909804], [92.306946, 24.902028], [92.316102, 24.895191], [92.326749, 24.89641], [92.339217, 24.878257], [92.347996, 24.891622], [92.363401, 24.871911], [92.374737, 24.873952], [92.384938, 24.852268], [92.400096, 24.84865], [92.406373, 24.85894], [92.425402, 24.852849], [92.437404, 24.855607], [92.4448, 24.871979], [92.460996, 24.873141], [92.476086, 24.867046], [92.479299, 24.872462], [92.487922, 24.871309], [92.492303, 24.875572], [92.491158, 24.891464], [92.496841, 24.90202], [92.492894, 24.906109], [92.494603, 24.91586], [92.484001, 24.928455], [92.487496, 24.946948], [92.449699, 24.938594], [92.44974, 24.949987], [92.466155, 24.957067], [92.46752, 24.963697], [92.457625, 24.970601], [92.447627, 24.965001], [92.420062, 24.966262], [92.422081, 24.98849], [92.416375, 24.990377], [92.424314, 25.009796], [92.425325, 25.029492], [92.399078, 25.032778], [92.383825, 25.042361], [92.383269, 25.038493], [92.374863, 25.043592], [92.369714, 25.040875], [92.362975, 25.049894], [92.360758, 25.046717], [92.358107, 25.050119], [92.341481, 25.04853], [92.342395, 25.054224], [92.338182, 25.051516], [92.348976, 25.06091], [92.348553, 25.073491], [92.334914, 25.078445], [92.321778, 25.078184], [92.319145, 25.06989], [92.310632, 25.06902], [92.255308, 25.08525], [92.23136, 25.096894], [92.22755, 25.093705], [92.221863, 25.104043], [92.196168, 25.108031], [92.200403, 25.119982], [92.219383, 25.117005], [92.194501, 25.125643], [92.189325, 25.136287], [92.183928, 25.117921], [92.176734, 25.122863], [92.178887, 25.126134], [92.159592, 25.126603], [92.164895, 25.130458], [92.158872, 25.132991], [92.165681, 25.135964], [92.15557, 25.133215], [92.150842, 25.138227], [92.147363, 25.135247], [92.135836, 25.138738], [92.144568, 25.139664], [92.134397, 25.142775], [92.134075, 25.15266], [92.139741, 25.153757], [92.132882, 25.160147], [92.073851, 25.184948], [92.040552, 25.186372], [92.038988, 25.18231], [92.027906, 25.183415], [92.026186, 25.17917], [92.016426, 25.18721], [92.003761, 25.186163], [91.971669, 25.16758], [91.966816, 25.176376], [91.916255, 25.181348], [91.88449, 25.177099], [91.880625, 25.17292], [91.875978, 25.17744], [91.855599, 25.172488], [91.827045, 25.177798], [91.817652, 25.171206], [91.804213, 25.171774], [91.806361, 25.1682], [91.774607, 25.163129], [91.758555, 25.168369], [91.75603, 25.177497], [91.744693, 25.169849], [91.749827, 25.159221], [91.742474, 25.1446], [91.747641, 25.140151], [91.736368, 25.143395], [91.735489, 25.149725], [91.716545, 25.152332], [91.714341, 25.157626], [91.703782, 25.160016], [91.700499, 25.155729], [91.703554, 25.14949], [91.694426, 25.145484], [91.691798, 25.137118], [91.669942, 25.137899], [91.664011, 25.135234], [91.665026, 25.128427], [91.652766, 25.131195], [91.637914, 25.122544], [91.623196, 25.127882], [91.621508, 25.143406], [91.615447, 25.145106], [91.612264, 25.140971], [91.611118, 25.146269], [91.60209, 25.142721], [91.599415, 25.15107], [91.603626, 25.159013], [91.59998, 25.159595], [91.604064, 25.167447], [91.615428, 25.169659], [91.609734, 25.177048], [91.577058, 25.171962], [91.571573, 25.165267], [91.576581, 25.159816], [91.563065, 25.160637], [91.557214, 25.149756], [91.526495, 25.144495], [91.509553, 25.147445], [91.501046, 25.143058], [91.499598, 25.135415], [91.491949, 25.13886], [91.471016, 25.133586], [91.464228, 25.13481], [91.470449, 25.139713], [91.468631, 25.151794], [91.440578, 25.149633], [91.432675, 25.156803], [91.425122, 25.15699], [91.414649, 25.17113], [91.410869, 25.163657], [91.398646, 25.164458], [91.368799, 25.170619], [91.363818, 25.178065], [91.353751, 25.171256], [91.351594, 25.175805], [91.327029, 25.176177], [91.317779, 25.183674], [91.286568, 25.18535], [91.292227, 25.193319], [91.276179, 25.199049], [91.268013, 25.207244], [91.25151, 25.199121], [91.251631, 25.195168], [91.194675, 25.201816], [91.125245, 25.193996], [91.069643, 25.19841], [91.071881, 25.19336], [91.06788, 25.191532], [91.019113, 25.18697], [91.006107, 25.180259], [90.948818, 25.170792], [90.928005, 25.162216], [90.883988, 25.166718], [90.862015, 25.157626], [90.84442, 25.15846], [90.842013, 25.164307], [90.836635, 25.160866], [90.81955, 25.162611], [90.817926, 25.167558], [90.814, 25.163686], [90.805908, 25.165942], [90.805455, 25.173627], [90.798773, 25.174323], [90.794726, 25.18127], [90.784006, 25.17932], [90.780357, 25.186115], [90.763833, 25.178313], [90.760411, 25.168202], [90.747622, 25.163998], [90.741862, 25.170235], [90.734224, 25.166845], [90.733191, 25.162015], [90.741934, 25.161245], [90.733276, 25.154911], [90.72567, 25.163108], [90.70998, 25.168121], [90.706563, 25.161086], [90.700637, 25.164806], [90.698068, 25.156833], [90.689928, 25.164151], [90.682154, 25.164251], [90.680519, 25.169318], [90.68617, 25.174268], [90.675152, 25.17249], [90.67565, 25.176383], [90.666006, 25.165804], [90.66342, 25.197852], [90.656945, 25.184757], [90.647645, 25.194092], [90.652561, 25.188591], [90.651138, 25.182021], [90.640349, 25.183593], [90.640935, 25.174529], [90.618277, 25.17254], [90.609387, 25.179112], [90.604677, 25.174632], [90.58787, 25.17651], [90.575975, 25.17164], [90.508639, 25.175355], [90.509863, 25.169424], [90.499053, 25.172175], [90.485884, 25.161067], [90.450845, 25.152392], [90.449297, 25.144951], [90.441076, 25.144508], [90.418821, 25.150507], [90.404481, 25.15995], [90.370459, 25.16284], [90.330239, 25.193816], [90.31043, 25.188769], [90.23399, 25.204902], [90.225534, 25.200467], [90.219419, 25.206662], [90.195946, 25.211031], [90.171465, 25.223061], [90.118113, 25.223457], [90.074144, 25.243952], [90.054517, 25.261364], [90.033761, 25.262257], [90.004222, 25.280553], [89.996002, 25.276636], [89.980762, 25.280852], [89.977081, 25.296792], [89.966651, 25.303696], [89.954495, 25.300995], [89.949241, 25.292714], [89.943922, 25.304356], [89.939026, 25.299037], [89.907001, 25.307735], [89.876604, 25.285328], [89.85931, 25.286018], [89.831625, 25.295853], [89.841611, 25.308151], [89.841379, 25.315034], [89.822991, 25.349037], [89.819626, 25.380656], [89.832716, 25.438754], [89.852249, 25.465882], [89.84931, 25.492797], [89.855197, 25.497455], [89.853906, 25.504238], [89.869639, 25.510906], [89.860127, 25.516822], [89.851273, 25.538628], [89.866037, 25.546191], [89.882505, 25.617204], [89.871093, 25.662552], [89.863546, 25.665549], [89.846688, 25.695616], [89.850533, 25.712958], [89.835004, 25.715851], [89.82793, 25.729527], [89.826956, 25.740357], [89.841345, 25.758991], [89.840329, 25.766729], [89.826502, 25.810206], [89.816544, 25.814302], [89.835281, 25.840734], [89.832572, 25.870606], [89.878179, 25.924234], [89.887077, 25.945202], [89.842736, 25.940031], [89.839151, 25.941075], [89.842349, 25.944307], [89.825387, 25.945504], [89.830604, 25.955174], [89.849336, 25.949109], [89.838558, 25.967851], [89.866839, 25.972032], [89.873329, 25.97588], [89.871032, 25.980702], [89.850421, 25.989958], [89.847701, 26.000666], [89.835841, 26.012597], [89.831137, 26.009846], [89.830929, 26.001833], [89.835941, 25.982424], [89.820272, 25.987641], [89.814865, 25.997865], [89.820434, 25.997562], [89.822039, 26.009932], [89.815361, 26.020209], [89.819324, 26.025815], [89.808637, 26.043355], [89.805626, 26.044481], [89.802044, 26.031685], [89.790628, 26.017822], [89.787688, 26.021286], [89.793991, 26.022662], [89.801833, 26.040253], [89.793639, 26.042328], [89.790643, 26.034292], [89.787647, 26.040369], [89.779889, 26.040422], [89.77657, 26.034927], [89.773654, 26.037637], [89.788679, 26.048711], [89.785347, 26.056862], [89.798809, 26.059579], [89.796604, 26.076309], [89.790137, 26.075386], [89.794851, 26.087513], [89.781324, 26.083442], [89.786022, 26.096329], [89.781793, 26.098232], [89.785836, 26.101365], [89.783161, 26.105984], [89.769954, 26.104533], [89.765039, 26.109539], [89.75617, 26.109363], [89.76657, 26.130477], [89.763137, 26.13704], [89.754032, 26.139396], [89.747659, 26.157371], [89.720487, 26.156296], [89.719426, 26.16631], [89.714715, 26.168771], [89.709973, 26.156221], [89.701378, 26.151755], [89.697159, 26.158534], [89.681318, 26.163586], [89.684203, 26.169616], [89.70206, 26.173977], [89.687389, 26.181503], [89.682166, 26.192419], [89.686347, 26.198223], [89.673471, 26.201428], [89.67716, 26.209665], [89.685659, 26.206873], [89.691504, 26.211671], [89.683785, 26.208743], [89.679659, 26.214139], [89.679031, 26.22409], [89.689425, 26.221279], [89.684008, 26.223008], [89.686443, 26.230069], [89.681819, 26.227696], [89.679117, 26.238038], [89.67221, 26.228909], [89.671903, 26.219847], [89.655566, 26.21908], [89.63444, 26.22941], [89.636505, 26.217604], [89.632661, 26.209893], [89.638259, 26.210438], [89.639484, 26.199709], [89.649996, 26.190206], [89.642194, 26.185338], [89.630181, 26.195762], [89.628532, 26.191826], [89.632862, 26.190288], [89.627665, 26.189311], [89.627813, 26.183909], [89.639138, 26.178609], [89.640319, 26.182245], [89.655483, 26.181407], [89.658661, 26.176227], [89.649325, 26.16443], [89.632163, 26.171891], [89.637478, 26.176848], [89.632492, 26.180775], [89.623989, 26.171115], [89.623907, 26.179126], [89.613317, 26.176593], [89.608783, 26.180596], [89.608314, 26.176347], [89.615395, 26.174927], [89.610979, 26.174361], [89.611233, 26.168561], [89.619788, 26.168053], [89.61015, 26.161838], [89.609974, 26.154336], [89.600006, 26.160832], [89.591184, 26.157292], [89.59792, 26.154126], [89.596692, 26.1348], [89.602705, 26.124907], [89.604285, 26.128619], [89.607733, 26.124857], [89.60129, 26.123417], [89.604239, 26.117454], [89.612044, 26.127701], [89.620512, 26.119715], [89.625346, 26.128597], [89.630362, 26.118418], [89.616223, 26.106859], [89.605246, 26.106369], [89.597877, 26.112981], [89.600837, 26.109043], [89.595607, 26.107805], [89.60031, 26.10406], [89.593882, 26.102161], [89.608622, 26.088393], [89.610137, 26.095909], [89.617292, 26.094687], [89.613961, 26.10361], [89.621511, 26.100349], [89.624088, 26.107894], [89.629958, 26.107043], [89.636224, 26.099365], [89.633237, 26.094396], [89.639676, 26.09006], [89.633566, 26.08087], [89.650087, 26.063237], [89.630626, 26.062657], [89.620511, 26.053277], [89.617804, 26.060111], [89.605399, 26.063753], [89.612826, 26.052644], [89.592232, 26.044795], [89.59775, 26.03785], [89.586883, 26.038309], [89.58535, 26.026277], [89.578722, 26.026262], [89.578748, 26.006776], [89.586102, 25.995869], [89.583197, 25.990023], [89.586757, 25.980893], [89.584556, 25.975815], [89.574152, 25.980265], [89.577865, 25.969277], [89.568906, 25.967756], [89.565968, 25.980342], [89.557696, 25.965355], [89.540364, 25.969982], [89.541694, 25.983194], [89.535175, 25.988883], [89.548235, 26.000106], [89.540896, 26.005901], [89.533664, 26.005365], [89.539418, 26.005374], [89.53746, 26.002128], [89.519242, 26.008744], [89.508146, 26.001835], [89.491283, 26.005965], [89.480352, 25.996068], [89.461648, 25.998372], [89.447155, 26.007964], [89.430815, 26.011116], [89.426742, 26.015134], [89.432802, 26.037501], [89.423843, 26.04692], [89.418971, 26.041886], [89.407423, 26.04151], [89.403024, 26.027306], [89.390857, 26.022921], [89.392793, 26.007191], [89.372478, 26.011833], [89.355388, 26.008346], [89.344392, 26.012509], [89.349102, 26.016213], [89.340109, 26.015254], [89.337447, 26.022115], [89.334516, 26.020004], [89.338624, 26.023912], [89.328895, 26.028249], [89.3237, 26.038052], [89.315224, 26.037416], [89.300437, 26.050432], [89.29664, 26.045336], [89.275756, 26.04908], [89.281714, 26.056122], [89.281054, 26.065615], [89.270879, 26.059949], [89.254407, 26.064121], [89.256859, 26.08008], [89.266798, 26.092637], [89.251622, 26.09135], [89.251782, 26.101185], [89.241557, 26.105475], [89.24192, 26.113194], [89.229223, 26.116597], [89.22943, 26.123857], [89.211386, 26.124222], [89.203082, 26.129275], [89.19235, 26.123635], [89.176435, 26.131812], [89.166779, 26.130175], [89.16002, 26.139616], [89.15538, 26.138611], [89.14854, 26.158096], [89.15728, 26.163196], [89.149193, 26.170035], [89.141029, 26.169287], [89.141206, 26.175805], [89.134612, 26.181171], [89.139381, 26.198311], [89.149405, 26.20905], [89.142133, 26.214527], [89.140942, 26.235841], [89.131897, 26.23952], [89.130035, 26.248793], [89.119836, 26.252613], [89.125228, 26.263462], [89.105717, 26.274041], [89.106022, 26.281066], [89.100104, 26.279468], [89.107146, 26.291643], [89.103282, 26.294459], [89.107572, 26.299798], [89.099924, 26.304568], [89.104711, 26.3158], [89.122126, 26.287146], [89.132504, 26.298715], [89.127461, 26.301562], [89.131344, 26.300892], [89.130584, 26.305178], [89.125215, 26.305336], [89.136042, 26.307387], [89.134832, 26.313147], [89.129553, 26.312837], [89.136036, 26.314594], [89.136307, 26.320107], [89.112735, 26.318389], [89.110013, 26.32525], [89.100513, 26.323309], [89.097186, 26.329281], [89.091923, 26.320294], [89.083601, 26.322023], [89.101343, 26.336534], [89.09333, 26.352914], [89.098316, 26.35893], [89.079708, 26.362822], [89.080031, 26.366655], [89.088462, 26.365692], [89.090052, 26.385713], [89.096291, 26.390942], [89.081336, 26.390166], [89.087409, 26.397647], [89.075341, 26.395974], [89.07449, 26.391026], [89.074834, 26.395956], [89.067282, 26.400002], [89.063365, 26.396686], [89.06322, 26.400748], [89.058135, 26.395293], [89.039443, 26.400186], [89.035982, 26.394896], [89.029848, 26.407124], [89.019406, 26.404125], [89.021992, 26.414014], [89.007226, 26.412734], [89.005936, 26.421411], [88.993737, 26.42299], [88.998609, 26.413884], [88.994039, 26.412819], [88.992772, 26.418924], [88.980752, 26.425267], [88.983056, 26.430875], [88.978778, 26.435994], [88.982893, 26.437986], [88.983266, 26.446509], [88.978542, 26.446162], [88.979438, 26.449631], [88.975813, 26.446408], [88.966313, 26.451262], [88.965718, 26.457574], [88.955841, 26.460208], [88.95978, 26.452288], [88.965355, 26.45149], [88.960569, 26.448273], [88.951279, 26.452064], [88.951876, 26.448419], [88.946169, 26.447938], [88.951316, 26.434996], [88.944649, 26.431849], [88.944766, 26.425592], [88.926192, 26.432051], [88.925938, 26.42762], [88.932798, 26.426834], [88.923032, 26.423361], [88.931313, 26.414188], [88.926559, 26.406788], [88.904789, 26.408459], [88.909954, 26.400776], [88.91744, 26.403161], [88.916512, 26.384833], [88.909067, 26.380452], [88.921402, 26.377175], [88.910047, 26.370218], [88.911931, 26.366105], [88.920079, 26.366233], [88.918578, 26.359857], [88.926084, 26.364742], [88.936825, 26.356722], [88.946771, 26.355692], [88.949852, 26.365928], [88.958429, 26.361681], [88.946293, 26.345827], [88.959051, 26.343534], [88.951755, 26.34259], [88.952395, 26.332232], [88.96037, 26.330055], [88.96141, 26.352296], [88.965191, 26.348693], [88.972677, 26.351693], [88.977819, 26.346551], [88.987219, 26.348321], [88.990004, 26.338483], [88.981808, 26.340997], [88.985546, 26.332764], [88.990606, 26.335353], [89.000968, 26.329747], [88.998009, 26.322396], [88.991518, 26.322321], [88.997118, 26.313737], [88.98462, 26.317957], [88.982657, 26.309497], [88.984937, 26.300543], [88.994898, 26.296672], [88.997586, 26.299631], [88.995738, 26.290238], [89.000027, 26.290678], [89.006851, 26.30439], [89.012353, 26.292476], [89.018406, 26.289813], [89.014312, 26.300221], [89.021586, 26.309019], [89.02661, 26.305402], [89.020083, 26.289094], [89.027518, 26.282468], [89.040773, 26.285767], [89.038029, 26.277466], [89.045123, 26.275136], [89.043194, 26.279961], [89.048176, 26.279769], [89.05055, 26.288319], [89.044807, 26.283576], [89.046315, 26.289451], [89.042127, 26.290033], [89.045868, 26.295351], [89.059467, 26.293435], [89.057506, 26.285575], [89.062477, 26.278661], [89.053883, 26.277203], [89.063339, 26.270366], [89.062642, 26.253752], [89.051305, 26.255297], [89.050685, 26.241653], [89.027553, 26.24764], [89.018262, 26.241937], [88.993032, 26.245464], [88.957317, 26.240296], [88.92628, 26.283778], [88.898269, 26.288644], [88.875933, 26.286579], [88.861385, 26.272663], [88.864586, 26.26873], [88.861469, 26.251999], [88.872221, 26.239907], [88.877691, 26.242195], [88.877864, 26.233378], [88.859824, 26.23142], [88.851898, 26.2351], [88.841725, 26.23072], [88.83809, 26.238151], [88.827667, 26.23964], [88.829163, 26.249706], [88.823484, 26.248504], [88.823243, 26.253343], [88.812942, 26.25599], [88.814994, 26.268988], [88.810018, 26.276811], [88.81911, 26.294494], [88.793564, 26.30997], [88.782594, 26.3031], [88.759764, 26.300257], [88.758578, 26.294759], [88.747521, 26.295505], [88.747317, 26.301049], [88.737904, 26.292431], [88.729691, 26.294605], [88.717111, 26.281082], [88.711403, 26.286381], [88.699738, 26.284166], [88.696187, 26.277282], [88.686071, 26.276755], [88.692585, 26.26954], [88.686024, 26.26757], [88.683236, 26.260823], [88.679479, 26.258905], [88.676791, 26.264658], [88.666226, 26.262657], [88.672245, 26.26849], [88.666916, 26.273238], [88.668044, 26.297173], [88.678673, 26.298827], [88.677976, 26.306947], [88.683092, 26.308453], [88.67907, 26.314657], [88.675296, 26.311366], [88.67513, 26.320072], [88.695418, 26.328746], [88.690185, 26.323109], [88.693267, 26.313985], [88.715041, 26.317977], [88.718824, 26.312121], [88.731236, 26.318351], [88.730648, 26.323621], [88.746508, 26.322385], [88.748742, 26.331927], [88.733866, 26.328655], [88.744057, 26.338477], [88.7453, 26.347859], [88.733262, 26.353832], [88.735917, 26.347967], [88.729633, 26.348008], [88.72615, 26.341268], [88.712847, 26.343652], [88.710153, 26.334678], [88.702764, 26.334394], [88.704023, 26.341872], [88.698586, 26.341121], [88.694105, 26.346729], [88.698581, 26.356728], [88.691473, 26.361179], [88.696264, 26.361951], [88.688915, 26.364951], [88.686611, 26.37881], [88.681012, 26.379408], [88.70227, 26.388444], [88.687428, 26.386827], [88.689172, 26.395683], [88.672328, 26.395702], [88.673528, 26.402005], [88.687425, 26.400985], [88.686755, 26.406029], [88.667806, 26.407185], [88.660448, 26.416317], [88.644459, 26.418746], [88.651064, 26.421661], [88.649796, 26.429588], [88.623771, 26.434788], [88.628301, 26.441042], [88.62289, 26.471079], [88.594753, 26.470637], [88.592952, 26.449814], [88.58435, 26.450282], [88.578792, 26.456657], [88.560929, 26.456463], [88.560141, 26.47304], [88.55262, 26.475323], [88.556764, 26.484799], [88.526481, 26.481379], [88.524147, 26.485642], [88.527948, 26.486478], [88.522869, 26.486708], [88.5245, 26.492783], [88.518672, 26.501268], [88.521393, 26.510507], [88.51068, 26.510741], [88.507207, 26.51648], [88.489751, 26.510359], [88.490052, 26.525074], [88.485338, 26.526087], [88.489653, 26.531955], [88.481993, 26.531544], [88.485009, 26.540685], [88.458888, 26.547118], [88.456483, 26.536893], [88.448265, 26.535287], [88.443079, 26.543954], [88.437156, 26.544072], [88.42117, 26.571017], [88.416074, 26.631618], [88.409257, 26.634848], [88.398382, 26.626], [88.396773, 26.617748], [88.386777, 26.61074], [88.398644, 26.603953], [88.376039, 26.594696], [88.370836, 26.560289], [88.357153, 26.541768], [88.359394, 26.53007], [88.351906, 26.523199], [88.349479, 26.509108], [88.332129, 26.49315], [88.331867, 26.481806], [88.340859, 26.478165], [88.340492, 26.468942], [88.347053, 26.468251], [88.354823, 26.447022], [88.366071, 26.47078], [88.360534, 26.48456], [88.371239, 26.488205], [88.388545, 26.4783], [88.405008, 26.485809], [88.405018, 26.480617], [88.419759, 26.465746], [88.42284, 26.47268], [88.427734, 26.473014], [88.437411, 26.465914], [88.458864, 26.466623], [88.485245, 26.460257], [88.47893, 26.452304], [88.486529, 26.450573], [88.496215, 26.437062], [88.48966, 26.430013], [88.498381, 26.425193], [88.494013, 26.418738], [88.502753, 26.417481], [88.495594, 26.409542], [88.502799, 26.403042], [88.508963, 26.407208], [88.510061, 26.40162], [88.505045, 26.398714], [88.512909, 26.387631], [88.519213, 26.390002], [88.512825, 26.377766], [88.517192, 26.370568], [88.524786, 26.374796], [88.522155, 26.367022], [88.515372, 26.365335], [88.523352, 26.360824], [88.518546, 26.351602], [88.509303, 26.352597], [88.505684, 26.348557], [88.507746, 26.362525], [88.488402, 26.360276], [88.491913, 26.351407], [88.482362, 26.349703], [88.477401, 26.35773], [88.463202, 26.357267], [88.458619, 26.362108], [88.457723, 26.37666], [88.446088, 26.364401], [88.435577, 26.335767], [88.412855, 26.33748], [88.40435, 26.329835], [88.407018, 26.323648], [88.415647, 26.324317], [88.414938, 26.314823], [88.39988, 26.317237], [88.384661, 26.313259], [88.378434, 26.305381], [88.370223, 26.304836], [88.349668, 26.28225], [88.348584, 26.250277], [88.359663, 26.242359], [88.354419, 26.238314], [88.35051, 26.220423], [88.331201, 26.217049], [88.319844, 26.202855], [88.30847, 26.204353], [88.298827, 26.197269], [88.292242, 26.198355], [88.292427, 26.202183], [88.28764, 26.197378], [88.285812, 26.200152], [88.284206, 26.194838], [88.269342, 26.186484], [88.263721, 26.190102], [88.253368, 26.185104], [88.249495, 26.189911], [88.241826, 26.189083], [88.236483, 26.182674], [88.233491, 26.184539], [88.237332, 26.177312], [88.226187, 26.173024], [88.226935, 26.168389], [88.218316, 26.166333], [88.214428, 26.170002], [88.211739, 26.167357], [88.216217, 26.163303], [88.205655, 26.15924], [88.19679, 26.163489], [88.191535, 26.157026], [88.195079, 26.152215], [88.190408, 26.155292], [88.177276, 26.148057], [88.180037, 26.139171], [88.173898, 26.128257], [88.178393, 26.123567], [88.172012, 26.110291], [88.163339, 26.107277], [88.158451, 26.095297], [88.16564, 26.088138], [88.158379, 26.079826], [88.162745, 26.076894], [88.168602, 26.083554], [88.173553, 26.075589], [88.183345, 26.072886], [88.181492, 26.06753], [88.185665, 26.063661], [88.176063, 26.05806], [88.179322, 26.0465], [88.173592, 26.049888], [88.169536, 26.045199], [88.175445, 26.039709], [88.171812, 26.032784], [88.183207, 26.026777], [88.178318, 26.02144], [88.155014, 26.020044], [88.139712, 26.012917], [88.143698, 26.000365], [88.129692, 25.996943], [88.127895, 25.976614], [88.119294, 25.971564], [88.124274, 25.966146], [88.115178, 25.962776], [88.114028, 25.958302], [88.122374, 25.948373], [88.112588, 25.943468], [88.111462, 25.93325], [88.094682, 25.931424], [88.08596, 25.915983], [88.094371, 25.908482], [88.090283, 25.896524], [88.103016, 25.88925], [88.094172, 25.873366], [88.102033, 25.871568], [88.10246, 25.861815], [88.106773, 25.868968], [88.110679, 25.867888], [88.113872, 25.854363], [88.101427, 25.844199], [88.108379, 25.838312], [88.101166, 25.828976], [88.111613, 25.821652], [88.107024, 25.815039], [88.120113, 25.812435], [88.114476, 25.797941], [88.144259, 25.793638], [88.141685, 25.780146], [88.148164, 25.781406], [88.14711, 25.776292], [88.151494, 25.775551], [88.15944, 25.787609], [88.173105, 25.786613], [88.183773, 25.80169], [88.193495, 25.801533], [88.199493, 25.78996], [88.209509, 25.786809], [88.21567, 25.801427], [88.231015, 25.79675], [88.233518, 25.800445], [88.230157, 25.802607], [88.236267, 25.80944], [88.246917, 25.805969], [88.248642, 25.813401], [88.259656, 25.813826], [88.269554, 25.808177], [88.271868, 25.790622], [88.266507, 25.782449], [88.276517, 25.774885], [88.290839, 25.773764], [88.289105, 25.767822], [88.317169, 25.752522], [88.315087, 25.746545], [88.320757, 25.745176], [88.32095, 25.737472], [88.337588, 25.737623], [88.344073, 25.729437], [88.358849, 25.728068], [88.356802, 25.721295], [88.374252, 25.717066], [88.373191, 25.709465], [88.369945, 25.70996], [88.371492, 25.696539], [88.391507, 25.693519], [88.390192, 25.684008], [88.405183, 25.68422], [88.401686, 25.672562], [88.453815, 25.664937], [88.455805, 25.628581], [88.445163, 25.615495], [88.449625, 25.604989], [88.444352, 25.596922], [88.45765, 25.598684], [88.465753, 25.586914], [88.469773, 25.588506], [88.469557, 25.583109], [88.499915, 25.583949], [88.493505, 25.558847], [88.498993, 25.558665], [88.50033, 25.55076], [88.509092, 25.544136], [88.513797, 25.547522], [88.519691, 25.544617], [88.518724, 25.538282], [88.523492, 25.535161], [88.527696, 25.543333], [88.533092, 25.542099], [88.532797, 25.532215], [88.540261, 25.532798], [88.539953, 25.508296], [88.546381, 25.508337], [88.552356, 25.520787], [88.553103, 25.515327], [88.560182, 25.512409], [88.595507, 25.505876], [88.602435, 25.51569], [88.609087, 25.516302], [88.60738, 25.508593], [88.613033, 25.509869], [88.622477, 25.496955], [88.640815, 25.499862], [88.648364, 25.496399], [88.642696, 25.492684], [88.647052, 25.477819], [88.660249, 25.481781], [88.662998, 25.473644], [88.688536, 25.475471], [88.699495, 25.471194], [88.71041, 25.480595], [88.707517, 25.499867], [88.713292, 25.499984], [88.713821, 25.495565], [88.714409, 25.499503], [88.74215, 25.504995], [88.743921, 25.494779], [88.74004, 25.489304], [88.745031, 25.487853], [88.748108, 25.4934], [88.760075, 25.492754], [88.768846, 25.498541], [88.770814, 25.505129], [88.765878, 25.504114], [88.759241, 25.511198], [88.75869, 25.525244], [88.767457, 25.525162], [88.782444, 25.515077], [88.79238, 25.5227], [88.810893, 25.522936], [88.808041, 25.513134], [88.813664, 25.487976], [88.829657, 25.490255], [88.839331, 25.458339], [88.826238, 25.444481], [88.826884, 25.43745], [88.834308, 25.431659], [88.834451, 25.427367], [88.828563, 25.425909], [88.830001, 25.416945], [88.818327, 25.418073], [88.812295, 25.410544], [88.823243, 25.409519], [88.823755, 25.401015], [88.837194, 25.401796], [88.840856, 25.397634], [88.836798, 25.384349], [88.841723, 25.38161], [88.838475, 25.381403], [88.840185, 25.36376], [88.854506, 25.363197], [88.85571, 25.354195], [88.86892, 25.352209], [88.866481, 25.342972], [88.885123, 25.325616], [88.888542, 25.326061], [88.887652, 25.337097], [88.906295, 25.33769], [88.906099, 25.327868], [88.915521, 25.312028], [88.924015, 25.312022], [88.927802, 25.317196], [88.929461, 25.304083], [88.957975, 25.300768], [88.961011, 25.305902], [88.971444, 25.300939], [88.975925, 25.306192], [88.985308, 25.305942], [88.985187, 25.298805], [88.996119, 25.295632], [89.008898, 25.303068], [89.007904, 25.264904], [88.986821, 25.274451], [88.982274, 25.264881], [88.95616, 25.254941], [88.950629, 25.243943], [88.954364, 25.237079], [88.951678, 25.232206], [88.961771, 25.209071], [88.944336, 25.206209], [88.936375, 25.210618], [88.93382, 25.199844], [88.93792, 25.193496], [88.947552, 25.194401], [88.943535, 25.183026], [88.949623, 25.181174], [88.948791, 25.176596], [88.941192, 25.173438], [88.932587, 25.180883], [88.923076, 25.164909], [88.912349, 25.167975], [88.911424, 25.179763], [88.89048, 25.184057], [88.889898, 25.178045], [88.875264, 25.179344], [88.874954, 25.196224], [88.86438, 25.189992], [88.864917, 25.200593], [88.85161, 25.200526], [88.850182, 25.210124], [88.843763, 25.213807], [88.830381, 25.205335], [88.827406, 25.192159], [88.817908, 25.188896], [88.813393, 25.174271], [88.80586, 25.170451], [88.773673, 25.179356], [88.772828, 25.189416], [88.769401, 25.189845], [88.76703, 25.183122], [88.758613, 25.186616], [88.749096, 25.176852], [88.750929, 25.182815], [88.73623, 25.186633], [88.733005, 25.198758], [88.717502, 25.201528], [88.711481, 25.20766], [88.680077, 25.2089], [88.678584, 25.203094], [88.669099, 25.198196], [88.642895, 25.206283], [88.631018, 25.201712], [88.612722, 25.204171], [88.598145, 25.190427], [88.589905, 25.192582], [88.591211, 25.185093], [88.581481, 25.182137], [88.579637, 25.176818], [88.565579, 25.175088], [88.55576, 25.17897], [88.559797, 25.184372], [88.557614, 25.192611], [88.542133, 25.193962], [88.54078, 25.189032], [88.533977, 25.18752], [88.532483, 25.193772], [88.537778, 25.197818], [88.500051, 25.203435], [88.499145, 25.210386], [88.475484, 25.213383], [88.471772, 25.197443], [88.443688, 25.197297], [88.442046, 25.174339], [88.452775, 25.163751], [88.457234, 25.164616], [88.457039, 25.153081], [88.461404, 25.149386], [88.457508, 25.147848], [88.460886, 25.144507], [88.458658, 25.13557], [88.44142, 25.127508], [88.442068, 25.114981], [88.447808, 25.109627], [88.444098, 25.099706], [88.446361, 25.082956], [88.45287, 25.079305], [88.434966, 25.055962], [88.437841, 25.043076], [88.452658, 25.036871], [88.438563, 25.02231], [88.441168, 25.017883], [88.437345, 25.015791], [88.442207, 25.013095], [88.435174, 25.013265], [88.436539, 25.006454], [88.427473, 25.007651], [88.425569, 25.016434], [88.420491, 24.999687], [88.412093, 24.998811], [88.411716, 24.985478], [88.418724, 24.983184], [88.412315, 24.982302], [88.417428, 24.974833], [88.410948, 24.973388], [88.405096, 24.979717], [88.405714, 24.972346], [88.395247, 24.969079], [88.393398, 24.960273], [88.399226, 24.959094], [88.401863, 24.950803], [88.398838, 24.94532], [88.381615, 24.93913], [88.366679, 24.944909], [88.36404, 24.953286], [88.354667, 24.942026], [88.350107, 24.944859], [88.340904, 24.940631], [88.338487, 24.92679], [88.33453, 24.926622], [88.33659, 24.918677], [88.324279, 24.916823], [88.327746, 24.904323], [88.334051, 24.904827], [88.332778, 24.897147], [88.34388, 24.899568], [88.347008, 24.892433], [88.330619, 24.87014], [88.320916, 24.876033], [88.321059, 24.883468], [88.301918, 24.871891], [88.297981, 24.88143], [88.302007, 24.885842], [88.291482, 24.889404], [88.285694, 24.88641], [88.281605, 24.890795], [88.278126, 24.888053], [88.276084, 24.897795], [88.268984, 24.891252], [88.26721, 24.878319], [88.258266, 24.87755], [88.264534, 24.899301], [88.260519, 24.919182], [88.226113, 24.959706], [88.183584, 24.953887], [88.175491, 24.946241], [88.170209, 24.950363], [88.164618, 24.941321], [88.158393, 24.941374], [88.157518, 24.933516], [88.138044, 24.936161], [88.140375, 24.914039], [88.148974, 24.911224], [88.161942, 24.893074], [88.169339, 24.892452], [88.168692, 24.888195], [88.157572, 24.892264], [88.15268, 24.884414], [88.163739, 24.877956], [88.159147, 24.872062], [88.165889, 24.863415], [88.175013, 24.860146], [88.162249, 24.857965], [88.164135, 24.850259], [88.16044, 24.848492], [88.150941, 24.849257], [88.150403, 24.853351], [88.1504, 24.849953], [88.144949, 24.8511], [88.14712, 24.843628], [88.141286, 24.84182], [88.14091, 24.834377], [88.131912, 24.836012], [88.136284, 24.805275], [88.13078, 24.804949], [88.123545, 24.823109], [88.111102, 24.812853], [88.105205, 24.800343], [88.106098, 24.779567], [88.089018, 24.782902], [88.077872, 24.769098], [88.072453, 24.772961], [88.068307, 24.76915], [88.074546, 24.760747], [88.06576, 24.750708], [88.0725, 24.743642], [88.062846, 24.721596], [88.008756, 24.667834], [88.041176, 24.643314], [88.096918, 24.556451], [88.140755, 24.51124], [88.173549, 24.493046], [88.198401, 24.462495], [88.271923, 24.44058], [88.284926, 24.422159], [88.333984, 24.381393], [88.357069, 24.373605], [88.389337, 24.371879], [88.424904, 24.383193], [88.446432, 24.378581], [88.483713, 24.35702], [88.496009, 24.354432], [88.507903, 24.342484], [88.527119, 24.344379], [88.555135, 24.293341], [88.567688, 24.326654], [88.587189, 24.324055], [88.587886, 24.314346], [88.603318, 24.310095], [88.606694, 24.315146], [88.623563, 24.315675], [88.628488, 24.305093], [88.648931, 24.310922], [88.652525, 24.305032], [88.658989, 24.314392], [88.696588, 24.315353], [88.724777, 24.297787], [88.735439, 24.276495], [88.740962, 24.253919], [88.731408, 24.173387], [88.746491, 24.147065], [88.707004, 24.119142], [88.697481, 24.120532], [88.69319, 24.111153], [88.699973, 24.109537], [88.700275, 24.094303], [88.72366, 24.073024], [88.725458, 24.065437], [88.733734, 24.066168], [88.741631, 24.057122], [88.741114, 24.048552], [88.72464, 24.047704], [88.724754, 24.041612], [88.742036, 24.03285], [88.757491, 24.032095], [88.748988, 24.022155], [88.734683, 24.01749], [88.729046, 23.996114], [88.736454, 23.995643], [88.745022, 24.005529], [88.760195, 24.006058], [88.768946, 23.982197], [88.73851, 23.98324], [88.732486, 23.961127], [88.74249, 23.95103], [88.738771, 23.949539], [88.743427, 23.93017], [88.734934, 23.932915], [88.733404, 23.910975], [88.722949, 23.916317], [88.713, 23.912502], [88.706397, 23.916273], [88.699327, 23.910181], [88.704339, 23.899175], [88.688387, 23.901483], [88.682935, 23.888623], [88.664283, 23.882422], [88.667586, 23.869445], [88.653492, 23.86547], [88.637732, 23.871394], [88.626412, 23.864942], [88.624818, 23.875106], [88.616439, 23.876512], [88.608986, 23.872749], [88.608048, 23.862349], [88.58749, 23.871452], [88.582469, 23.862504], [88.575641, 23.861552], [88.578382, 23.850671], [88.58427, 23.85505], [88.591093, 23.853015], [88.58652, 23.831184], [88.602129, 23.817216], [88.594453, 23.808851], [88.585158, 23.813633], [88.596199, 23.804887], [88.591621, 23.797826], [88.581644, 23.797279], [88.578127, 23.786576], [88.556035, 23.784211], [88.565029, 23.77728], [88.579573, 23.774695], [88.580815, 23.760536], [88.570082, 23.748085], [88.574289, 23.739684], [88.57201, 23.73375], [88.575283, 23.738243], [88.576603, 23.732967], [88.569039, 23.727566], [88.564506, 23.711329], [88.567529, 23.686177], [88.574076, 23.680973], [88.573821, 23.666941], [88.558208, 23.649154], [88.563367, 23.645458], [88.56217, 23.637088], [88.593765, 23.64081], [88.594089, 23.617595], [88.585317, 23.616544], [88.580074, 23.602967], [88.597186, 23.601946], [88.606273, 23.610357], [88.601507, 23.606852], [88.609094, 23.604391], [88.607349, 23.600186], [88.629452, 23.609089], [88.645532, 23.609284], [88.638763, 23.590735], [88.650562, 23.585368], [88.654253, 23.556153], [88.663341, 23.547318], [88.678337, 23.54583], [88.686179, 23.537805], [88.684232, 23.52933], [88.691165, 23.531265], [88.691724, 23.524536], [88.696426, 23.525665], [88.695753, 23.517311], [88.706192, 23.517048], [88.714921, 23.508532], [88.725135, 23.511833], [88.729571, 23.496401], [88.742693, 23.486595], [88.741421, 23.47968], [88.746302, 23.482937], [88.760906, 23.478386], [88.756832, 23.486181], [88.760679, 23.489919], [88.767896, 23.480864], [88.774887, 23.479814], [88.768247, 23.490126], [88.785952, 23.50724], [88.784499, 23.497173], [88.792748, 23.502866], [88.800787, 23.497124], [88.794555, 23.485579], [88.801413, 23.48581], [88.787312, 23.469082], [88.792847, 23.461047], [88.790005, 23.449124], [88.795316, 23.443023], [88.785068, 23.444796], [88.784337, 23.438399], [88.779121, 23.43729], [88.782234, 23.441313], [88.773332, 23.444045], [88.773276, 23.448316], [88.764314, 23.448206], [88.761297, 23.426592], [88.754445, 23.416384], [88.76123, 23.408428], [88.749262, 23.400554], [88.754393, 23.395077], [88.752944, 23.389122], [88.759603, 23.384563], [88.762894, 23.387209], [88.758542, 23.374112], [88.765435, 23.367884], [88.75816, 23.359938], [88.747713, 23.362002], [88.745953, 23.349007], [88.732032, 23.351987], [88.739052, 23.34345], [88.732663, 23.32807], [88.743704, 23.327914], [88.749665, 23.321472], [88.745298, 23.30782], [88.739265, 23.304891], [88.731801, 23.308033], [88.730417, 23.319583], [88.724758, 23.317963], [88.725409, 23.298692], [88.719004, 23.297898], [88.719951, 23.303258], [88.7146, 23.305839], [88.70679, 23.303993], [88.710345, 23.312854], [88.696361, 23.30229], [88.697637, 23.29174], [88.708955, 23.289737], [88.71138, 23.278216], [88.72441, 23.271621], [88.718894, 23.254798], [88.751877, 23.240181], [88.759703, 23.245755], [88.769538, 23.244844], [88.778063, 23.236086], [88.773294, 23.231006], [88.774419, 23.224413], [88.789801, 23.21834], [88.811439, 23.221548], [88.8059, 23.237478], [88.811462, 23.256088], [88.828799, 23.244869], [88.823822, 23.233414], [88.836514, 23.243309], [88.844897, 23.230514], [88.85105, 23.230831], [88.853822, 23.23633], [88.861296, 23.23194], [88.874703, 23.234159], [88.886173, 23.225945], [88.886764, 23.231303], [88.906851, 23.235965], [88.914967, 23.228833], [88.914587, 23.21347], [88.921024, 23.216011], [88.916737, 23.219581], [88.92666, 23.217949], [88.929525, 23.211522], [88.94263, 23.206114], [88.964069, 23.214657], [88.970882, 23.222651], [88.978731, 23.214483], [88.975931, 23.224433], [88.981389, 23.222207], [88.979564, 23.215493], [88.982809, 23.221769], [88.995725, 23.2147], [88.97967, 23.212858], [88.987722, 23.202653], [88.98009, 23.19371], [88.980385, 23.182547], [88.976065, 23.181859], [88.975336, 23.192349], [88.962308, 23.193145], [88.95623, 23.181899], [88.939094, 23.176804], [88.934024, 23.161762], [88.927865, 23.163038], [88.932319, 23.156083], [88.930844, 23.143193], [88.923272, 23.145119], [88.917897, 23.12908], [88.910328, 23.129736], [88.899871, 23.111917], [88.891702, 23.107677], [88.882797, 23.110811], [88.883603, 23.104557], [88.868446, 23.101068], [88.874641, 23.089768], [88.866162, 23.086096], [88.86556, 23.077732], [88.861007, 23.077305], [88.874151, 23.065785], [88.874895, 23.044504], [88.884117, 23.040433], [88.881039, 23.025689], [88.872, 23.016757], [88.879755, 23.006326], [88.876683, 23.003252], [88.845086, 23.009858], [88.851461, 23.002211], [88.86451, 23.001024], [88.865332, 22.985549], [88.870967, 22.978633], [88.857049, 22.968883], [88.859445, 22.94319], [88.869317, 22.951442], [88.876083, 22.948704], [88.879273, 22.954015], [88.894264, 22.951999], [88.892743, 22.937934], [88.886891, 22.933209], [88.908136, 22.91978], [88.905543, 22.914575], [88.895679, 22.913074], [88.901044, 22.905916], [88.897931, 22.89795], [88.907833, 22.893623], [88.90542, 22.885824], [88.912304, 22.881007], [88.90943, 22.879856], [88.922544, 22.880104], [88.928333, 22.87249], [88.947662, 22.879188], [88.968644, 22.8443], [88.955524, 22.81181], [88.959896, 22.807129], [88.957887, 22.795865], [88.9496, 22.797296], [88.943312, 22.790336], [88.938087, 22.79297], [88.935652, 22.781856], [88.923905, 22.779563], [88.925823, 22.769874], [88.917828, 22.770006], [88.911005, 22.757731], [88.920751, 22.753202], [88.91569, 22.736538], [88.925215, 22.727934], [88.927904, 22.718071], [88.956112, 22.703976], [88.962366, 22.694972], [88.961636, 22.68522], [88.955585, 22.685987], [88.947893, 22.677587], [88.945026, 22.662395], [88.925799, 22.65033], [88.934921, 22.626211], [88.958414, 22.616429], [88.937205, 22.591393], [88.943937, 22.571912], [88.942425, 22.562395], [88.944949, 22.557799], [88.954472, 22.558594], [88.963123, 22.548498], [88.972204, 22.522495], [88.974418, 22.497337], [88.98296, 22.482005], [88.997141, 22.469917], [88.990562, 22.445627], [89.001799, 22.430486], [88.973476, 22.411516], [88.992979, 22.390824], [88.983558, 22.374951], [88.990046, 22.365047], [88.985919, 22.358268], [88.984178, 22.327301], [88.988732, 22.32272], [89.00075, 22.323804], [89.024212, 22.297622], [88.998516, 22.296443], [88.99417, 22.286793], [89.019749, 22.268068], [89.012058, 22.253918], [89.033044, 22.258643], [89.040126, 22.228326], [89.070753, 22.19722], [89.06339, 22.168752], [89.072368, 22.147478], [89.077313, 22.147127], [89.089791, 22.160305], [89.098106, 22.153631], [89.093016, 22.143929], [89.049277, 22.115605], [89.039437, 22.099757], [89.048268, 22.058483], [89.081554, 22.010672], [89.070689, 22.011351], [89.070734, 21.948496], [89.06624, 21.935763], [89.0271, 21.92583], [89.000609, 21.950696], [89.013046, 21.970469], [89.00728, 21.973204], [88.990552, 21.957214], [88.986618, 21.946201], [89.021898, 21.921561], [89.014699, 21.899625], [89.009593, 21.896108], [88.967735, 21.916421], [88.962117, 21.923714], [88.939931, 21.926493], [88.925535, 21.942934], [88.924712, 21.960451], [88.93755, 21.974561], [88.942094, 21.993202], [88.948364, 21.999207], [88.939098, 22.026073], [88.939524, 22.056814], [88.947826, 22.06396], [88.967609, 22.068091], [88.980796, 22.080038], [88.989568, 22.105049], [88.988012, 22.11262], [88.982006, 22.109963], [88.972638, 22.083387], [88.965204, 22.075589], [88.933535, 22.067793], [88.929993, 22.029159], [88.935048, 22.003977], [88.928298, 21.996608], [88.930922, 21.987349], [88.915851, 21.977837], [88.909221, 22.000747], [88.898639, 22.002014], [88.901713, 21.97632], [88.894778, 21.967904], [88.903581, 21.968348], [88.905214, 21.961993], [88.9026, 21.93851], [88.893998, 21.942497], [88.901422, 21.930302], [88.899205, 21.924087], [88.884524, 21.918445], [88.872034, 21.92054], [88.862833, 21.930079], [88.840876, 21.936711], [88.837247, 21.946124], [88.840869, 21.969079], [88.836994, 21.975392], [88.804792, 21.96621], [88.782849, 21.968458], [88.782755, 21.982571], [88.776237, 21.986975], [88.77015, 21.989139], [88.757558, 21.984154], [88.761339, 21.999465], [88.742133, 21.979067], [88.742411, 21.987465], [88.762309, 22.015386], [88.761733, 22.028976], [88.752342, 22.049099], [88.775563, 22.050533], [88.748193, 22.056323], [88.758688, 22.079037], [88.777288, 22.087079], [88.778744, 22.099785], [88.785372, 22.106829], [88.803555, 22.107086], [88.804474, 22.117754], [88.811387, 22.124498], [88.830967, 22.122978], [88.806685, 22.132616], [88.798377, 22.125278], [88.795872, 22.113328], [88.784959, 22.114729], [88.771959, 22.106976], [88.77043, 22.093152], [88.751779, 22.08372], [88.738107, 22.053486], [88.728125, 22.043836], [88.73747, 22.032343], [88.740012, 22.02015], [88.706837, 21.989762], [88.699627, 21.972587], [88.704877, 21.945904], [88.700287, 21.949424], [88.691469, 21.942416], [88.666994, 21.947361], [88.651586, 21.944631], [88.640905, 21.950103], [88.637393, 21.95758], [88.625071, 21.956077], [88.622145, 21.987769], [88.641821, 22.021909], [88.646711, 22.039373], [88.646813, 22.048723], [88.638118, 22.046109], [88.621609, 22.02574], [88.602729, 21.982104], [88.605016, 21.961036], [88.618844, 21.938487], [88.605121, 21.93323], [88.607212, 21.907452], [88.59109, 21.891606], [88.572289, 21.884147], [88.568263, 21.905276], [88.562078, 21.900735], [88.542376, 21.908202], [88.538609, 21.900277], [88.545086, 21.893368], [88.546159, 21.880849], [88.538041, 21.872623], [88.53855, 21.860851], [88.532848, 21.856392], [88.523767, 21.85361], [88.495417, 21.875123], [88.496693, 21.889731], [88.52528, 21.918165], [88.501982, 21.896791], [88.520237, 21.914701], [88.524338, 21.93152], [88.517794, 21.945357], [88.498444, 21.965417], [88.502457, 21.975704], [88.516414, 21.984733], [88.515063, 21.988138], [88.495785, 21.973894], [88.493368, 21.960309], [88.507385, 21.93155], [88.503267, 21.920611], [88.480069, 21.906707], [88.476194, 21.897353], [88.490586, 21.850983], [88.49079, 21.834572], [88.499951, 21.821008], [88.501451, 21.809079], [88.466164, 21.783308], [88.454031, 21.750994], [88.455281, 21.71236], [88.440801, 21.710186], [88.414083, 21.692715], [88.412525, 21.653997], [88.427549, 21.637442], [88.432832, 21.62393], [88.412687, 21.608273], [88.41112, 21.583672], [88.387935, 21.593697], [88.394299, 21.594019], [88.395558, 21.59954], [88.383061, 21.608419], [88.387245, 21.621001], [88.384165, 21.651509], [88.369079, 21.680141], [88.35076, 21.692152], [88.342324, 21.710639], [88.33002, 21.722306], [88.322429, 21.721559], [88.33024, 21.708879], [88.304591, 21.71751], [88.309198, 21.736156], [88.29974, 21.784315], [88.265402, 21.801337], [88.301356, 21.823808], [88.309876, 21.835725], [88.263756, 21.811814], [88.262689, 21.800896], [88.290618, 21.772795], [88.295473, 21.727582], [88.273875, 21.727526], [88.305383, 21.669903], [88.290836, 21.623365], [88.296643, 21.594213], [88.28584, 21.594131], [88.286978, 21.576276], [88.276486, 21.580274], [88.274371, 21.568729], [88.256101, 21.556186], [88.250711, 21.557685], [88.240471, 21.572392], [88.254837, 21.585224], [88.258356, 21.594416], [88.242043, 21.619758], [88.254267, 21.630192], [88.239663, 21.621032], [88.254184, 21.595627], [88.246033, 21.584403], [88.231661, 21.606286], [88.218255, 21.614979], [88.23698, 21.643691], [88.23055, 21.657862], [88.226545, 21.656352], [88.230827, 21.64346], [88.210163, 21.617292], [88.211596, 21.600358], [88.202697, 21.605941], [88.18131, 21.662366], [88.1783, 21.702018], [88.195068, 21.721303], [88.202352, 21.714771], [88.181176, 21.687415], [88.207022, 21.709661], [88.214976, 21.763326], [88.202228, 21.796353], [88.195709, 21.842603], [88.158238, 21.887318], [88.169383, 21.906879], [88.164642, 21.930342], [88.141316, 21.957276], [88.146829, 21.965516], [88.150994, 21.963673], [88.14739, 21.965961], [88.158773, 21.991185], [88.191772, 22.021803], [88.212799, 22.051627], [88.225193, 22.07909], [88.224252, 22.099174], [88.194398, 22.183638], [88.164417, 22.197848], [88.132867, 22.200937], [88.115923, 22.209294], [88.071616, 22.209818], [88.070035, 22.215269], [88.088191, 22.242893], [88.087865, 22.270444], [88.102703, 22.287935], [88.108639, 22.28611], [88.103059, 22.288963], [88.100937, 22.332186], [88.106884, 22.374688], [88.114056, 22.383695], [88.135431, 22.39472], [88.145486, 22.408579], [88.145857, 22.425523], [88.126433, 22.448165], [88.121945, 22.466328], [88.138326, 22.47349], [88.165703, 22.476263], [88.205055, 22.509983], [88.239815, 22.522423], [88.242607, 22.530562], [88.233742, 22.545155], [88.238434, 22.56115], [88.256234, 22.561864], [88.30479, 22.548401], [88.32286, 22.553764], [88.307132, 22.551736], [88.256854, 22.563356], [88.23667, 22.562477], [88.232205, 22.558117], [88.23181, 22.545061], [88.237179, 22.527616], [88.198062, 22.515766], [88.168413, 22.484716], [88.128739, 22.478823], [88.114627, 22.46856], [88.118993, 22.444349], [88.1385, 22.414497], [88.100052, 22.385257], [88.088008, 22.366707], [88.090225, 22.304496], [88.076418, 22.287746], [88.071713, 22.244843], [88.048282, 22.21783], [88.025868, 22.222379], [88.013727, 22.24069], [87.959231, 22.280198], [87.957884, 22.3509], [87.948602, 22.386432], [87.947894, 22.416488], [87.923884, 22.431071], [87.897711, 22.431605], [87.88091, 22.44875], [87.896918, 22.457741], [87.905756, 22.47167], [87.90219, 22.487956], [87.888721, 22.495449], [87.895307, 22.515208], [87.891352, 22.527379], [87.901025, 22.537157], [87.889666, 22.528389], [87.886854, 22.538202], [87.883543, 22.530552], [87.865898, 22.533415], [87.863128, 22.541], [87.845313, 22.556276], [87.850234, 22.581357], [87.857024, 22.584873], [87.854417, 22.597323], [87.854998, 22.586523], [87.848542, 22.582777], [87.84267, 22.557142], [87.864567, 22.531174], [87.887261, 22.524724], [87.889934, 22.514903], [87.88014, 22.502171], [87.879663, 22.49244], [87.899623, 22.470584], [87.881858, 22.464317], [87.873225, 22.44773], [87.880657, 22.436564], [87.883198, 22.438737], [87.896592, 22.427776], [87.92481, 22.427362], [87.936693, 22.421576], [87.939748, 22.389133], [87.949834, 22.353905], [87.950528, 22.282582], [87.96813, 22.259872], [88.009048, 22.240288], [88.006964, 22.233281], [87.995271, 22.235249], [87.99132, 22.227644], [87.994751, 22.208764], [88.021712, 22.198421], [88.029694, 22.206912], [88.035893, 22.206976], [88.071174, 22.183202], [88.10296, 22.191858], [88.134075, 22.182844], [88.159251, 22.14858], [88.186281, 22.121684], [88.190114, 22.113217], [88.183739, 22.0975], [88.17067, 22.076644], [88.157503, 22.066213], [88.127903, 22.052564], [88.084796, 22.022931], [88.065692, 22.01635], [88.044648, 22.029785], [88.030321, 22.049435], [88.032306, 22.063487], [88.026827, 22.070464], [87.99577, 22.091644], [87.988604, 22.091761], [87.988644, 22.080879], [88.014953, 22.062574], [88.021636, 22.039479], [88.034852, 22.020092], [88.047165, 22.016311], [88.04957, 22.0033], [88.02069, 21.947959], [88.013635, 21.945065], [88.011285, 21.925737], [87.999037, 21.906099], [87.995914, 21.89195], [87.974602, 21.85602], [87.939886, 21.817396], [87.893523, 21.793518], [87.886919, 21.787996], [87.885526, 21.775062], [87.868831, 21.759043], [87.830635, 21.736393], [87.792746, 21.704622], [87.759775, 21.701568], [87.74638, 21.695349], [87.746694, 21.684609], [87.742424, 21.680165], [87.674889, 21.653464], [87.673817, 21.645565], [87.661229, 21.643985], [87.659508, 21.649303], [87.648631, 21.647906], [87.643803, 21.65347], [87.647783, 21.655788], [87.641581, 21.655186], [87.631769, 21.643771], [87.574091, 21.635578], [87.514951, 21.615986], [87.486282, 21.609678], [87.483626, 21.618983], [87.484083, 21.610567], [87.443805, 21.596249], [87.414161, 21.560454], [87.41272, 21.550619], [87.399698, 21.549678], [87.395288, 21.555392], [87.378078, 21.559006], [87.360151, 21.554379], [87.259188, 21.554483], [87.202524, 21.543329], [87.198733, 21.54614], [87.124798, 21.511487], [87.117375, 21.51744], [87.103911, 21.490983], [87.070964, 21.468492], [87.059948, 21.472765], [87.054998, 21.461857], [87.030594, 21.442516], [87.025087, 21.431046], [87.011935, 21.422835], [86.94495, 21.355745], [86.887501, 21.258759], [86.867774, 21.234573], [86.859124, 21.2129], [86.8413, 21.203711], [86.847248, 21.201958], [86.85991, 21.208359], [86.861322, 21.203617], [86.847209, 21.178799], [86.847116, 21.120308], [86.853756, 21.090968], [86.873774, 21.046408], [86.898868, 21.011256], [86.923405, 20.957376], [86.971845, 20.870837], [86.985957, 20.854875], [86.980789, 20.813082], [86.971377, 20.786697], [86.955417, 20.774245], [86.948175, 20.777206], [86.950759, 20.773955], [86.942319, 20.772764], [86.94444, 20.766286], [86.97684, 20.771692], [87.01492, 20.765937], [87.023952, 20.769555], [87.041459, 20.75873], [87.041602, 20.737192], [87.058528, 20.716562], [86.869196, 20.590724], [86.775518, 20.520552], [86.759677, 20.50018], [86.745915, 20.467838], [86.742128, 20.465881], [86.74101, 20.470999], [86.734533, 20.463898], [86.728831, 20.440483], [86.733847, 20.414599], [86.724645, 20.39364], [86.731019, 20.392343], [86.739508, 20.400609], [86.737876, 20.389696], [86.746136, 20.391402], [86.743581, 20.380239], [86.751508, 20.38746], [86.746714, 20.378402], [86.776464, 20.405216], [86.781177, 20.378413], [86.785863, 20.381238], [86.790011, 20.37571], [86.792696, 20.379146], [86.797534, 20.37555], [86.79104, 20.36556], [86.789205, 20.374415], [86.779058, 20.356409], [86.794595, 20.369009], [86.798286, 20.363189], [86.77839, 20.344346], [86.782785, 20.340672], [86.77507, 20.331207], [86.747615, 20.306966], [86.681157, 20.271011], [86.67984, 20.264163], [86.673647, 20.269908], [86.675508, 20.275053], [86.669254, 20.275665], [86.672121, 20.262446], [86.680189, 20.25989], [86.656502, 20.25422], [86.595571, 20.224411], [86.52044, 20.170073], [86.492095, 20.117981], [86.433965, 20.052088], [86.414037, 20.010601], [86.414024, 19.997263], [86.390074, 19.981179], [86.375138, 19.962777], [86.374433, 19.956658], [86.385007, 19.957757], [86.413461, 19.974048], [86.41103, 19.968332], [86.38818, 19.95196], [86.30918, 19.938509], [86.235303, 19.901235], [86.196244, 19.887092], [86.060378, 19.848091], [85.950409, 19.826485], [85.864173, 19.803302], [85.78327, 19.77916], [85.639215, 19.723702], [85.407207, 19.613948], [85.324811, 19.568528], [85.145951, 19.447632], [85.10256, 19.411368], [85.090782, 19.386126], [85.078516, 19.373998], [84.988187, 19.320569], [84.93205, 19.278175], [84.86556, 19.218062], [84.814747, 19.162903], [84.765178, 19.077609], [84.761464, 19.079123], [84.686948, 18.970865], [84.676453, 18.967912], [84.684477, 18.967471], [84.604896, 18.89112], [84.586532, 18.86665], [84.574911, 18.837646], [84.557838, 18.817752], [84.551927, 18.791041], [84.50516, 18.752069], [84.469663, 18.714428], [84.448634, 18.685502], [84.439851, 18.659497], [84.366693, 18.59088], [84.356602, 18.572047], [84.354729, 18.554914], [84.214981, 18.441303], [84.147414, 18.373423], [84.126895, 18.343853], [84.126859, 18.313366], [84.078792, 18.287739], [84.082106, 18.28654], [84.070962, 18.276593], [83.935879, 18.209041], [83.888167, 18.195487], [83.860389, 18.174284], [83.809931, 18.156032], [83.794975, 18.168399], [83.805264, 18.154039], [83.707325, 18.106027], [83.604753, 18.037275], [83.569374, 18.011799], [83.558847, 17.996586], [83.5583, 17.982432], [83.531755, 17.951131], [83.524892, 17.947521], [83.520083, 17.95149], [83.525027, 17.947278], [83.513018, 17.937267], [83.48786, 17.92419], [83.458653, 17.901089], [83.455636, 17.887627], [83.443717, 17.872783], [83.421498, 17.85783], [83.407096, 17.841033], [83.416248, 17.833684], [83.41087, 17.809358], [83.389024, 17.790242], [83.3858, 17.777351], [83.354585, 17.755984], [83.343953, 17.737643], [83.3464, 17.726145], [83.296911, 17.69332], [83.294874, 17.674521], [83.282217, 17.66034], [83.259886, 17.649521], [83.259414, 17.643162], [83.238529, 17.629953], [83.21647, 17.595497], [83.148749, 17.557198], [83.03255, 17.514396], [83.017628, 17.505961], [82.997325, 17.482575], [82.974782, 17.466108], [82.726352, 17.354883], [82.561937, 17.26157], [82.443093, 17.174809], [82.319309, 17.057849], [82.28676, 17.012534], [82.268644, 16.956541], [82.271379, 16.947951], [82.277117, 16.951702], [82.264931, 16.938906], [82.277883, 16.950696], [82.243039, 16.917837], [82.241444, 16.908037], [82.248987, 16.894128], [82.24907, 16.875993], [82.25547, 16.885265], [82.259822, 16.884451], [82.265994, 16.869825], [82.275221, 16.867518], [82.281879, 16.871962], [82.282256, 16.864827], [82.301581, 16.862643], [82.314229, 16.84588], [82.321314, 16.853349], [82.336071, 16.856564], [82.354868, 16.851241], [82.361571, 16.854447], [82.363229, 16.8892], [82.357715, 16.950027], [82.325386, 16.986235], [82.330365, 16.989566], [82.339192, 16.986121], [82.359677, 16.958321], [82.366468, 16.90835], [82.358541, 16.814021], [82.342983, 16.750957], [82.339269, 16.716121], [82.333345, 16.716731], [82.344928, 16.704553], [82.33469, 16.699079], [82.33538, 16.690078], [82.327685, 16.685011], [82.353995, 16.705632], [82.346449, 16.715638], [82.353742, 16.713621], [82.354964, 16.70428], [82.359878, 16.710844], [82.365338, 16.706654], [82.345548, 16.696507], [82.317288, 16.662266], [82.329053, 16.614475], [82.318874, 16.576826], [82.31359, 16.574859], [82.317817, 16.581711], [82.309246, 16.592629], [82.317961, 16.587182], [82.324971, 16.602195], [82.32551, 16.616848], [82.320097, 16.626519], [82.321044, 16.641241], [82.312406, 16.653277], [82.312823, 16.668012], [82.308752, 16.653398], [82.312142, 16.627075], [82.30896, 16.629522], [82.306734, 16.623105], [82.307503, 16.639927], [82.304183, 16.628789], [82.30449, 16.636742], [82.296014, 16.626032], [82.299932, 16.636342], [82.29562, 16.626022], [82.284259, 16.626027], [82.290421, 16.609748], [82.284896, 16.59999], [82.294637, 16.60254], [82.298824, 16.586436], [82.287278, 16.570958], [82.276558, 16.57093], [82.263085, 16.563019], [82.276881, 16.559395], [82.297105, 16.567605], [82.293698, 16.558055], [82.280987, 16.558646], [82.289993, 16.554866], [82.299641, 16.558194], [82.299155, 16.572237], [82.30087, 16.56239], [82.310668, 16.567738], [82.313671, 16.558735], [82.312852, 16.563486], [82.299484, 16.555939], [82.234912, 16.546011], [82.201742, 16.52516], [81.970448, 16.40756], [81.957732, 16.392374], [81.939406, 16.395376], [81.878151, 16.382631], [81.720788, 16.30686], [81.716557, 16.307278], [81.719212, 16.315578], [81.69064, 16.327472], [81.540764, 16.347397], [81.530995, 16.35242], [81.487242, 16.355066], [81.393791, 16.342473], [81.30535, 16.303534], [81.265056, 16.278138], [81.246192, 16.258866], [81.213764, 16.207218], [81.191365, 16.102824], [81.145541, 16.012945], [81.142724, 15.999412], [81.148045, 15.973701], [81.141442, 15.968746], [81.134851, 15.972158], [81.132547, 15.962079], [81.055374, 15.897207], [81.040824, 15.87459], [81.004771, 15.837804], [81.007184, 15.816672], [81.01698, 15.807286], [81.020562, 15.793008], [81.011336, 15.801524], [81.007247, 15.790059], [81.014452, 15.771268], [81.011944, 15.765987], [80.998451, 15.769691], [80.999321, 15.758866], [81.004784, 15.756773], [81.009514, 15.761845], [81.008459, 15.752928], [80.971498, 15.732689], [80.962371, 15.733568], [80.962085, 15.727069], [80.937219, 15.714404], [80.932001, 15.723682], [80.925742, 15.718715], [80.850024, 15.705865], [80.821516, 15.709338], [80.809801, 15.72159], [80.809229, 15.734965], [80.798084, 15.742417], [80.78843, 15.757229], [80.790461, 15.769858], [80.799649, 15.776775], [80.790357, 15.768669], [80.791217, 15.753634], [80.810243, 15.735262], [80.822353, 15.710631], [80.813282, 15.728668], [80.816454, 15.741341], [80.817066, 15.727147], [80.817532, 15.749358], [80.813632, 15.749106], [80.804177, 15.784294], [80.779629, 15.835296], [80.780273, 15.841636], [80.785818, 15.830747], [80.788703, 15.832367], [80.790681, 15.817732], [80.800912, 15.805791], [80.802456, 15.816097], [80.815607, 15.810695], [80.80702, 15.840446], [80.773883, 15.866267], [80.680607, 15.8854], [80.676663, 15.880274], [80.604728, 15.870263], [80.536458, 15.852303], [80.428563, 15.804682], [80.345607, 15.751205], [80.288665, 15.693391], [80.249133, 15.627952], [80.243138, 15.630112], [80.243433, 15.625431], [80.247871, 15.625793], [80.239718, 15.621641], [80.245017, 15.620322], [80.237212, 15.60067], [80.229054, 15.604246], [80.220626, 15.600925], [80.234727, 15.599052], [80.224125, 15.594973], [80.222383, 15.582677], [80.225523, 15.593057], [80.226592, 15.589232], [80.227138, 15.593195], [80.235065, 15.59059], [80.233759, 15.586301], [80.229227, 15.587092], [80.233286, 15.584202], [80.22974, 15.570557], [80.224676, 15.568271], [80.229033, 15.568901], [80.227906, 15.546806], [80.219725, 15.538342], [80.225732, 15.540014], [80.224794, 15.533478], [80.218492, 15.523329], [80.213995, 15.526186], [80.215335, 15.51574], [80.211026, 15.512017], [80.202135, 15.515401], [80.209595, 15.511468], [80.194226, 15.505015], [80.203054, 15.506099], [80.198795, 15.502995], [80.198847, 15.493145], [80.210516, 15.493509], [80.204963, 15.473891], [80.121835, 15.367874], [80.110249, 15.345475], [80.102507, 15.315665], [80.084741, 15.283335], [80.082387, 15.252681], [80.088164, 15.238822], [80.081831, 15.249212], [80.080711, 15.241037], [80.087491, 15.224498], [80.083429, 15.222414], [80.088433, 15.223944], [80.088893, 15.23573], [80.08903, 15.211933], [80.083611, 15.191119], [80.07085, 15.182605], [80.07965, 15.181094], [80.055657, 15.123379], [80.046979, 15.078598], [80.052807, 15.011749], [80.067487, 14.932392], [80.084375, 14.883248], [80.088753, 14.823638], [80.097725, 14.779548], [80.111519, 14.741074], [80.142067, 14.703507], [80.171179, 14.61166], [80.193101, 14.593184], [80.195513, 14.585827], [80.177283, 14.494978], [80.168569, 14.354851], [80.143764, 14.289386], [80.138692, 14.253486], [80.130107, 14.231161], [80.126413, 14.164324], [80.133778, 14.096908], [80.14995, 14.0313], [80.198163, 13.917173], [80.220882, 13.874952], [80.250644, 13.796006], [80.253664, 13.780905], [80.233899, 13.69723], [80.235175, 13.647451], [80.242572, 13.61644], [80.271979, 13.557169], [80.298031, 13.483876], [80.325961, 13.441621], [80.346486, 13.313213], [80.345207, 13.279832], [80.312711, 13.167392], [80.298372, 13.137428], [80.304166, 13.130329], [80.297774, 13.132651], [80.296795, 13.123873], [80.305467, 13.130325], [80.300351, 13.121353], [80.304901, 13.11001], [80.30332, 13.106005], [80.301419, 13.11202], [80.298208, 13.101746], [80.301662, 13.09861], [80.296844, 13.099197], [80.294817, 13.092936], [80.300706, 13.091117], [80.303732, 13.102529], [80.31072, 13.108095], [80.28732, 13.067041], [80.26682, 12.969564], [80.256155, 12.842716], [80.257531, 12.809095], [80.265796, 12.781879], [80.258446, 12.756488], [80.2447, 12.751272], [80.227093, 12.707806], [80.200913, 12.632028], [80.200646, 12.617082], [80.165615, 12.527535], [80.157012, 12.468195], [80.113283, 12.401888], [80.034163, 12.301702], [80.015011, 12.264764], [79.878883, 12.054438], [79.846901, 11.978447], [79.822607, 11.876432], [79.804846, 11.827463], [79.760548, 11.624327], [79.756876, 11.557002], [79.76279, 11.529482], [79.773947, 11.506116], [79.767428, 11.511634], [79.772624, 11.501022], [79.77796, 11.502683], [79.770597, 11.513662], [79.778339, 11.506792], [79.778539, 11.498918], [79.807389, 11.444043], [79.82419, 11.362779], [79.838703, 11.353814], [79.832776, 11.329456], [79.833673, 11.301818], [79.852511, 11.196617], [79.856806, 11.11255], [79.853088, 11.087069], [79.855379, 11.014078], [79.850546, 10.989671], [79.854311, 10.982972], [79.849715, 10.858176], [79.852666, 10.833274], [79.845233, 10.817984], [79.83434, 10.812863], [79.846714, 10.813976], [79.848722, 10.81041], [79.849317, 10.719537], [79.855801, 10.670754], [79.862508, 10.472961], [79.85837, 10.472242], [79.862754, 10.470199], [79.865314, 10.40129], [79.881262, 10.323823], [79.880308, 10.304638], [79.868339, 10.286697], [79.846677, 10.279856], [79.816242, 10.275878], [79.819062, 10.279224], [79.813181, 10.288698], [79.814547, 10.282849], [79.809923, 10.284461], [79.815479, 10.2769], [79.801997, 10.274117], [79.801722, 10.278457], [79.796552, 10.273311], [79.765615, 10.271824], [79.750425, 10.273364], [79.752335, 10.277578], [79.748594, 10.274345], [79.711668, 10.279313], [79.7084, 10.280783], [79.718223, 10.281567], [79.720795, 10.287958], [79.704998, 10.292754], [79.669481, 10.323106], [79.638668, 10.342222], [79.637003, 10.378634], [79.55998, 10.385747], [79.555576, 10.373912], [79.542425, 10.365383], [79.538219, 10.368628], [79.535446, 10.35884], [79.51382, 10.368571], [79.502456, 10.379818], [79.502399, 10.34911], [79.475895, 10.350688], [79.47184, 10.315982], [79.387932, 10.317483], [79.373082, 10.307909], [79.3602, 10.291192], [79.329121, 10.284327], [79.298325, 10.263265], [79.268135, 10.232776], [79.26702, 10.228636], [79.277842, 10.222031], [79.277213, 10.213262], [79.264939, 10.1974], [79.251641, 10.194639], [79.241398, 10.184838], [79.235968, 10.171564], [79.238661, 10.159832], [79.225533, 10.145796], [79.226848, 10.133567], [79.233252, 10.127074], [79.227031, 10.119088], [79.229212, 10.107433], [79.222985, 10.105975], [79.218963, 10.112567], [79.222469, 10.105487], [79.228792, 10.105336], [79.225838, 10.099257], [79.231298, 10.082949], [79.223091, 10.081189], [79.230158, 10.082918], [79.227008, 10.073553], [79.231544, 10.081932], [79.236468, 10.073708], [79.233972, 10.070562], [79.236957, 10.073956], [79.239309, 10.070099], [79.247926, 10.070842], [79.253302, 10.058549], [79.246995, 10.056761], [79.26597, 10.039201], [79.244266, 10.027184], [79.214734, 10.00002], [79.19832, 9.973258], [79.155054, 9.93149], [79.150362, 9.919606], [79.144772, 9.918684], [79.145128, 9.924199], [79.143564, 9.918675], [79.138726, 9.920832], [79.146869, 9.911406], [79.13976, 9.904648], [79.136537, 9.909608], [79.139532, 9.904395], [79.13496, 9.90034], [79.133291, 9.903699], [79.131312, 9.89704], [79.125358, 9.903677], [79.129703, 9.895806], [79.12389, 9.883533], [79.11112, 9.892809], [79.118438, 9.88955], [79.121438, 9.880482], [79.11568, 9.879519], [79.116633, 9.862743], [79.112808, 9.860202], [79.122058, 9.86027], [79.119806, 9.853711], [79.110037, 9.857815], [79.116788, 9.850398], [79.085532, 9.819816], [79.055043, 9.771665], [79.031818, 9.757134], [78.992692, 9.709552], [78.973763, 9.677713], [78.955578, 9.624227], [78.929055, 9.584306], [78.922944, 9.562056], [78.924324, 9.528639], [78.909591, 9.498492], [78.912439, 9.495713], [78.91529, 9.498976], [78.914356, 9.492896], [78.89896, 9.491076], [78.900384, 9.468617], [78.933522, 9.411937], [79.012876, 9.332942], [79.067307, 9.297871], [79.127979, 9.287264], [79.139643, 9.291849], [79.157578, 9.284673], [79.183968, 9.28278], [79.209953, 9.283602], [79.219922, 9.291637], [79.265768, 9.292713], [79.290565, 9.319839], [79.309756, 9.327614], [79.317835, 9.325803], [79.335005, 9.312013], [79.314838, 9.283068], [79.323843, 9.263545], [79.37344, 9.218169], [79.416275, 9.187064], [79.43568, 9.164137], [79.435333, 9.157758], [79.416187, 9.177209], [79.299232, 9.246732], [79.25113, 9.25996], [79.214935, 9.256166], [79.216471, 9.270924], [79.212801, 9.266681], [79.203853, 9.275357], [79.20572, 9.271799], [79.201101, 9.268526], [79.207045, 9.282454], [79.146064, 9.277042], [79.088631, 9.261069], [78.964562, 9.273927], [78.923987, 9.266345], [78.908691, 9.251539], [78.875523, 9.257035], [78.860834, 9.254784], [78.755206, 9.215499], [78.732514, 9.211487], [78.717351, 9.200768], [78.716492, 9.188978], [78.685342, 9.195209], [78.664067, 9.193422], [78.648016, 9.184671], [78.642719, 9.175748], [78.642974, 9.169138], [78.657349, 9.157618], [78.606075, 9.147665], [78.5784, 9.130325], [78.532113, 9.137314], [78.454108, 9.125259], [78.408541, 9.111338], [78.272171, 9.004372], [78.214877, 8.966032], [78.186474, 8.923585], [78.179812, 8.892683], [78.171469, 8.885867], [78.166758, 8.872882], [78.164603, 8.832777], [78.167854, 8.82585], [78.163089, 8.815625], [78.166405, 8.811739], [78.161068, 8.805121], [78.163834, 8.803009], [78.1595, 8.804158], [78.157986, 8.799161], [78.163716, 8.783887], [78.160838, 8.786522], [78.159973, 8.780172], [78.179328, 8.766686], [78.197287, 8.78881], [78.197451, 8.764809], [78.226106, 8.751535], [78.21589, 8.742424], [78.192696, 8.751237], [78.165816, 8.743972], [78.15554, 8.725799], [78.153885, 8.712214], [78.135782, 8.693259], [78.128585, 8.671301], [78.131266, 8.662933], [78.126391, 8.624718], [78.137796, 8.58596], [78.123278, 8.530169], [78.123565, 8.508703], [78.130411, 8.496905], [78.063709, 8.417983], [78.056715, 8.379409], [78.067244, 8.373267], [78.014098, 8.354711], [77.971644, 8.33314], [77.952512, 8.313889], [77.904796, 8.287909], [77.878934, 8.268104], [77.80274, 8.24017], [77.783589, 8.221648], [77.781125, 8.201046], [77.744526, 8.176922], [77.7139, 8.166459], [77.640182, 8.157445], [77.576926, 8.136732], [77.558577, 8.119301], [77.558027, 8.097735], [77.564143, 8.092347], [77.552898, 8.085831], [77.551144, 8.078045], [77.532318, 8.077716], [77.446676, 8.094199], [77.333882, 8.126465], [77.315486, 8.121039], [77.278861, 8.160181], [77.239778, 8.176209], [77.222767, 8.196237], [77.184527, 8.218667], [77.149114, 8.255611], [77.095705, 8.292712], [77.022049, 8.356648], [77.005363, 8.36191], [76.998407, 8.379101], [76.986733, 8.37809], [76.972877, 8.39208], [76.969905, 8.414377], [76.883449, 8.511155], [76.79424, 8.630667], [76.769067, 8.656326], [76.671197, 8.782205], [76.670702, 8.791888], [76.654465, 8.804124], [76.602162, 8.869338], [76.577614, 8.885923], [76.56586, 8.883592], [76.548478, 8.899649], [76.522584, 8.997353], [76.48559, 9.08605], [76.488775, 9.090245], [76.476474, 9.117226], [76.481679, 9.124212], [76.466072, 9.128548], [76.46361, 9.133398], [76.357453, 9.364019], [76.323946, 9.460548], [76.30263, 9.57397], [76.276883, 9.80869], [76.262614, 9.88255], [76.241377, 9.945458], [76.233048, 9.991066], [76.228632, 10.000208], [76.219475, 10.003517], [76.205683, 10.040054], [76.17847, 10.144622], [76.164958, 10.174389], [76.168983, 10.184501], [76.154025, 10.200806], [76.138888, 10.234271], [76.138546, 10.259205], [76.132671, 10.265555], [76.093901, 10.393607], [76.061408, 10.466526], [76.031922, 10.508108], [76.009652, 10.573425], [75.955325, 10.684301], [75.96084, 10.687533], [75.953513, 10.687725], [75.934202, 10.730414], [75.923745, 10.766705], [75.900686, 10.803896], [75.851158, 11.054975], [75.829894, 11.126989], [75.812011, 11.148426], [75.796825, 11.180533], [75.766431, 11.271469], [75.747405, 11.318169], [75.738531, 11.32929], [75.738621, 11.358486], [75.727686, 11.369634], [75.687613, 11.440005], [75.661002, 11.459701], [75.63223, 11.463388], [75.619791, 11.478658], [75.603359, 11.533892], [75.557808, 11.651696], [75.534015, 11.698495], [75.510287, 11.729658], [75.480325, 11.753045], [75.472731, 11.769789], [75.45722, 11.767237], [75.460576, 11.774386], [75.45651, 11.781513], [75.427332, 11.808289], [75.40933, 11.835929], [75.387048, 11.859102], [75.376307, 11.860953], [75.364947, 11.852514], [75.356862, 11.855769], [75.355323, 11.86759], [75.348456, 11.876573], [75.330751, 11.8956], [75.319854, 11.900393], [75.323024, 11.909619], [75.308013, 11.940533], [75.31536, 11.943762], [75.315384, 11.953158], [75.30761, 11.96145], [75.308777, 11.965942], [75.297508, 11.966], [75.287364, 11.986451], [75.300269, 11.956855], [75.295215, 11.953799], [75.274874, 11.974408], [75.242496, 12.022306], [75.229428, 12.023758], [75.208011, 12.003884], [75.202983, 12.005361], [75.198351, 12.02662], [75.168404, 12.087045], [75.169193, 12.093278], [75.058154, 12.352183], [75.041498, 12.388411], [75.031337, 12.391648], [75.021647, 12.413529], [75.014665, 12.417936], [74.973509, 12.501153], [74.879279, 12.71806], [74.866727, 12.750084], [74.867768, 12.765925], [74.864213, 12.770874], [74.864116, 12.761432], [74.824356, 12.849114], [74.807473, 12.924254], [74.811786, 12.921746], [74.820474, 12.929576], [74.817561, 12.93579], [74.816249, 12.930904], [74.806412, 12.929455], [74.764566, 13.122748], [74.7189, 13.286328], [74.716303, 13.312637], [74.707469, 13.33475], [74.693524, 13.343766], [74.700249, 13.344482], [74.691117, 13.455031], [74.69537, 13.455238], [74.688774, 13.464323], [74.668455, 13.640227], [74.666196, 13.637874], [74.663587, 13.651997], [74.651712, 13.665145], [74.645497, 13.682017], [74.609878, 13.865611], [74.596013, 13.883158], [74.586742, 13.918331], [74.569159, 13.946839], [74.560571, 13.94573], [74.557117, 13.951396], [74.549238, 13.949215], [74.513933, 13.98692], [74.501316, 14.023414], [74.499898, 14.048307], [74.485621, 14.094527], [74.468882, 14.188738], [74.46386, 14.200595], [74.453425, 14.200347], [74.449544, 14.21622], [74.441611, 14.224628], [74.412908, 14.317333], [74.401339, 14.395561], [74.394062, 14.418315], [74.385988, 14.418389], [74.381071, 14.424452], [74.384828, 14.426723], [74.380213, 14.431343], [74.383525, 14.439568], [74.363743, 14.494123], [74.354566, 14.502562], [74.359853, 14.510982], [74.355696, 14.520924], [74.344675, 14.521417], [74.340238, 14.514727], [74.33704, 14.519385], [74.32665, 14.516086], [74.325616, 14.519913], [74.310178, 14.52143], [74.315949, 14.526637], [74.310762, 14.536769], [74.314688, 14.545789], [74.292961, 14.596555], [74.270351, 14.627297], [74.281563, 14.626548], [74.286402, 14.634279], [74.285127, 14.64717], [74.278641, 14.656562], [74.284259, 14.66363], [74.275535, 14.666656], [74.282498, 14.676614], [74.272125, 14.70037], [74.257116, 14.706789], [74.2649, 14.712941], [74.249287, 14.741249], [74.226722, 14.748047], [74.227545, 14.738103], [74.210342, 14.733649], [74.208646, 14.737861], [74.203773, 14.736456], [74.208398, 14.71771], [74.192642, 14.726689], [74.193032, 14.734664], [74.177129, 14.750628], [74.163179, 14.752707], [74.157517, 14.744993], [74.152074, 14.747127], [74.15052, 14.751116], [74.157719, 14.760001], [74.14136, 14.779258], [74.128087, 14.780619], [74.118965, 14.77432], [74.121529, 14.780285], [74.117795, 14.78662], [74.110159, 14.785088], [74.109481, 14.792589], [74.102537, 14.793339], [74.09274, 14.80407], [74.112582, 14.805152], [74.113303, 14.796855], [74.124227, 14.805071], [74.124759, 14.839615], [74.112734, 14.845104], [74.110363, 14.863017], [74.099642, 14.880816], [74.095849, 14.898294], [74.084382, 14.899682], [74.080211, 14.910125], [74.066196, 14.906877], [74.043304, 14.917648], [74.046965, 14.934383], [74.042638, 14.947473], [74.049164, 14.958303], [74.039738, 14.981943], [74.034465, 14.983053], [74.038309, 14.984998], [74.035238, 14.992878], [74.04015, 14.996477], [74.034559, 14.993307], [74.031878, 14.999352], [74.027044, 14.997836], [74.025588, 15.007457], [74.016073, 15.01221], [74.020151, 15.018209], [74.012797, 15.010044], [73.99696, 15.020945], [73.988597, 15.019956], [73.985389, 15.028552], [73.990235, 15.032675], [73.979856, 15.05507], [73.987472, 15.056178], [73.974162, 15.04998], [73.966581, 15.065658], [73.954108, 15.072965], [73.931859, 15.078226], [73.925448, 15.08581], [73.911999, 15.08461], [73.926789, 15.096357], [73.924833, 15.104907], [73.917601, 15.107244], [73.935206, 15.111313], [73.940444, 15.117621], [73.935908, 15.133194], [73.945614, 15.141832], [73.955618, 15.136529], [73.948295, 15.145804], [73.927446, 15.229584], [73.883521, 15.353795], [73.869473, 15.370375], [73.841557, 15.359431], [73.830953, 15.370525], [73.808016, 15.376623], [73.8097, 15.382771], [73.807063, 15.380113], [73.8031, 15.39474], [73.789726, 15.394872], [73.791116, 15.399945], [73.782293, 15.41088], [73.790908, 15.418482], [73.785136, 15.438284], [73.788972, 15.464867], [73.77495, 15.490118], [73.765852, 15.493873], [73.749166, 15.563658], [73.741118, 15.5635], [73.731483, 15.589645], [73.731337, 15.607998], [73.743935, 15.606743], [73.722088, 15.627798], [73.693568, 15.700566], [73.68833, 15.717228], [73.691152, 15.721183], [73.679161, 15.720609], [73.679794, 15.72517], [73.664249, 15.738964], [73.652389, 15.743714], [73.663741, 15.75226], [73.662956, 15.763095], [73.649051, 15.802891], [73.636246, 15.815848], [73.639073, 15.819293], [73.628798, 15.847497], [73.619439, 15.857872], [73.613451, 15.854414], [73.605837, 15.880977], [73.587972, 15.908714], [73.593509, 15.914467], [73.585756, 15.909719], [73.570136, 15.911912], [73.56699, 15.916346], [73.57059, 15.924704], [73.563932, 15.920039], [73.534467, 15.938779], [73.531021, 15.932598], [73.518746, 15.94067], [73.509914, 15.936745], [73.500914, 15.969283], [73.489433, 15.987673], [73.490121, 16.011154], [73.483705, 16.034004], [73.477378, 16.042674], [73.466435, 16.046023], [73.466451, 16.054055], [73.457101, 16.053663], [73.456024, 16.061643], [73.464702, 16.066199], [73.465831, 16.075918], [73.45799, 16.080737], [73.461942, 16.087336], [73.458627, 16.116597], [73.43913, 16.193013], [73.427139, 16.204139], [73.424667, 16.227138], [73.404907, 16.295831], [73.394037, 16.312968], [73.392175, 16.331887], [73.385312, 16.336562], [73.389569, 16.346345], [73.386902, 16.354257], [73.379957, 16.361832], [73.368472, 16.363477], [73.371563, 16.370849], [73.366745, 16.377834], [73.371271, 16.389734], [73.374758, 16.379506], [73.38896, 16.395047], [73.402213, 16.391221], [73.407151, 16.404116], [73.404062, 16.406012], [73.39725, 16.399172], [73.387189, 16.404134], [73.379331, 16.395316], [73.365599, 16.397695], [73.355891, 16.44411], [73.349265, 16.447937], [73.324914, 16.514183], [73.31609, 16.512685], [73.318144, 16.530068], [73.311617, 16.540842], [73.318473, 16.548614], [73.317949, 16.555283], [73.321633, 16.549586], [73.32655, 16.557214], [73.333188, 16.557184], [73.332299, 16.562039], [73.353377, 16.52141], [73.372, 16.511053], [73.386398, 16.512872], [73.355068, 16.529127], [73.354027, 16.539169], [73.357669, 16.541679], [73.349972, 16.543985], [73.345902, 16.555594], [73.355846, 16.55307], [73.355737, 16.563561], [73.342928, 16.566289], [73.345747, 16.575979], [73.340941, 16.579959], [73.332935, 16.576774], [73.323902, 16.582038], [73.316995, 16.600711], [73.320168, 16.607031], [73.331075, 16.608111], [73.351819, 16.593299], [73.349426, 16.602739], [73.340527, 16.605826], [73.346255, 16.612162], [73.351468, 16.60935], [73.355515, 16.626147], [73.331649, 16.619409], [73.333639, 16.626594], [73.340471, 16.627695], [73.338607, 16.635724], [73.330915, 16.640449], [73.322637, 16.635438], [73.321655, 16.64468], [73.331941, 16.6535], [73.328162, 16.679015], [73.305487, 16.729277], [73.304776, 16.766167], [73.317082, 16.806214], [73.295676, 16.81511], [73.293355, 16.839343], [73.287709, 16.843848], [73.292874, 16.849667], [73.287878, 16.857739], [73.300194, 16.861008], [73.294763, 16.860482], [73.28592, 16.880355], [73.303329, 16.890635], [73.294634, 16.898158], [73.277666, 16.892579], [73.287176, 16.916754], [73.282902, 16.923925], [73.287497, 16.934496], [73.28211, 16.950106], [73.291905, 16.95636], [73.295425, 16.983062], [73.281807, 17.00071], [73.283398, 17.007285], [73.275915, 17.021577], [73.267589, 17.024347], [73.258085, 17.019202], [73.254522, 17.027098], [73.256346, 17.047449], [73.278788, 17.045427], [73.285754, 17.055434], [73.287662, 17.072484], [73.28266, 17.07983], [73.278712, 17.107968], [73.27609, 17.11239], [73.266235, 17.112001], [73.270951, 17.118145], [73.269734, 17.128091], [73.252705, 17.188548], [73.235796, 17.192991], [73.230769, 17.198653], [73.244294, 17.197565], [73.241263, 17.224455], [73.235058, 17.226912], [73.231402, 17.242901], [73.223857, 17.247391], [73.228672, 17.250655], [73.221719, 17.255548], [73.220239, 17.268544], [73.212673, 17.273931], [73.204351, 17.268659], [73.202821, 17.286493], [73.189087, 17.2985], [73.196273, 17.306569], [73.204721, 17.298698], [73.210362, 17.30392], [73.220474, 17.303031], [73.225946, 17.281753], [73.242548, 17.285005], [73.242156, 17.280195], [73.245919, 17.283598], [73.249065, 17.280727], [73.249062, 17.295904], [73.233756, 17.293273], [73.239468, 17.299174], [73.242107, 17.315463], [73.229836, 17.318506], [73.218239, 17.329145], [73.230314, 17.335207], [73.224252, 17.333695], [73.214718, 17.345391], [73.219348, 17.355188], [73.213684, 17.362479], [73.216134, 17.369074], [73.208888, 17.371053], [73.207136, 17.385921], [73.202006, 17.38411], [73.197955, 17.39008], [73.197245, 17.385453], [73.177511, 17.386804], [73.167112, 17.403931], [73.174713, 17.407884], [73.176309, 17.404102], [73.187083, 17.414285], [73.186602, 17.429982], [73.195608, 17.43738], [73.211312, 17.437326], [73.186691, 17.442081], [73.183729, 17.455402], [73.192149, 17.466629], [73.177223, 17.507803], [73.183381, 17.502453], [73.184645, 17.509704], [73.181484, 17.503696], [73.16139, 17.52976], [73.154665, 17.528554], [73.136811, 17.556028], [73.139948, 17.567875], [73.164305, 17.58126], [73.16037, 17.590868], [73.14498, 17.59954], [73.135838, 17.612452], [73.126532, 17.637364], [73.134534, 17.644078], [73.114957, 17.680377], [73.114265, 17.695728], [73.134042, 17.707854], [73.13122, 17.725662], [73.108698, 17.790457], [73.105593, 17.789163], [73.093885, 17.80998], [73.087935, 17.807349], [73.092546, 17.825025], [73.07186, 17.884651], [73.047717, 17.908097], [73.05054, 17.906213], [73.053818, 17.915265], [73.046352, 17.931938], [73.037833, 17.933913], [73.029012, 17.944765], [73.027906, 17.968534], [73.033563, 17.985323], [73.030098, 17.989741], [73.01841, 17.990318], [73.015966, 18.005747], [73.002894, 18.020977], [73.018292, 18.025802], [73.024187, 18.022315], [73.040488, 18.035765], [73.055728, 18.033628], [73.052921, 18.039732], [73.064066, 18.04537], [73.073857, 18.041618], [73.085893, 18.053645], [73.079872, 18.067637], [73.070714, 18.065975], [73.038929, 18.051068], [73.025226, 18.051279], [73.015972, 18.032491], [73.008114, 18.050442], [73.002431, 18.055108], [72.996549, 18.049545], [72.990704, 18.053449], [72.993191, 18.06553], [73.001191, 18.069602], [72.990391, 18.098564], [72.979158, 18.107629], [72.971027, 18.131456], [72.980697, 18.135726], [72.990048, 18.160401], [72.994205, 18.157689], [72.987378, 18.160248], [72.97828, 18.193138], [72.986956, 18.19239], [72.993262, 18.185596], [73.003925, 18.190436], [72.981183, 18.194757], [72.95715, 18.217748], [72.945237, 18.222853], [72.938216, 18.215501], [72.931671, 18.219054], [72.941783, 18.233014], [72.942168, 18.251033], [72.93485, 18.272505], [72.935121, 18.280742], [72.941249, 18.285349], [72.950181, 18.283988], [72.953855, 18.277825], [72.966187, 18.278549], [72.973969, 18.262947], [72.967774, 18.255771], [72.971864, 18.242895], [72.978904, 18.239404], [72.998167, 18.24491], [72.999884, 18.260212], [73.019315, 18.258324], [73.043312, 18.246258], [73.061978, 18.268889], [73.047056, 18.285142], [73.041472, 18.283001], [73.043041, 18.264827], [73.033979, 18.263969], [73.020769, 18.268914], [73.016233, 18.283639], [72.999071, 18.291547], [72.992323, 18.273556], [72.981007, 18.299825], [72.969657, 18.300013], [72.966528, 18.311122], [72.95518, 18.315882], [72.960798, 18.319686], [72.952693, 18.334946], [72.934696, 18.344053], [72.933137, 18.351299], [72.923639, 18.35344], [72.91982, 18.347387], [72.913953, 18.354716], [72.911901, 18.368882], [72.929529, 18.372484], [72.924419, 18.374311], [72.923536, 18.392386], [72.912321, 18.39393], [72.906042, 18.403233], [72.905985, 18.438923], [72.894633, 18.463183], [72.895665, 18.472305], [72.901372, 18.475443], [72.905047, 18.502173], [72.916628, 18.505781], [72.913741, 18.508163], [72.909625, 18.503732], [72.91137, 18.519554], [72.905549, 18.543131], [72.919205, 18.537914], [72.931943, 18.54016], [72.923372, 18.545571], [72.883503, 18.638803], [72.870926, 18.640222], [72.865164, 18.651787], [72.865807, 18.669426], [72.85532, 18.699193], [72.86467, 18.722802], [72.862542, 18.742668], [72.867636, 18.756903], [72.86385, 18.790983], [72.869795, 18.804376], [72.875105, 18.801038], [72.882018, 18.80469], [72.89013, 18.798773], [72.900079, 18.803862], [72.90466, 18.792341], [72.915337, 18.791459], [72.921081, 18.80022], [72.929994, 18.8024], [72.936017, 18.823621], [72.946313, 18.8224], [72.937363, 18.797782], [72.940651, 18.793068], [72.951165, 18.791338], [72.956194, 18.796493], [72.976462, 18.786199], [72.974499, 18.781777], [72.978826, 18.784718], [72.992388, 18.776979], [72.982267, 18.755953], [72.973408, 18.754016], [72.973767, 18.749813], [72.985876, 18.749899], [72.995892, 18.773548], [72.995121, 18.785279], [72.948079, 18.833133], [72.920235, 18.83649], [72.84278, 18.863276], [72.864129, 18.908123], [72.905832, 18.93608], [72.914405, 18.949877], [72.909104, 18.973351], [72.881753, 18.985715], [72.879716, 18.992955], [72.885725, 19.012073], [72.878243, 19.021936], [72.862476, 19.010062], [72.860137, 18.999223], [72.854321, 18.997203], [72.860537, 18.981471], [72.848846, 18.977747], [72.855205, 18.975961], [72.850282, 18.975646], [72.85339, 18.972586], [72.849057, 18.973523], [72.850068, 18.966511], [72.846038, 18.964813], [72.849172, 18.963277], [72.843372, 18.930295], [72.835592, 18.928437], [72.83798, 18.925638], [72.828001, 18.911749], [72.816992, 18.906906], [72.813491, 18.896571], [72.807782, 18.893987], [72.803537, 18.906182], [72.806209, 18.910656], [72.81673, 18.908796], [72.825595, 18.919446], [72.825868, 18.925775], [72.819945, 18.927872], [72.824086, 18.936076], [72.82223, 18.945278], [72.808952, 18.955457], [72.79282, 18.940673], [72.792497, 18.949906], [72.804058, 18.973667], [72.81376, 18.982956], [72.811107, 19.001516], [72.817461, 19.025564], [72.823027, 19.017399], [72.832602, 19.023681], [72.838765, 19.044441], [72.837808, 19.051938], [72.831781, 19.053246], [72.817013, 19.041474], [72.824449, 19.055843], [72.822992, 19.080045], [72.827982, 19.07739], [72.833223, 19.084831], [72.825891, 19.084732], [72.821185, 19.117422], [72.828697, 19.11662], [72.804444, 19.140739], [72.806078, 19.146653], [72.811555, 19.144773], [72.806846, 19.151451], [72.800508, 19.139554], [72.795526, 19.141394], [72.796995, 19.134487], [72.786073, 19.133521], [72.789692, 19.147332], [72.781642, 19.167885], [72.795783, 19.178904], [72.79544, 19.195332], [72.781726, 19.194334], [72.786052, 19.205233], [72.779999, 19.208575], [72.78143, 19.218088], [72.775741, 19.225024], [72.783708, 19.259256], [72.778908, 19.277038], [72.784429, 19.302438], [72.793654, 19.309699], [72.807577, 19.302158], [72.831168, 19.314634], [72.854637, 19.319099], [72.873005, 19.309555], [72.89749, 19.287981], [72.909257, 19.287628], [72.86897, 19.335919], [72.843563, 19.342395], [72.829164, 19.337481], [72.817116, 19.325354], [72.807237, 19.323705], [72.794921, 19.330476], [72.781921, 19.347038], [72.773197, 19.348547], [72.773815, 19.356944], [72.757744, 19.374027], [72.755034, 19.385893], [72.761537, 19.394127], [72.757194, 19.396202], [72.750678, 19.438596], [72.740352, 19.455122], [72.747541, 19.490512], [72.744313, 19.495712], [72.721519, 19.501306], [72.723471, 19.522986], [72.729635, 19.525354], [72.725033, 19.525806], [72.725542, 19.536538], [72.717337, 19.535375], [72.712515, 19.542609], [72.717136, 19.541374], [72.714835, 19.547188], [72.71962, 19.548945], [72.715892, 19.552954], [72.72009, 19.553581], [72.712862, 19.559369], [72.717144, 19.564151], [72.708874, 19.572933], [72.714933, 19.581278], [72.709354, 19.598149], [72.725361, 19.601307], [72.728358, 19.611586], [72.710225, 19.650554], [72.703562, 19.650659], [72.710308, 19.666537], [72.704145, 19.667739], [72.700213, 19.686482], [72.704027, 19.689473], [72.705553, 19.683611], [72.70883, 19.690871], [72.707809, 19.707848], [72.697287, 19.723158], [72.683995, 19.721284], [72.681037, 19.72486], [72.678078, 19.74165], [72.681559, 19.744974], [72.679392, 19.751525], [72.68517, 19.752531], [72.68506, 19.797235], [72.671693, 19.813707], [72.665942, 19.813661], [72.667624, 19.802194], [72.657825, 19.809423], [72.660876, 19.812402], [72.655064, 19.818937], [72.661731, 19.816579], [72.658605, 19.828536], [72.657962, 19.824581], [72.653464, 19.826939], [72.652099, 19.831125], [72.655956, 19.830591], [72.64857, 19.836469], [72.65171, 19.84573], [72.647694, 19.850119], [72.652114, 19.85027], [72.645855, 19.858538], [72.649551, 19.863938], [72.657784, 19.855775], [72.656659, 19.852276], [72.651679, 19.859353], [72.651034, 19.854408], [72.663034, 19.847552], [72.658387, 19.86148], [72.666468, 19.864847], [72.662383, 19.860493], [72.670112, 19.854], [72.677561, 19.864756], [72.671828, 19.868458], [72.671823, 19.877021], [72.678299, 19.888569], [72.665075, 19.900493], [72.669119, 19.914993], [72.661411, 19.925269], [72.660731, 19.937482], [72.667516, 19.939796], [72.667859, 19.946677], [72.671343, 19.944169], [72.683565, 19.950085], [72.681494, 19.962093], [72.689205, 19.962296], [72.68854, 19.972694], [72.696948, 19.967315], [72.719168, 19.983585], [72.719381, 20.000492], [72.704786, 20.032153], [72.71506, 20.027819], [72.707575, 20.036977], [72.702051, 20.034735], [72.708414, 20.052738], [72.69983, 20.077588], [72.713284, 20.090528], [72.725986, 20.081792], [72.714716, 20.093299], [72.726282, 20.112057], [72.726291, 20.124969], [72.729736, 20.129247], [72.747406, 20.130441], [72.739589, 20.132557], [72.750493, 20.20371], [72.742425, 20.241191], [72.753738, 20.260441], [72.756609, 20.290157], [72.76336, 20.299299], [72.774402, 20.301781], [72.777151, 20.331712], [72.788509, 20.346756], [72.814094, 20.352841], [72.823281, 20.36589], [72.804127, 20.37422], [72.812505, 20.38442], [72.827723, 20.385133], [72.822683, 20.412532], [72.829413, 20.417375], [72.832212, 20.444922], [72.841376, 20.459463], [72.848155, 20.461379], [72.843979, 20.476489], [72.848419, 20.477963], [72.858129, 20.465631], [72.872563, 20.493194], [72.879902, 20.492444], [72.885943, 20.497671], [72.889919, 20.532874], [72.885996, 20.54242], [72.898078, 20.582392], [72.884259, 20.640292], [72.877571, 20.645425], [72.862439, 20.694976], [72.857706, 20.695911], [72.851006, 20.710094], [72.848243, 20.728018], [72.852933, 20.75682], [72.837595, 20.765264], [72.820215, 20.79379], [72.839212, 20.800543], [72.839241, 20.805242], [72.827412, 20.812895], [72.780178, 20.921146], [72.784494, 20.925232], [72.792103, 20.918179], [72.805276, 20.926328], [72.819981, 20.927498], [72.812734, 20.937107], [72.82037, 20.952293], [72.774035, 20.93678], [72.754648, 20.938653], [72.743725, 20.958941], [72.722161, 21.037725], [72.726182, 21.061023], [72.736114, 21.050925], [72.748937, 21.05722], [72.750016, 21.063674], [72.740995, 21.070496], [72.741389, 21.07841], [72.74119, 21.074453], [72.710846, 21.079388], [72.703314, 21.086829], [72.702475, 21.096153], [72.695462, 21.095162], [72.695585, 21.084781], [72.68479, 21.082965], [72.686333, 21.093916], [72.669867, 21.105852], [72.669824, 21.11503], [72.644828, 21.086119], [72.635364, 21.084554], [72.621263, 21.094423], [72.618324, 21.113809], [72.628621, 21.144113], [72.638061, 21.211103], [72.652097, 21.214687], [72.657355, 21.224646], [72.645235, 21.225158], [72.622256, 21.242586], [72.609318, 21.268918], [72.610459, 21.280749], [72.600343, 21.289865], [72.601166, 21.38862], [72.609921, 21.394694], [72.584728, 21.392173], [72.474046, 21.410363], [72.451414, 21.430702], [72.441045, 21.449827], [72.428388, 21.499993], [72.259107, 21.499993], [72.259601, 21.492014], [72.241409, 21.447927], [72.148108, 21.335124], [72.119579, 21.285558], [72.116632, 21.237963], [72.108572, 21.226292], [72.110041, 21.220873], [72.113372, 21.222283], [72.113162, 21.211085], [72.11696, 21.211584], [72.113349, 21.196604], [72.088365, 21.190327], [72.073464, 21.178538], [72.065015, 21.17764], [72.045978, 21.159078], [72.038768, 21.161838], [72.019285, 21.152547], [72.011206, 21.145791], [72.010935, 21.133802], [72.007208, 21.132414], [71.992165, 21.148867], [71.999998, 21.157799], [71.993828, 21.161299], [71.999052, 21.16085], [71.996945, 21.170971], [71.998329, 21.160701], [71.993325, 21.161171], [71.997784, 21.155027], [71.992344, 21.149641], [71.988104, 21.151203], [71.988778, 21.162039], [71.986046, 21.15347], [71.997388, 21.139281], [71.988168, 21.136725], [71.992102, 21.132171], [71.974559, 21.129459], [71.97683, 21.120523], [71.958081, 21.117971], [71.955698, 21.122741], [71.950281, 21.116313], [71.943822, 21.120053], [71.927093, 21.10951], [71.902067, 21.108774], [71.878969, 21.08874], [71.866382, 21.088487], [71.851653, 21.081499], [71.849792, 21.076334], [71.840582, 21.077303], [71.828266, 21.069344], [71.813078, 21.067455], [71.799243, 21.057678], [71.796107, 21.048337], [71.786, 21.055147], [71.792968, 21.047756], [71.80281, 21.048598], [71.806475, 21.038418], [71.780544, 21.039182], [71.777537, 21.037368], [71.7863, 21.033199], [71.784062, 21.029805], [71.765325, 21.02658], [71.763563, 21.021152], [71.753015, 21.022217], [71.750001, 20.99999], [71.702348, 20.9997], [71.703074, 20.996649], [71.686345, 20.999988], [71.689647, 20.994048], [71.674893, 20.98441], [71.672683, 20.991065], [71.67737, 20.995551], [71.652374, 20.99622], [71.636773, 20.980698], [71.650023, 20.978369], [71.647713, 20.974637], [71.617151, 20.966973], [71.618827, 20.977129], [71.617836, 20.973816], [71.607492, 20.977946], [71.61073, 20.966203], [71.600049, 20.962905], [71.596852, 20.96643], [71.592145, 20.959996], [71.565583, 20.948938], [71.55008, 20.952216], [71.533115, 20.943301], [71.5275, 20.950945], [71.516656, 20.948101], [71.503118, 20.926664], [71.506671, 20.918756], [71.499999, 20.920474], [71.505211, 20.917973], [71.488566, 20.913499], [71.479729, 20.897648], [71.451421, 20.896952], [71.434318, 20.888395], [71.431215, 20.890582], [71.445117, 20.938684], [71.451452, 20.942354], [71.451615, 20.952965], [71.434702, 20.96885], [71.430232, 20.981506], [71.384181, 20.975391], [71.380573, 20.968801], [71.368866, 20.976643], [71.362601, 20.99435], [71.356984, 20.995685], [71.344046, 20.973548], [71.33292, 20.969937], [71.331154, 20.957061], [71.336528, 20.94581], [71.341065, 20.946635], [71.33619, 20.933151], [71.328836, 20.931601], [71.297599, 20.950512], [71.293198, 20.960795], [71.281085, 20.960363], [71.275995, 20.967974], [71.280453, 20.974473], [71.27424, 20.991816], [71.263614, 20.992511], [71.245541, 20.97311], [71.238678, 20.974119], [71.234145, 20.963319], [71.218058, 20.956004], [71.205432, 20.926991], [71.189693, 20.922799], [71.184444, 20.926056], [71.177605, 20.919014], [71.19326, 20.902078], [71.190937, 20.895725], [71.17654, 20.887569], [71.179128, 20.88104], [71.188549, 20.873356], [71.204813, 20.873786], [71.214894, 20.850366], [71.212073, 20.840303], [71.223569, 20.815883], [71.203637, 20.79865], [71.207722, 20.792412], [71.157704, 20.779646], [71.145817, 20.761369]], [[68.684571, 23.152189], [68.683662, 23.15225], [68.68321, 23.152387], [68.684393, 23.151884], [68.684571, 23.152189]], [[68.733039, 23.831565], [68.733798, 23.831487], [68.734603, 23.83153], [68.733039, 23.831565]], [[68.621019, 23.205636], [68.62097, 23.205702], [68.621001, 23.205629], [68.621019, 23.205636]]]}}]}